type,id,parent_id,subreddit,author,created_utc,score,text,aspect,sentiment_label,sentiment_confidence,depth,permalink
post,1lw8kty,,Futurology,,1752140631.0,1528,Autonomous robot surgeon removes organs with 100% success rate: world's first surgery performed by a robot responding and learning in real time. Its precision and skill matched that of experienced surgeons. It conducted a gallbladder removal on its own on a realistic human-like model.,autonomous surgery,Supportive of autonomous surgery,0.5725712776184082,0,https://reddit.com/r/Futurology/comments/1lw8kty/autonomous_robot_surgeon_removes_organs_with_100/
comment,n2c6pzi,1lw8kty,Futurology,FuturologyBot,1752142660.0,1,"The following submission statement was provided by /u/mvea:

---

Autonomous robot surgeon removes organs with 100% success rate

We're a step closer to entering an operating theater without any human life besides ours, following the world's first surgery performed by a robot responding and learning in real time. Its precision and skill matched that of experienced surgeons.

Researchers at Johns Hopkins University trained a robot on videos of operations, and then had it conduct a gallbladder removal on its own – with no mechanical help, just voice commands, like a theater team assisting the lead surgeon. Named SRT-H (Surgical Robot Transformer-Hierarchy), the robot absorbed its training and converted it to practice, with the ability to extract the gallbladder time and time again, and adjusting in real-time when needed.

While this study details SRT-H's complete gallbladder removal (cholecystectomy) across eight different surgeries, it's worth noting these were performed on a realistic human-like model, but, understandably, not a human. However, the tissues used in the human-like models closely mimicked ours, and the robot breezed through the operation that required 17 tasks to be performed, each lasting minutes. It was able to identify specific ducts and arteries and grab them precisely, strategically place clips and sever parts with scissors.

Here’s the link to the peer reviewed journal article: 

https://www.science.org/doi/10.1126/scirobotics.adt5254

---

 Please reply to OP's comment here: https://old.reddit.com/r/Futurology/comments/1lw8kty/autonomous_robot_surgeon_removes_organs_with_100/n2c37f2/",autonomous surgery,Supportive of autonomous surgery,0.35998594760894775,1,https://reddit.com/r/Futurology/comments/1lw8kty/autonomous_robot_surgeon_removes_organs_with_100/n2c6pzi/
comment,n2cx2zc,1lw8kty,Futurology,lisb,1752153363.0,170,"This is a very cool development, that I'm sure will continue to take great strides over the coming decades. That being said, this headline is misleading. It doesn't ""remove organs"", as in any organ. This particular project was on cholecystectomy (gallbladder removal). It uses real videos for learning, but it hasn't operated on a real person, but rather only uses models. Any surgeon will tell you that the models never quite fully replicate the real thing and the real challenges. No model I've seen actually feels/behaves like real human tissue, it doesn't bleed, there won't be scar tissue from prior surgeries or prior infection, etc. It's like having a race car driver compete against an AI on Mario kart and then claiming the AI performance matched experienced race car drivers. 

Don't get me wrong, I'm really excited about this! However, I think we're a really long way off from these robots operating independently on the full variability of human anatomy with equivalent outcomes to a human surgeon. I anticipate the first step will be more like driver assistance features (E.g. Warning! You are about to enter the left hepatic artery. Would you like to proceed?) 

Source: I'm a robotic surgeon.
Disclaimer: I did not pay for the full scientific article so my assessment is based on the researcher's abstract.",autonomous surgery,Cautious or mixed about autonomous surgery,0.5059935450553894,1,https://reddit.com/r/Futurology/comments/1lw8kty/autonomous_robot_surgeon_removes_organs_with_100/n2cx2zc/
comment,n2db3em,n2cx2zc,Futurology,Brilliant_Oil5261,1752157646.0,65,I just had this procedure a couple of weeks ago. Unexpectedly they found that my gallbladder was covered with scar tissue and it made the procedure much more complicated. That’s when a person is happy to have an experienced surgeon lol,autonomous surgery,Cautious or mixed about autonomous surgery,0.33902767300605774,2,https://reddit.com/r/Futurology/comments/1lw8kty/autonomous_robot_surgeon_removes_organs_with_100/n2db3em/
comment,n2h8bfi,n2db3em,Futurology,NuffSaidToughBread,1752200217.0,-6,Orrrrrrrrrrr..... that's their coverup story.,autonomous surgery,Cautious or mixed about autonomous surgery,0.7169119715690613,3,https://reddit.com/r/Futurology/comments/1lw8kty/autonomous_robot_surgeon_removes_organs_with_100/n2h8bfi/
comment,n2enri8,n2cx2zc,Futurology,nopentospin,1752171168.0,29,A medic fried once explained to me that all bodies are different. That's why it's common to have multiple surgeons present for any mayor surgery. You always find something strange once you open someone up. That's why body models never replaced usage of actual corpses for medical training,autonomous surgery,Cautious or mixed about autonomous surgery,0.49675992131233215,2,https://reddit.com/r/Futurology/comments/1lw8kty/autonomous_robot_surgeon_removes_organs_with_100/n2enri8/
comment,n2fg7hq,n2enri8,Futurology,Hypothesis_Null,1752179324.0,17,"> It doesn't ""remove organs""

People in ice-filled bathtubs hate this one cool robot.",autonomous surgery,Cautious or mixed about autonomous surgery,0.47710853815078735,3,https://reddit.com/r/Futurology/comments/1lw8kty/autonomous_robot_surgeon_removes_organs_with_100/n2fg7hq/
comment,n2gex6g,n2cx2zc,Futurology,deleted,1752190020.0,8,[removed],autonomous surgery,Cautious or mixed about autonomous surgery,0.3730466067790985,2,https://reddit.com/r/Futurology/comments/1lw8kty/autonomous_robot_surgeon_removes_organs_with_100/n2gex6g/
comment,n2hbhmv,n2gex6g,Futurology,lisb,1752201372.0,4,"We have started talking about this as a surgical society. Many people are working on making better simulations so that hopefully that can help with training residents. There's also many surgeries that must be done open (removal of large tumors, large organ transplants, traumas, placing trocars, closing skin, conversion to open when things go sideways, etc) so learners should always have at least some real life exposure. 

It's interesting to think about what a surgeon's role may be in 100 years. Perhaps akin to a pilot where a human does some things and the robot does other things with the human on standby in case they need to step in? I guess we'll see, or at least our children and grandchildren will see!",autonomous surgery,Cautious or mixed about autonomous surgery,0.6510921120643616,3,https://reddit.com/r/Futurology/comments/1lw8kty/autonomous_robot_surgeon_removes_organs_with_100/n2hbhmv/
comment,n2gjis5,n2cx2zc,Futurology,I-seddit,1752191558.0,3,"Came to say the same thing, but much more poorly.  I'm tired of simulations being spoken of like they are the reality.  
Horrific reporting, imho.",autonomous surgery,Cautious or mixed about autonomous surgery,0.5219765901565552,2,https://reddit.com/r/Futurology/comments/1lw8kty/autonomous_robot_surgeon_removes_organs_with_100/n2gjis5/
comment,n2iz61z,n2cx2zc,Futurology,CutsAPromo,1752230838.0,2,Do you think something like the automated surgery machine from prometheus will be possible in 100 years?,autonomous surgery,Cautious or mixed about autonomous surgery,0.5656893849372864,2,https://reddit.com/r/Futurology/comments/1lw8kty/autonomous_robot_surgeon_removes_organs_with_100/n2iz61z/
comment,n2q487w,n2iz61z,Futurology,lisb,1752327067.0,5,"Ha! I doubt it will look anything like the robot in Prometheus (I actually had to look up that movie scene). I'm pretty confident that in 30 years I'll still have a job in the operating room. Honestly 100 years is such a long way off that I find it hard to conceptualize what medicine might look like by then. If a surgeon from 100 years ago saw what we were doing today they would be absolutely astounded, as these surgery robots, imaging tools, medications, and new technologies would have been beyond their wildest dreams. I hope I live long enough to see some of the really cool progress that is still to come!",autonomous surgery,Cautious or mixed about autonomous surgery,0.5244346261024475,3,https://reddit.com/r/Futurology/comments/1lw8kty/autonomous_robot_surgeon_removes_organs_with_100/n2q487w/
comment,n2c4fhp,1lw8kty,Futurology,ArtieTheFashionDemon,1752141440.0,169,"Awesome! You guys are gonna teach it to put them back in too, right?

Right?",autonomous surgery,Supportive of autonomous surgery,0.35033848881721497,1,https://reddit.com/r/Futurology/comments/1lw8kty/autonomous_robot_surgeon_removes_organs_with_100/n2c4fhp/
comment,n2cgbxg,n2c4fhp,Futurology,finicky88,1752147172.0,86,Generally not part of surgeries ending in -ectomy.,autonomous surgery,Cautious or mixed about autonomous surgery,0.4613012969493866,2,https://reddit.com/r/Futurology/comments/1lw8kty/autonomous_robot_surgeon_removes_organs_with_100/n2cgbxg/
comment,n2cqb6q,n2cgbxg,Futurology,Logan_No_Fingers,1752151049.0,48,"I'm loving the idea that they perfect a robot that can flawlessly cut out cancer. 

But it keeps putting the cancer back in after because someone thought that was important & programmed it that way",autonomous surgery,Supportive of autonomous surgery,0.4172873795032501,3,https://reddit.com/r/Futurology/comments/1lw8kty/autonomous_robot_surgeon_removes_organs_with_100/n2cqb6q/
comment,n2dopre,n2cgbxg,Futurology,LetMeThinkAMinute,1752161478.0,3,What about ones ending in in-to-me?,autonomous surgery,Cautious or mixed about autonomous surgery,0.6473687887191772,3,https://reddit.com/r/Futurology/comments/1lw8kty/autonomous_robot_surgeon_removes_organs_with_100/n2dopre/
comment,n2cjm1t,n2cgbxg,Futurology,zelmorrison,1752148512.0,2,...why is this comment funny? I feel bad for laughing lmao,autonomous surgery,Cautious or mixed about autonomous surgery,0.399798184633255,3,https://reddit.com/r/Futurology/comments/1lw8kty/autonomous_robot_surgeon_removes_organs_with_100/n2cjm1t/
comment,n2d4rc1,n2cgbxg,Futurology,trukkija,1752155769.0,1,Well maybe the robots can do the -ectomy part and then transplant the same organ back into the first human test subjects as part of their training? Or maybe I need to stop coming up with ideas...,autonomous surgery,Cautious or mixed about autonomous surgery,0.7107287645339966,3,https://reddit.com/r/Futurology/comments/1lw8kty/autonomous_robot_surgeon_removes_organs_with_100/n2d4rc1/
comment,n2ev337,n2c4fhp,Futurology,wggn,1752173250.0,3,The great harvest has begun,autonomous surgery,Neutral or informational about autonomous surgery,0.570850133895874,2,https://reddit.com/r/Futurology/comments/1lw8kty/autonomous_robot_surgeon_removes_organs_with_100/n2ev337/
comment,n2c5f47,n2c4fhp,Futurology,deleted,1752141973.0,2,Only approved to remove appendices 😂,autonomous surgery,Supportive of autonomous surgery,0.40597352385520935,2,https://reddit.com/r/Futurology/comments/1lw8kty/autonomous_robot_surgeon_removes_organs_with_100/n2c5f47/
comment,n2fasia,n2c4fhp,Futurology,ovirt001,1752177780.0,2,"Sir, this is China.",autonomous surgery,Neutral or informational about autonomous surgery,0.39105501770973206,2,https://reddit.com/r/Futurology/comments/1lw8kty/autonomous_robot_surgeon_removes_organs_with_100/n2fasia/
comment,n2fl2k6,n2c4fhp,Futurology,criticalpwnage,1752180712.0,2,I can finally automate my organ harvesting operation!,autonomous surgery,Supportive of autonomous surgery,0.7577393651008606,2,https://reddit.com/r/Futurology/comments/1lw8kty/autonomous_robot_surgeon_removes_organs_with_100/n2fl2k6/
comment,n2cxvd3,n2c4fhp,Futurology,FirstEvolutionist,1752153619.0,4,"Defintion useful for kidneys. And for the black market too, if you think about it...",autonomous surgery,Neutral or informational about autonomous surgery,0.7473996877670288,2,https://reddit.com/r/Futurology/comments/1lw8kty/autonomous_robot_surgeon_removes_organs_with_100/n2cxvd3/
comment,n2dcrhf,n2c4fhp,Futurology,gryffon5147,1752158130.0,2,And that's how the Robot Wars began....,autonomous surgery,Opposed to autonomous surgery,0.5982829928398132,2,https://reddit.com/r/Futurology/comments/1lw8kty/autonomous_robot_surgeon_removes_organs_with_100/n2dcrhf/
comment,n2c7czg,1lw8kty,Futurology,Ok_Possible_2260,1752142994.0,46,An ape with a chainsaw can remove organs with 100% success rate.,autonomous surgery,Neutral or informational about autonomous surgery,0.4750673770904541,1,https://reddit.com/r/Futurology/comments/1lw8kty/autonomous_robot_surgeon_removes_organs_with_100/n2c7czg/
comment,n2ckpp3,n2c7czg,Futurology,skwint,1752148950.0,10,"I think you'll find that apes used chainsaws for [childbirth](https://en.wikipedia.org/wiki/Chainsaw#In_surgery), not organ removal.",autonomous surgery,Cautious or mixed about autonomous surgery,0.5275893211364746,2,https://reddit.com/r/Futurology/comments/1lw8kty/autonomous_robot_surgeon_removes_organs_with_100/n2ckpp3/
comment,n2djp7m,n2ckpp3,Futurology,ragnaroksunset,1752160093.0,1,"There's a sense in which childbirth is organ removal, no?",autonomous surgery,Cautious or mixed about autonomous surgery,0.6811227202415466,3,https://reddit.com/r/Futurology/comments/1lw8kty/autonomous_robot_surgeon_removes_organs_with_100/n2djp7m/
comment,n2is7k4,n2c7czg,Futurology,deleted,1752227255.0,1,[removed],autonomous surgery,Cautious or mixed about autonomous surgery,0.3730466067790985,2,https://reddit.com/r/Futurology/comments/1lw8kty/autonomous_robot_surgeon_removes_organs_with_100/n2is7k4/
comment,n2c9igp,1lw8kty,Futurology,Major_Boot2778,1752144081.0,24,I wonder if they'll do cadaver training and testing next. This has enormous implications both for healthcare and accountability as well as the cost and availability of healthcare.,autonomous surgery,Cautious or mixed about autonomous surgery,0.6345568299293518,1,https://reddit.com/r/Futurology/comments/1lw8kty/autonomous_robot_surgeon_removes_organs_with_100/n2c9igp/
comment,n2cgnhr,n2c9igp,Futurology,finicky88,1752147310.0,18,"Yeah tbf I wouldn't mind getting surgery from a robot if it's a routine procedure. Keeps the human surgeons free for especially complicated stuff and general improvement of treatment/aftercare.

I'm excited to see where neural networks will go, especially in the medical field.",autonomous surgery,Supportive of autonomous surgery,0.49517256021499634,2,https://reddit.com/r/Futurology/comments/1lw8kty/autonomous_robot_surgeon_removes_organs_with_100/n2cgnhr/
comment,n2d1iwr,n2cgnhr,Futurology,Major_Boot2778,1752154795.0,0,"I agree, and that's the early stages. If AI progresses a fraction as far as is believed it will, without even considering how rapidly it's advancing, even complex surgeries will be possible. I very, very much think the Star Trek economy future is what lies in store for us.

To note: I'm not a Star Trek fan and have seen very little, I just know this comparison is useful and widely known, so if you try to talk to me about season 37 episode 13 or something, I have no idea lol",autonomous surgery,Neutral or informational about autonomous surgery,0.3834032416343689,3,https://reddit.com/r/Futurology/comments/1lw8kty/autonomous_robot_surgeon_removes_organs_with_100/n2d1iwr/
comment,n2cka3g,n2cgnhr,Futurology,zelmorrison,1752148778.0,1,I'm mildly amused because I wrote in a scifi novella about a robot surgeon casually talking with her patient while operating and then I saw this lol,autonomous surgery,Neutral or informational about autonomous surgery,0.4662572741508484,3,https://reddit.com/r/Futurology/comments/1lw8kty/autonomous_robot_surgeon_removes_organs_with_100/n2cka3g/
comment,n2cltb2,n2cgnhr,Futurology,MatsNorway85,1752149379.0,-1,You assume your body is identical to what it trained on.,autonomous surgery,Neutral or informational about autonomous surgery,0.4341388940811157,3,https://reddit.com/r/Futurology/comments/1lw8kty/autonomous_robot_surgeon_removes_organs_with_100/n2cltb2/
comment,n2cjyn2,n2c9igp,Futurology,alotmorealots,1752148651.0,16,"A few concerns:

(Edit: see below comment)

~~>  trained a robot on videos of operations~~

~~This means it is working from a 2D basis, when surgery is not a 2D activity.~~

~~More specifically, the ""emergent underlying model"" (i.e. what all the weights resulting from the training create in abstract ""space"") is not a match for the actual model of reality.~~

Ultimately though, the real issue is that you still need a human surgeon on stand-by for errors that need intervention, including the uncommon, but very real life threatening emergencies that can kill a patient in a matter of minutes. 

Moreover though, it would have been trained on straight forward cases, which aren't really where you need the specialist surgeons anyway, instead advanced trainees are perfectly capable of performing these by themselves. 

It's also worth noting that anesthetic staff requirements and literal operating theatre rooms plus resources, equipment and room sterilizing, and restocking etc are all limiting factors in how much real world impact successful AI surgery would have on routine case load. 

Not saying we won't get there eventually, just highlighting many of the real world parameters that aren't obvious unless you've worked in OT.",autonomous surgery,Cautious or mixed about autonomous surgery,0.722949743270874,2,https://reddit.com/r/Futurology/comments/1lw8kty/autonomous_robot_surgeon_removes_organs_with_100/n2cjyn2/
comment,n2ctiv7,n2cjyn2,Futurology,lisb,1752152174.0,6,"It was actually trained using the Da Vinci robot, which has 3D vision, like a VR headset does. It uses two camera lenses to achieve this.",autonomous surgery,Neutral or informational about autonomous surgery,0.46576541662216187,3,https://reddit.com/r/Futurology/comments/1lw8kty/autonomous_robot_surgeon_removes_organs_with_100/n2ctiv7/
comment,n2cy5sl,n2cjyn2,Futurology,Major_Boot2778,1752153712.0,4,"I said I wonder if they'll do cadaver training. You skipped a few steps ahead to point out problems but not far enough ahead to imagine solutions. It's obvious that it still needs a lot of work, otherwise we'd have cosmetic surgery on every other street corner for an hours wages, and people would go in for preventative heart transplants as lab grown organ research would explode with demand offered by affordable surgery for all. Yes, there's a long way to go and I think some of the problems that you posit are a little short sighted while the others will indeed take some figuring out - I also wonder about anomalous anatomical circumstances where reason and adaptation are necessary, but those are things that will come in time. For me it's not a question of if but when, and this is just the beginning of a very, very different world that I think is coming in the very near future. For right now, though, I wonder if study, videos, training, coaching and a dummy, might benefit from all of that same stuff but by replacing the dummies with cadavers.",autonomous surgery,Cautious or mixed about autonomous surgery,0.5976296067237854,3,https://reddit.com/r/Futurology/comments/1lw8kty/autonomous_robot_surgeon_removes_organs_with_100/n2cy5sl/
comment,n2drvj2,n2cjyn2,Futurology,SpleenMerchant11,1752162374.0,2,"Sorry, your insurance only covers the robot.",autonomous surgery,Cautious or mixed about autonomous surgery,0.5224140882492065,3,https://reddit.com/r/Futurology/comments/1lw8kty/autonomous_robot_surgeon_removes_organs_with_100/n2drvj2/
comment,n2e186t,n2c9igp,Futurology,pcw3187,1752165007.0,-1,Check yes to be organ donor. Robot has new beta program to try. Goes horribly wrong and butchers your corpse. They throw your body in incinerator. Yay,autonomous surgery,Cautious or mixed about autonomous surgery,0.5061189532279968,2,https://reddit.com/r/Futurology/comments/1lw8kty/autonomous_robot_surgeon_removes_organs_with_100/n2e186t/
comment,n2fdxk3,n2e186t,Futurology,Major_Boot2778,1752178679.0,2,"You know you can literally donate your body to science, and a lot of people do, right? Where do you think they get cadavers for med students? Why is it ok to spend endless cadavers on med students but not on a robot med student who can duplicate and pass along the knowledge infinitely after learning a single time?",autonomous surgery,Cautious or mixed about autonomous surgery,0.6091962456703186,3,https://reddit.com/r/Futurology/comments/1lw8kty/autonomous_robot_surgeon_removes_organs_with_100/n2fdxk3/
post,4saxmk,,todayilearned,,1468244048.0,6128,"TIL that a robot recently performed the world's first autonomous soft-tissue surgery without any assistance from doctors, and did so while outperforming human doctors by every metric except for speed.",autonomous surgery,Cautious or mixed about autonomous surgery,0.6343565583229065,0,https://reddit.com/r/todayilearned/comments/4saxmk/til_that_a_robot_recently_performed_the_worlds/
comment,d580ov8,4saxmk,todayilearned,zeralesaar,1468254371.0,424,I find it interesting that robots to replace *surgeons* are seemingly developing faster than robots to replace workers in more common and less specialized positions.,autonomous surgery,Cautious or mixed about autonomous surgery,0.6543691158294678,1,https://reddit.com/r/todayilearned/comments/4saxmk/til_that_a_robot_recently_performed_the_worlds/d580ov8/
comment,d5829jh,d580ov8,todayilearned,dinosaurs_quietly,1468256442.0,385,Surgeons are a hell of a lot more expensive and it's more critical that they do the job very well.,autonomous surgery,Cautious or mixed about autonomous surgery,0.46112060546875,2,https://reddit.com/r/todayilearned/comments/4saxmk/til_that_a_robot_recently_performed_the_worlds/d5829jh/
comment,d584duw,d5829jh,todayilearned,deleted,1468259230.0,112,">it's more critical that they do the job very well.

That is his point.",autonomous surgery,Cautious or mixed about autonomous surgery,0.3220413327217102,3,https://reddit.com/r/todayilearned/comments/4saxmk/til_that_a_robot_recently_performed_the_worlds/d584duw/
comment,d58mmpw,d5829jh,todayilearned,methamp,1468285415.0,2,"In the future, I hope to get surgery level skills making my burger.

*beep bop boop*",autonomous surgery,Cautious or mixed about autonomous surgery,0.3489570617675781,3,https://reddit.com/r/todayilearned/comments/4saxmk/til_that_a_robot_recently_performed_the_worlds/d58mmpw/
comment,d584d2f,d5829jh,todayilearned,deleted,1468259201.0,4,Yes I would love to see this happen. Maybe by luck it'll cut down on healthcare costs in the us. Or maybe they'll just find other ways to keep prices the same,autonomous surgery,Neutral or informational about autonomous surgery,0.40353909134864807,3,https://reddit.com/r/todayilearned/comments/4saxmk/til_that_a_robot_recently_performed_the_worlds/d584d2f/
comment,d58lwzv,d5829jh,todayilearned,Hypocritical_Oath,1468284248.0,1,They also don't have massive unions.,autonomous surgery,Neutral or informational about autonomous surgery,0.5000759363174438,3,https://reddit.com/r/todayilearned/comments/4saxmk/til_that_a_robot_recently_performed_the_worlds/d58lwzv/
comment,d58w2zr,d5829jh,todayilearned,Griever_VIII,1468302657.0,1,There's also a lot less of them. So much money could be saved by not having to pay wages and using robots instead.,autonomous surgery,Cautious or mixed about autonomous surgery,0.3459658920764923,3,https://reddit.com/r/todayilearned/comments/4saxmk/til_that_a_robot_recently_performed_the_worlds/d58w2zr/
comment,d5960lv,d5829jh,todayilearned,deleted,1468331054.0,1,"And having a trained surgeon is not practical in every situation.

Some future version of one of these things could be standard equipment for Antarctic bases as an emergency option if the surgeon needs surgery. Which will be better than [a surgeon being forced to remove his own appendix because nobody else can](http://www.theatlantic.com/technology/archive/2011/03/antarctica-1961-a-soviet-surgeon-has-to-remove-his-own-appendix/72445/).",autonomous surgery,Cautious or mixed about autonomous surgery,0.5424558520317078,3,https://reddit.com/r/todayilearned/comments/4saxmk/til_that_a_robot_recently_performed_the_worlds/d5960lv/
comment,d580z3j,d580ov8,todayilearned,NotThisFucker,1468254748.0,14,"""Sometimes you gotta run before you can walk.""

*crashes into ceiling*",autonomous surgery,Cautious or mixed about autonomous surgery,0.49870216846466064,2,https://reddit.com/r/todayilearned/comments/4saxmk/til_that_a_robot_recently_performed_the_worlds/d580z3j/
comment,d584pus,d580ov8,todayilearned,OneoftheChosen,1468259669.0,35,Not trying to be rude but have you been to a modern factory anywhere ever? Robots are replacing people on the lines by the thousands per day.,autonomous surgery,Neutral or informational about autonomous surgery,0.4214082360267639,2,https://reddit.com/r/todayilearned/comments/4saxmk/til_that_a_robot_recently_performed_the_worlds/d584pus/
comment,d589lhe,d584pus,todayilearned,deleted,1468266083.0,18,[deleted],autonomous surgery,Cautious or mixed about autonomous surgery,0.6064028143882751,3,https://reddit.com/r/todayilearned/comments/4saxmk/til_that_a_robot_recently_performed_the_worlds/d589lhe/
comment,d586nj7,d580ov8,todayilearned,deleted,1468262186.0,7,"I find it scary that maybe one day, we'll have complete dependence on machines without humans to act as back up, just in case everything goes to shit.

E: Word. Yes we already depend on machines but I'm talking to a greater extent.",autonomous surgery,Cautious or mixed about autonomous surgery,0.4622388184070587,2,https://reddit.com/r/todayilearned/comments/4saxmk/til_that_a_robot_recently_performed_the_worlds/d586nj7/
comment,d58eqo9,d586nj7,todayilearned,thedugong,1468273074.0,7,We already depend on machines.,autonomous surgery,Neutral or informational about autonomous surgery,0.5999338030815125,3,https://reddit.com/r/todayilearned/comments/4saxmk/til_that_a_robot_recently_performed_the_worlds/d58eqo9/
comment,d58rh9o,d586nj7,todayilearned,deleted,1468293269.0,3,"""Everything goes to shit"" is not any more likely with machines as a whole, than it is with humans. 

Machines are our extension, not something separate from us.",autonomous surgery,Neutral or informational about autonomous surgery,0.44368910789489746,3,https://reddit.com/r/todayilearned/comments/4saxmk/til_that_a_robot_recently_performed_the_worlds/d58rh9o/
comment,d586y40,d586nj7,todayilearned,faztic,1468262575.0,2,Thats when you call the automation engineers. They'll fix it,autonomous surgery,Neutral or informational about autonomous surgery,0.5560820698738098,3,https://reddit.com/r/todayilearned/comments/4saxmk/til_that_a_robot_recently_performed_the_worlds/d586y40/
comment,d61i2kj,d586nj7,todayilearned,deleted,1470169207.0,1,Quite scary that we are dependent on humans which can be corrupt or try to hurt other people (basically have free will). Machines will do whatever they're built for most of the time.,autonomous surgery,Cautious or mixed about autonomous surgery,0.756089985370636,3,https://reddit.com/r/todayilearned/comments/4saxmk/til_that_a_robot_recently_performed_the_worlds/d61i2kj/
comment,d588dq5,d580ov8,todayilearned,EphemeralMemory,1468264486.0,24,"One thing: machines will *not* replace surgeons. They may be able to replicate some procedures, but I don't think they will ever replace surgeons on the whole.

This was also not even remotely comparable to human surgery. There is a lot of patient variability that would throw any machine for a spin for even simple procedures at the moment.

The tech is improving, but its not going to be replacing surgeons. If only for the reason that people don't want machines doing the surgery.",autonomous surgery,Cautious or mixed about autonomous surgery,0.4477020502090454,2,https://reddit.com/r/todayilearned/comments/4saxmk/til_that_a_robot_recently_performed_the_worlds/d588dq5/
comment,d5891zx,d588dq5,todayilearned,Fragatta,1468265372.0,36,"Ever is a long time, pong was written less than 50 years ago, now a computer has performed surgery autonomously.

Give it 100, maybe 200 years and computers will be doing every job possible.",autonomous surgery,Cautious or mixed about autonomous surgery,0.48849594593048096,3,https://reddit.com/r/todayilearned/comments/4saxmk/til_that_a_robot_recently_performed_the_worlds/d5891zx/
comment,d58g5kp,d588dq5,todayilearned,Randomguynumber101,1468275145.0,6,"100% agree.  People think it's as simple as making X, Y, and Z functions in surgery.  There's a lot of variability and adjustments that need to be done in the OR.

The easiest example I can come up with are EKG's.  Once measured, the machine will also churn out its own diagnoses.  Every physician I know doesn't even look at that because it's faulty and wrong half the time.  And that's just reading squiggly lines.  Imagine a machine having to make judgement calls to figure out if a patient needs just the aortic valve replaced vs. multiple valves (which I've seen a surgeon have to make that decision in the OR itself, not with the echo).",autonomous surgery,Supportive of autonomous surgery,0.34125545620918274,3,https://reddit.com/r/todayilearned/comments/4saxmk/til_that_a_robot_recently_performed_the_worlds/d58g5kp/
comment,d58ga8p,d588dq5,todayilearned,pirateninjamonkey,1468275344.0,2,Lol.  Yeah maybe not old people today.  If their stats are better everyone under 35 wont care if a machine does their surgery.,autonomous surgery,Cautious or mixed about autonomous surgery,0.39629921317100525,3,https://reddit.com/r/todayilearned/comments/4saxmk/til_that_a_robot_recently_performed_the_worlds/d58ga8p/
comment,d58bux2,d588dq5,todayilearned,callmesaul8889,1468269098.0,2,"> One thing: machines will not replace surgeons. They may be able to replicate some procedures, but I don't think they will ever replace surgeons on the whole.

The thing is... surgeons are just machines... Humans are more complex (currently) than any robots we can build, but I'm pretty confident that's not going to be the case for very long. I understand there's a trust factor with having another human perform the operation, but to think that a brain and a hand is better off than a highly specialized and super-intelligent robot is kinda crazy. 

We're getting closer and closer to super-intelligence. Once we achieve it, humans and our small brains will be no match for what we will be able to create. I see the same reservations about self-driving cars, but when you begin to understand how fast neural networks can learn, you realize that we're nearly at a tipping point for full scale automation.  

Just my opinion, though. It's all speculation at this point.",autonomous surgery,Cautious or mixed about autonomous surgery,0.5191345810890198,3,https://reddit.com/r/todayilearned/comments/4saxmk/til_that_a_robot_recently_performed_the_worlds/d58bux2/
comment,d58znen,d588dq5,todayilearned,just_saying42,1468313410.0,1,"> If only for the reason that people don't want machines doing the surgery.

I'll take the robot, thanks.",autonomous surgery,Cautious or mixed about autonomous surgery,0.5075103640556335,3,https://reddit.com/r/todayilearned/comments/4saxmk/til_that_a_robot_recently_performed_the_worlds/d58znen/
comment,d58ebq6,d588dq5,todayilearned,qwertydvorak69,1468272479.0,0,"> If only for the reason that people don't want machines doing the surgery.  

You assume people will be given a choice.  Insurance companies will decide because it will be cheaper.",autonomous surgery,Cautious or mixed about autonomous surgery,0.5530447363853455,3,https://reddit.com/r/todayilearned/comments/4saxmk/til_that_a_robot_recently_performed_the_worlds/d58ebq6/
comment,d58gm3p,d588dq5,todayilearned,strangeelement,1468275850.0,-2,"And mankind will never move faster than a speeding horse.

There are too many advantages to replace doctors with AI and robots, their cost being one of many. It will happen and it will be as impactful as the germ theory of disease.

Within ten years AI doctors will outperform human doctors in every single aspect, even bed-side manner. They won't replace them in that time frame, but they will already be vastly superior.",autonomous surgery,Cautious or mixed about autonomous surgery,0.44071164727211,3,https://reddit.com/r/todayilearned/comments/4saxmk/til_that_a_robot_recently_performed_the_worlds/d58gm3p/
comment,d582v1u,d580ov8,todayilearned,spitfire9107,1468257231.0,5,Certain positions like Waitress or Cashier can easily be replaced by robots but some choose not to because most customers prefer a human over a robot.  In t he case of surgeons if the robot performs the surgery better than a human it's  a better investment because it's one job that leaves the smallest room for error.   How about robots replacing police officers? Would that be a good idea?,autonomous surgery,Cautious or mixed about autonomous surgery,0.44426703453063965,2,https://reddit.com/r/todayilearned/comments/4saxmk/til_that_a_robot_recently_performed_the_worlds/d582v1u/
comment,d586sgh,d582v1u,todayilearned,RonnieReagansGhost,1468262365.0,4,They will just blow people up.,autonomous surgery,Opposed to autonomous surgery,0.6424970030784607,3,https://reddit.com/r/todayilearned/comments/4saxmk/til_that_a_robot_recently_performed_the_worlds/d586sgh/
comment,d586sb3,d582v1u,todayilearned,deleted,1468262358.0,-3,"A waitress can definitely NOT be replaced by a robot.  
Unless the robot looks and acts exactly like a human.",autonomous surgery,Opposed to autonomous surgery,0.33310192823410034,3,https://reddit.com/r/todayilearned/comments/4saxmk/til_that_a_robot_recently_performed_the_worlds/d586sb3/
comment,d581p9f,d580ov8,todayilearned,Flemtality,1468255703.0,8,It's very strange. It makes me wonder if they could potentially be avoiding replacing jobs in certain sectors to delay the inevitable effect it will have on the economy.,autonomous surgery,Cautious or mixed about autonomous surgery,0.6299152374267578,2,https://reddit.com/r/todayilearned/comments/4saxmk/til_that_a_robot_recently_performed_the_worlds/d581p9f/
comment,d581ze9,d581p9f,todayilearned,northfrank,1468256074.0,13,Is it really so strange when you consider how much surgeons cost a hospital or how much the medical industry is worth.,autonomous surgery,Neutral or informational about autonomous surgery,0.4407908022403717,3,https://reddit.com/r/todayilearned/comments/4saxmk/til_that_a_robot_recently_performed_the_worlds/d581ze9/
comment,d583kyj,d581p9f,todayilearned,deleted,1468258179.0,4,"Not that strange, humans get tired, make mistakes and get paid 100s of thousands of dollars to do a job a robot can do better.  If you had the option of letting your family member being operated on by the guy who has been up for 20 hours strait do the surgery or the robot that can't get tired and has a better success rate do the job, which would you choose?",autonomous surgery,Cautious or mixed about autonomous surgery,0.4504517614841461,3,https://reddit.com/r/todayilearned/comments/4saxmk/til_that_a_robot_recently_performed_the_worlds/d583kyj/
comment,d585x7x,d581p9f,todayilearned,deleted,1468261241.0,6,"I was told that automation would leave the common man more free time... 

WHERE IS MY FUCKING ROSIE THE ROBOT! I WAS PROMISED A ROBOT MAID",autonomous surgery,Cautious or mixed about autonomous surgery,0.6312931180000305,3,https://reddit.com/r/todayilearned/comments/4saxmk/til_that_a_robot_recently_performed_the_worlds/d585x7x/
comment,d587aly,d580ov8,todayilearned,dippman,1468263039.0,2,Surgeons don't have huge unions,autonomous surgery,Neutral or informational about autonomous surgery,0.46021202206611633,2,https://reddit.com/r/todayilearned/comments/4saxmk/til_that_a_robot_recently_performed_the_worlds/d587aly/
comment,d58i414,d587aly,todayilearned,thespot84,1468278137.0,0,"um, the AMA?",autonomous surgery,Neutral or informational about autonomous surgery,0.49392691254615784,3,https://reddit.com/r/todayilearned/comments/4saxmk/til_that_a_robot_recently_performed_the_worlds/d58i414/
comment,d5897df,d580ov8,todayilearned,t0b4cc02,1468265563.0,2,"additionally to the other suggestions, a big part is probably precision.

machines can be very precise.",autonomous surgery,Neutral or informational about autonomous surgery,0.40258756279945374,2,https://reddit.com/r/todayilearned/comments/4saxmk/til_that_a_robot_recently_performed_the_worlds/d5897df/
comment,d58dc13,d580ov8,todayilearned,ill_do_it-later,1468271081.0,2,"Not to worry.  They're going to be doing everything in time.  Catch ""Humans Need Not Apply"" on youtube.",autonomous surgery,Neutral or informational about autonomous surgery,0.4310222268104553,2,https://reddit.com/r/todayilearned/comments/4saxmk/til_that_a_robot_recently_performed_the_worlds/d58dc13/
comment,d583jol,d580ov8,todayilearned,Lost_in_costco,1468258133.0,2,"I don't. Workers in common positions, like waiters it's easy to find somebody that can do the work with minimal error. As robots are usually used to reduce error rate. With medicine having steep consequences of error it's not so surprising to try to eliminate the single largest contributor to hospital mortality, human error. 

Whats the incentive to cut out a minimum wage employee with a so easy anyone can do it job? Sure you save some money but eh it's pennies really.",autonomous surgery,Cautious or mixed about autonomous surgery,0.5300056338310242,2,https://reddit.com/r/todayilearned/comments/4saxmk/til_that_a_robot_recently_performed_the_worlds/d583jol/
comment,d5860ld,d583jol,todayilearned,applesauceyes,1468261363.0,2,"You're thinking of replacing employees at a single store? Imaging an enormous chain like McDonald with only a handful of employees per store, would save millions",autonomous surgery,Cautious or mixed about autonomous surgery,0.4800448715686798,3,https://reddit.com/r/todayilearned/comments/4saxmk/til_that_a_robot_recently_performed_the_worlds/d5860ld/
comment,d58cnir,d580ov8,todayilearned,deleted,1468270157.0,1,"Shortage of vital health care workers, especially surgeons.",autonomous surgery,Cautious or mixed about autonomous surgery,0.4862624704837799,2,https://reddit.com/r/todayilearned/comments/4saxmk/til_that_a_robot_recently_performed_the_worlds/d58cnir/
comment,d58eyfm,d580ov8,todayilearned,deleted,1468273383.0,1,"Well one requires pinpoint precision and is taxing on the mind. Much better job to replace for machines. Also, many more common jobs are people-facing which doesn't really work with robots.",autonomous surgery,Neutral or informational about autonomous surgery,0.4642010033130646,2,https://reddit.com/r/todayilearned/comments/4saxmk/til_that_a_robot_recently_performed_the_worlds/d58eyfm/
comment,d58gl9f,d580ov8,todayilearned,JakkSergal,1468275815.0,1,A Medical Hospital rakes in a lot of money and is more likely to buy a million dollar robot surgeon while a medium-sized business out there isn't likely to buy a ten-thousand dollar robot to do a basic task.,autonomous surgery,Cautious or mixed about autonomous surgery,0.5162262916564941,2,https://reddit.com/r/todayilearned/comments/4saxmk/til_that_a_robot_recently_performed_the_worlds/d58gl9f/
comment,d58kie4,d580ov8,todayilearned,georgep1471,1468281986.0,1,"I would argue that it's a political and economic decision, the technology definitely exists in 2016 and so here is my point. I'm just referring to Europe and the US here but how many hundreds of millions of people are employed in some form of low skilled work? To automate ALL of these occupations would cause political uproar and several economic turmoil (effecting the poor people that is) and so to stop this automation revolution the western governments are appeasing employers by making sure it is more profitable to employ man rather than machine.",autonomous surgery,Cautious or mixed about autonomous surgery,0.5030991435050964,2,https://reddit.com/r/todayilearned/comments/4saxmk/til_that_a_robot_recently_performed_the_worlds/d58kie4/
comment,d58lwq8,d580ov8,todayilearned,stealthgerbil,1468284235.0,1,"Think of how fast it would pay for itself. Like even if the robot costs a few million dollars, it would pay for itself in a decade. And by then who knows what kind of crazy magical robots we will have?",autonomous surgery,Cautious or mixed about autonomous surgery,0.39893823862075806,2,https://reddit.com/r/todayilearned/comments/4saxmk/til_that_a_robot_recently_performed_the_worlds/d58lwq8/
comment,d58mwgo,d580ov8,todayilearned,OhJeezeAThrowaway,1468285861.0,1,You still need highly trained surgeons to operate the robots.,autonomous surgery,Cautious or mixed about autonomous surgery,0.4959605932235718,2,https://reddit.com/r/todayilearned/comments/4saxmk/til_that_a_robot_recently_performed_the_worlds/d58mwgo/
comment,d58nxu8,d580ov8,todayilearned,Davidfreeze,1468287545.0,1,"Replacing 10,000 surgeons saves as much money as replacing 100,000 cashiers. If I were developing automation I think it's clear what kind of jobs I'd target. And it's not cashiers.",autonomous surgery,Cautious or mixed about autonomous surgery,0.3803088366985321,2,https://reddit.com/r/todayilearned/comments/4saxmk/til_that_a_robot_recently_performed_the_worlds/d58nxu8/
comment,d58xah8,d580ov8,todayilearned,acherem13,1468305869.0,1,"I doubt that will ever happen. There are so many things that can go wrong during surgery in so many minute unexpected ways that there is no way I ever see a surgery being completely left to a robot with no human input. Machines that HELP/ASSIST surgeons, sure, machines that completely replace them, not a chance.",autonomous surgery,Opposed to autonomous surgery,0.4122999906539917,2,https://reddit.com/r/todayilearned/comments/4saxmk/til_that_a_robot_recently_performed_the_worlds/d58xah8/
comment,d58zsdw,d580ov8,todayilearned,deleted,1468313900.0,1,You should visit a modern car assembly line.,autonomous surgery,Neutral or informational about autonomous surgery,0.3849378526210785,2,https://reddit.com/r/todayilearned/comments/4saxmk/til_that_a_robot_recently_performed_the_worlds/d58zsdw/
comment,d57u0q8,4saxmk,todayilearned,CatalyticDragon,1468244503.0,383,Except for speed? Oh we can solve that with a couple of turbos.,autonomous surgery,Cautious or mixed about autonomous surgery,0.45490747690200806,1,https://reddit.com/r/todayilearned/comments/4saxmk/til_that_a_robot_recently_performed_the_worlds/d57u0q8/
comment,d587a8w,d57u0q8,todayilearned,typeswithgenitals,1468263026.0,172,Good thing speed never makes a difference when messing about with a person's innards,autonomous surgery,Cautious or mixed about autonomous surgery,0.4796939194202423,2,https://reddit.com/r/todayilearned/comments/4saxmk/til_that_a_robot_recently_performed_the_worlds/d587a8w/
comment,d58j9ud,d587a8w,todayilearned,Vio_,1468279948.0,51,"Actually speed used to be everything before the advent of  general anesthesia. One woman had to have a double mastectomy due to cancer in the 1700s, and that was done... very fast as she was awake the entire time.",autonomous surgery,Cautious or mixed about autonomous surgery,0.3251097500324249,3,https://reddit.com/r/todayilearned/comments/4saxmk/til_that_a_robot_recently_performed_the_worlds/d58j9ud/
comment,d58gr0l,d587a8w,todayilearned,dargons_dergma,1468276051.0,2,Of course it does! You can't have the patient hopping about on meth during the operation.,autonomous surgery,Neutral or informational about autonomous surgery,0.3766030967235565,3,https://reddit.com/r/todayilearned/comments/4saxmk/til_that_a_robot_recently_performed_the_worlds/d58gr0l/
comment,d58ctjv,d587a8w,todayilearned,deleted,1468270381.0,-17,"You dropped this... ""/s""",autonomous surgery,Cautious or mixed about autonomous surgery,0.34715333580970764,3,https://reddit.com/r/todayilearned/comments/4saxmk/til_that_a_robot_recently_performed_the_worlds/d58ctjv/
comment,d588bkb,d587a8w,todayilearned,AttheCrux,1468264405.0,-51,"Yes it does. When you've got someone open on a table they bleed you need to replenish it e.g. average heart surgery around 6 units of blood plus plasma and platelets. Those are hard to come by not nearly enough people donate blood. If we can make a machine perform surgery at twice the speed we can save some of those bloodbags for other things.

Also less time under anaesthesia which is more art over science that I'm comfortable with. less time for complications less time for people to just randomly die of shock (which happens).

Being able to do surgeries really fast would be a big thing in surgery.",autonomous surgery,Cautious or mixed about autonomous surgery,0.6053677201271057,3,https://reddit.com/r/todayilearned/comments/4saxmk/til_that_a_robot_recently_performed_the_worlds/d588bkb/
comment,d589crt,d57u0q8,todayilearned,Yaerius,1468265764.0,21,"Or they could just paint the thing red, would be more cost efective.",autonomous surgery,Cautious or mixed about autonomous surgery,0.47710150480270386,2,https://reddit.com/r/todayilearned/comments/4saxmk/til_that_a_robot_recently_performed_the_worlds/d589crt/
comment,d58emhd,d589crt,todayilearned,Saotik,1468272902.0,6,Would save on time needed to clean it as well.,autonomous surgery,Neutral or informational about autonomous surgery,0.40665698051452637,3,https://reddit.com/r/todayilearned/comments/4saxmk/til_that_a_robot_recently_performed_the_worlds/d58emhd/
comment,d5888fw,d57u0q8,todayilearned,EphemeralMemory,1468264289.0,23,"Speed can be improved, but this tech will probably advance very slowly because it needs to prove itself.

Not just that it works, but also that its accurate, precise, etc. This was also done on a test model, I don't think this is even close to clinical ready yet. There are also hundreds of things that can vary from patient to patient.

The tech is improving, and I think it will be mainstream in the future for some tasks. I don't envy the designers position though as they try to say its clinical ready.",autonomous surgery,Cautious or mixed about autonomous surgery,0.46972233057022095,2,https://reddit.com/r/todayilearned/comments/4saxmk/til_that_a_robot_recently_performed_the_worlds/d5888fw/
comment,d58e519,d5888fw,todayilearned,deleted,1468272218.0,4,"This comment has been overwritten by an open source script to protect this user&apos;s privacy.  It was created to help protect users from doxing, stalking, harassment, and profiling for the purposes of censorship. 

   If you would also like to protect yourself, add the Chrome extension [TamperMonkey](https://chrome.google.com/webstore/detail/tampermonkey/dhdgffkkebhmkfjojejmpbldmpobfkfo), or the Firefox extension [GreaseMonkey](https://addons.mozilla.org/en-us/firefox/addon/greasemonkey/) and add [this open source script](https://greasyfork.org/en/scripts/10380-reddit-overwrite).   

 Then simply click on your username on Reddit, go to the comments tab, scroll down as far as possible (hint:use [RES](http://www.redditenhancementsuite.com/)), and hit the new OVERWRITE button at the top.",autonomous surgery,Cautious or mixed about autonomous surgery,0.3296157717704773,3,https://reddit.com/r/todayilearned/comments/4saxmk/til_that_a_robot_recently_performed_the_worlds/d58e519/
comment,d58tly2,d5888fw,todayilearned,ShaRose,1468297223.0,1,"> And the researchers aren't too worried about the speed issue, either. ""We can run the robot really, really fast. But in this study, we really focused on the outcomes, so we didn't run it as fast as we could,"" says Krieger.

They ran it slow on purpose.",autonomous surgery,Neutral or informational about autonomous surgery,0.3529157340526581,3,https://reddit.com/r/todayilearned/comments/4saxmk/til_that_a_robot_recently_performed_the_worlds/d58tly2/
comment,d58d9dn,d57u0q8,todayilearned,ill_do_it-later,1468270979.0,4,Dimmer switch.,autonomous surgery,Neutral or informational about autonomous surgery,0.4969111382961273,2,https://reddit.com/r/todayilearned/comments/4saxmk/til_that_a_robot_recently_performed_the_worlds/d58d9dn/
comment,d58e9qt,d57u0q8,todayilearned,pizzacatchan,1468272401.0,2,It just sounds like someone forgot to press [the turbo button.](http://i.imgur.com/zAaK1HM.jpg),autonomous surgery,Cautious or mixed about autonomous surgery,0.5461934208869934,2,https://reddit.com/r/todayilearned/comments/4saxmk/til_that_a_robot_recently_performed_the_worlds/d58e9qt/
comment,d57ua5n,d57u0q8,todayilearned,FUCITADEL,1468244957.0,3,"Whoa speedy. Two will do, three is excessive.",autonomous surgery,Neutral or informational about autonomous surgery,0.4090028703212738,2,https://reddit.com/r/todayilearned/comments/4saxmk/til_that_a_robot_recently_performed_the_worlds/d57ua5n/
comment,d57zxwy,d57ua5n,todayilearned,rrasco09,1468253364.0,42,A couple is two.  A few is three.,autonomous surgery,Neutral or informational about autonomous surgery,0.4164581298828125,3,https://reddit.com/r/todayilearned/comments/4saxmk/til_that_a_robot_recently_performed_the_worlds/d57zxwy/
comment,d57ul0o,d57ua5n,todayilearned,CatalyticDragon,1468245473.0,2,As long as they are big ones.,autonomous surgery,Cautious or mixed about autonomous surgery,0.38383230566978455,3,https://reddit.com/r/todayilearned/comments/4saxmk/til_that_a_robot_recently_performed_the_worlds/d57ul0o/
comment,d58brlg,d57u0q8,todayilearned,RiverRunnerVDB,1468268973.0,1,I mean...[if you need speedy organ removal](http://www.cnn.com/2016/07/09/opinions/dallas-robot-questions-singer/)...,autonomous surgery,Neutral or informational about autonomous surgery,0.6068602204322815,2,https://reddit.com/r/todayilearned/comments/4saxmk/til_that_a_robot_recently_performed_the_worlds/d58brlg/
comment,d58cz37,d57u0q8,todayilearned,lukee910,1468270592.0,1,Needs more boosters.,autonomous surgery,Neutral or informational about autonomous surgery,0.4049444794654846,2,https://reddit.com/r/todayilearned/comments/4saxmk/til_that_a_robot_recently_performed_the_worlds/d58cz37/
comment,d58dd3g,d57u0q8,todayilearned,physchy,1468271121.0,1,But won't that crush my bones?,autonomous surgery,Cautious or mixed about autonomous surgery,0.6450855731964111,2,https://reddit.com/r/todayilearned/comments/4saxmk/til_that_a_robot_recently_performed_the_worlds/d58dd3g/
comment,d58g53n,d57u0q8,todayilearned,Adel7,1468275126.0,1,"I don't think so, Tim",autonomous surgery,Neutral or informational about autonomous surgery,0.35579076409339905,2,https://reddit.com/r/todayilearned/comments/4saxmk/til_that_a_robot_recently_performed_the_worlds/d58g53n/
comment,d57zrjd,4saxmk,todayilearned,Stressoid,1468253120.0,127,"John Henry, M.D. versus the machine.",autonomous surgery,Neutral or informational about autonomous surgery,0.483006089925766,1,https://reddit.com/r/todayilearned/comments/4saxmk/til_that_a_robot_recently_performed_the_worlds/d57zrjd/
comment,d5872vx,d57zrjd,todayilearned,RaithVZ,1468262752.0,15,So... John Henry vs. Bert Kreischer?,autonomous surgery,Cautious or mixed about autonomous surgery,0.5951204895973206,2,https://reddit.com/r/todayilearned/comments/4saxmk/til_that_a_robot_recently_performed_the_worlds/d5872vx/
comment,d58nrg0,d5872vx,todayilearned,Spddracer,1468287257.0,5,"For anyone unaware of this reference, [here ya go](https://www.youtube.com/watch?v=8PAtFsJY5q0)",autonomous surgery,Neutral or informational about autonomous surgery,0.4421347975730896,3,https://reddit.com/r/todayilearned/comments/4saxmk/til_that_a_robot_recently_performed_the_worlds/d58nrg0/
comment,d58ij1m,d57zrjd,todayilearned,pageboysam,1468278788.0,4,"He died with a scalpel in his hand, Lord, Lord. He died with a scalpel in his hand.",autonomous surgery,Cautious or mixed about autonomous surgery,0.4223747253417969,2,https://reddit.com/r/todayilearned/comments/4saxmk/til_that_a_robot_recently_performed_the_worlds/d58ij1m/
comment,d58nhym,d58ij1m,todayilearned,deleted,1468286824.0,1,"Luckily he had the good sense to fall backwards, rather than into the patient, tip first.",autonomous surgery,Cautious or mixed about autonomous surgery,0.5112475156784058,3,https://reddit.com/r/todayilearned/comments/4saxmk/til_that_a_robot_recently_performed_the_worlds/d58nhym/
comment,d586aau,d57zrjd,todayilearned,deleted,1468261709.0,5,"time is money for John, while time is nothing for the machine",autonomous surgery,Cautious or mixed about autonomous surgery,0.41221383213996887,2,https://reddit.com/r/todayilearned/comments/4saxmk/til_that_a_robot_recently_performed_the_worlds/d586aau/
comment,d587bav,d57zrjd,todayilearned,deleted,1468263064.0,2,And a couple of scalpels made from whale-bones,autonomous surgery,Cautious or mixed about autonomous surgery,0.46843940019607544,2,https://reddit.com/r/todayilearned/comments/4saxmk/til_that_a_robot_recently_performed_the_worlds/d587bav/
comment,d58kb40,d57zrjd,todayilearned,TheBawlrus,1468281661.0,1,Fifty people lined up.  Winner is whoever can remove fifty appendixes first.,autonomous surgery,Neutral or informational about autonomous surgery,0.47696608304977417,2,https://reddit.com/r/todayilearned/comments/4saxmk/til_that_a_robot_recently_performed_the_worlds/d58kb40/
comment,d589iup,4saxmk,todayilearned,Iatros,1468265987.0,158,"Physician here. I'm not a general surgeon, but I'm going into a procedural field (interventional radiology to be precise) so I do have some perspective as far as that goes. 

This article is a bit ridiculous and misleading. A surgeon could apprentice someone who has never been to medical school on how to do pretty much any type of procedure. That's not the hard part *per se.*

What you **really** need to learn is the cognitive aspect of surgery. Why am I taking this patient to the OR? Are they a good surgical candidate? What happens when something doesn't go as planned? How is the tissue going to react to what I want to do? What happens when you open and find something you didn't expect? 

The most challenging part of surgery isn't tying knots or making cuts. It's knowing when to take the right patient to the right surgery at the right time, and knowing how to solve problems as the come up so you can get out of trouble when you're operating. That takes knowledge and planning and executive function skills that cannot currently be replaced with a machine.",autonomous surgery,Neutral or informational about autonomous surgery,0.4754612147808075,1,https://reddit.com/r/todayilearned/comments/4saxmk/til_that_a_robot_recently_performed_the_worlds/d589iup/
comment,d58q88n,d589iup,todayilearned,qwerty12qwerty,1468291201.0,14,"Reminds me of a /r/talesfromtechsupport story. 

>You clicked 3 buttons, why should I pay you $75 when I could have done it myself?

>It took me 4 years and thousands of hours or experience to know which 3 to press",autonomous surgery,Opposed to autonomous surgery,0.41620156168937683,2,https://reddit.com/r/todayilearned/comments/4saxmk/til_that_a_robot_recently_performed_the_worlds/d58q88n/
comment,d5930i0,d58q88n,todayilearned,Asimovs_Clarion,1468324720.0,1,So 4 years and thousands of hours of IT experience is the same as 10 minutes mashing a keyboard randomly?,autonomous surgery,Cautious or mixed about autonomous surgery,0.5029898285865784,3,https://reddit.com/r/todayilearned/comments/4saxmk/til_that_a_robot_recently_performed_the_worlds/d5930i0/
comment,d589q8g,d589iup,todayilearned,nodealyo,1468266262.0,38,"There's no reason a surgeon couldn't make those high level decisions whilst using a robot for the procedure itself. For now, anyhow.",autonomous surgery,Supportive of autonomous surgery,0.6150597333908081,2,https://reddit.com/r/todayilearned/comments/4saxmk/til_that_a_robot_recently_performed_the_worlds/d589q8g/
comment,d58ew46,d589q8g,todayilearned,sixsidepentagon,1468273291.0,15,"There's plenty of reasons you wouldn't want a robot to do it now. You'd want to be guiding the surgery the whole time though. Every tiny cut might reveal anatomy, expected or otherwise, that requires you to make a higher level decision. You'd have to sit right there with the robot ready to intervene at all times and manually allow it to proceed. This sort of study is useless unless the thing can demonstrate utility in a real surgical field.",autonomous surgery,Opposed to autonomous surgery,0.4122649133205414,3,https://reddit.com/r/todayilearned/comments/4saxmk/til_that_a_robot_recently_performed_the_worlds/d58ew46/
comment,d58ey1p,d589q8g,todayilearned,thedugong,1468273369.0,0,There's no reason a surgeon couldn't make those high level decisions for several cases leaving robots for the procedures themselves.,autonomous surgery,Supportive of autonomous surgery,0.36885350942611694,3,https://reddit.com/r/todayilearned/comments/4saxmk/til_that_a_robot_recently_performed_the_worlds/d58ey1p/
comment,d58bqcf,d589iup,todayilearned,TurboGranny,1468268927.0,11,"Long time programmer here.  Expert systems and decision support systems exist.  The thing you need to remember is, if there are rules, a computer can do it.  IBM's Watson is already beating doctors in this field.  Rapidly doing something to solve a problem that you aren't trained to do is not something we can teach a computer, but these moments will become more rare over time.",autonomous surgery,Cautious or mixed about autonomous surgery,0.47424137592315674,2,https://reddit.com/r/todayilearned/comments/4saxmk/til_that_a_robot_recently_performed_the_worlds/d58bqcf/
comment,d58do2p,d58bqcf,todayilearned,deleted,1468271552.0,8,[deleted],autonomous surgery,Cautious or mixed about autonomous surgery,0.6064028143882751,3,https://reddit.com/r/todayilearned/comments/4saxmk/til_that_a_robot_recently_performed_the_worlds/d58do2p/
comment,d58f22c,d58bqcf,todayilearned,sixsidepentagon,1468273527.0,6,"Still, I don't think you'll be able to replace surgeons for a hella long time just like you still can't replace pilots; no matter how algorithmic decision making may seem while flying, it's not quite there yet. I'd argue that human insight is still very useful in this sort of decision making, similar to how humans are still helpful in aiding protein folding simulations.",autonomous surgery,Cautious or mixed about autonomous surgery,0.6714479923248291,3,https://reddit.com/r/todayilearned/comments/4saxmk/til_that_a_robot_recently_performed_the_worlds/d58f22c/
comment,d58vjge,d58bqcf,todayilearned,nthcxd,1468301344.0,1,"Could one day robots automate your job? Or rather, programmers would just decide what to build and an automated process would just fabricate software per specification?",autonomous surgery,Cautious or mixed about autonomous surgery,0.39467576146125793,3,https://reddit.com/r/todayilearned/comments/4saxmk/til_that_a_robot_recently_performed_the_worlds/d58vjge/
comment,d58ds7j,d58bqcf,todayilearned,jbarnes222,1468271713.0,0,Hell yeah.,autonomous surgery,Neutral or informational about autonomous surgery,0.4897686541080475,3,https://reddit.com/r/todayilearned/comments/4saxmk/til_that_a_robot_recently_performed_the_worlds/d58ds7j/
comment,d592yfd,d589iup,todayilearned,Asimovs_Clarion,1468324571.0,2,"It is things like......

""Hmmm. There seems to be a lot more blood than usual. Where is that coming from?""

That is when humans prevail over machines. I think certain procedures like closing after the surgery could be a great benefit for this type of technology but when complications arise, a human is the only option.",autonomous surgery,Cautious or mixed about autonomous surgery,0.6825028657913208,2,https://reddit.com/r/todayilearned/comments/4saxmk/til_that_a_robot_recently_performed_the_worlds/d592yfd/
comment,d58zvqt,d589iup,todayilearned,deleted,1468314229.0,1,"> Why am I taking this patient to the OR? 

That's your job. Once you decided why, push the appropriate button on the surgeon robot.

> Are they a good surgical candidate? 

Also your job, although a diagnosis is just a long checklist that a computer may also run throw, given the patient is willing.

> What happens when something doesn't go as planned? 

The surgeon robot stops and calls the human surgeon supervisor on duty to figure that out. A non-conformance-report is filed and some engineers and programmers try to figure out later if this may be addressed with an update.

> How is the tissue going to react to what I want to do? 

Machine vision and sensory control/feedback how the subject is doing should be able to tackle that fairly well.

> What happens when you open and find something you didn't expect?

See ""What happens when something doesn't go as planned?"", it's the same question.",autonomous surgery,Cautious or mixed about autonomous surgery,0.41502735018730164,2,https://reddit.com/r/todayilearned/comments/4saxmk/til_that_a_robot_recently_performed_the_worlds/d58zvqt/
comment,d58orzk,d589iup,todayilearned,phasormaster,1468288888.0,-1,"You're a little behind the times. This robot isn't quite ready for deployment, but similar robotic assistants are being deployed to operating rooms this year. It's not something that's going to happen; it's happening right now.",autonomous surgery,Cautious or mixed about autonomous surgery,0.518222451210022,2,https://reddit.com/r/todayilearned/comments/4saxmk/til_that_a_robot_recently_performed_the_worlds/d58orzk/
comment,d587035,4saxmk,todayilearned,ligamaybe,1468262646.0,34,"It's frustrating that their metrics include spacing of sutures.  Intestinal anastomoses aren't really about the looks; it's more about the capability to heal.  It's true that a handsewn anastomosis takes time and precision, but it's also true that GIA staplers have largely overtaken handsewn except in trauma situations (and old school surgeons).  The important factors of healing of anastomoses really comes down to blood supply, lack of tension, and leak-proofness; this study doesn't assess any of that.

Did anyone else find it frustrating that they couldn't spell ""laparoscopic"" correctly even once?",autonomous surgery,Cautious or mixed about autonomous surgery,0.4487934708595276,1,https://reddit.com/r/todayilearned/comments/4saxmk/til_that_a_robot_recently_performed_the_worlds/d587035/
comment,d5887hd,d587035,todayilearned,deleted,1468264256.0,12,Lol. I find articles like these to be jokes. There isn't any way to know if they're ads or actually journalism/news. I'm not Jimmy for fuck's sake.,autonomous surgery,Cautious or mixed about autonomous surgery,0.41586607694625854,2,https://reddit.com/r/todayilearned/comments/4saxmk/til_that_a_robot_recently_performed_the_worlds/d5887hd/
comment,d58eypp,d587035,todayilearned,club_soda,1468273394.0,1,"But they did do better at tautness and leak proof sutures:

""But by almost all other measures the robot outperformed its organic counterparts. STAR excelled in the consistent spacing of its sutures, *creating taught, leak-proof joints* and avoiding mistakes when removing its needle from the tissue. """,autonomous surgery,Cautious or mixed about autonomous surgery,0.43258801102638245,2,https://reddit.com/r/todayilearned/comments/4saxmk/til_that_a_robot_recently_performed_the_worlds/d58eypp/
comment,d58miie,d58eypp,todayilearned,ligamaybe,1468285221.0,2,"You're totally right - they do say they created taut, leak-proof joints.  I would wonder how they measured this - did they run fluid through the anastomosis, like we do in the operating room?  How much did they equate uniform suturing with good technique?  I guess my question is how they performed these measures, and how clinically relevant they actually are.",autonomous surgery,Cautious or mixed about autonomous surgery,0.4243890643119812,3,https://reddit.com/r/todayilearned/comments/4saxmk/til_that_a_robot_recently_performed_the_worlds/d58miie/
post,1n0kgcg,,artificial,,1756211236.0,495,"I work in healthcare…AI is garbage.
I am a hospital-based physician, and despite all the hype, artificial intelligence remains an unpopular subject among my colleagues. Not because we see it as a competitor, but because—at least in its current state—it has proven largely useless in our field. I say “at least for now” because I do believe AI has a role to play in medicine, though more as an adjunct to clinical practice rather than as a replacement for the diagnostician. Unfortunately, many of the executives promoting these technologies exaggerate their value in order to drive sales.

I feel compelled to write this because I am constantly bombarded with headlines proclaiming that AI will soon replace physicians. These stories are often written by well-meaning journalists with limited understanding of how medicine actually works, or by computer scientists and CEOs who have never cared for a patient.

The central flaw, in my opinion, is that AI lacks nuance. Clinical medicine is a tapestry of subtle signals and shifting contexts. A physician’s diagnostic reasoning may pivot in an instant—whether due to a dramatic lab abnormality or something as delicate as a patient’s tone of voice. AI may be able to process large datasets and recognize patterns, but it simply cannot capture the endless constellation of human variables that guide real-world decision making.

Yes, you will find studies claiming AI can match or surpass physicians in diagnostic accuracy. But most of these experiments are conducted by computer scientists using oversimplified vignettes or outdated case material—scenarios that bear little resemblance to the complexity of a live patient encounter.

Take EKGs, for example. A lot of patients admitted to the hospital requires one. EKG machines already use computer algorithms to generate a preliminary interpretation, and these are notoriously inaccurate. That is why both the admitting physician and often a cardiologist must review the tracings themselves. Even a minor movement by the patient during the test can create artifacts that resemble a heart attack or dangerous arrhythmia. I have tested anonymized tracings with AI models like ChatGPT, and the results are no better: the interpretations were frequently wrong, and when challenged, the model would retreat with vague admissions of error.

The same is true for imaging. AI may be trained on billions of images with associated diagnoses, but place that same technology in front of a morbidly obese patient or someone with odd posture  and the output is suddenly unreliable. On chest xrays, poor tissue penetration can create images that mimic pneumonia or fluid overload, leading AI astray. Radiologists, of course, know to account for this.

In surgery, I’ve seen  glowing references to “robotic surgery.” In reality, most surgical robots are nothing more than precision instruments controlled entirely by the surgeon who remains in the operating room, one of the benefits being that they do not have to scrub in. The robots are tools—not autonomous operators.

Someday, AI may become a powerful diagnostic tool in medicine. But its greatest promise, at least for now, lies not in diagnosis or treatment but in administration: things lim scheduling and billing. As it stands today, its impact on the actual practice of medicine has been minimal.

EDIT:

Thank you so much for all your responses. I’d like to address all of them individually but time is not on my side 🤣.  

1) the headline was intentional rage bait to invite you to partake in the conversation. My messages that AI in clinical practice has not lived up to the expectations of the sales pitch. I acknowledge that it is not computer scientists, but rather executives and middle management, that are responsible for this.  They exaggerate the current merits of AI to increase sales. 

2) I’m very happy that people that have a foot in each door - medicine and computer science - chimed in and gave very insightful feedback.  I am also thankful to the physicians who mentioned the pivotal role AI plays in minimizing our administrative burden, As I mentioned in my original post, this is where the technology has been most impactful.  It seems that most MDs responding appear confirm my sentiments with regards the minimal diagnostic value of AI.

3) My reference to ChatGPT with respect to my own clinical practice was in relation to comparing its efficacy to our error prone EKG interpreting AI technology that we use in our  hospital.

4) Physician medical errors seem to be a point of contention. I’m so sorry to anyone to anyone whose family member has been affected by this. It’s a daunting task to navigate the process of correcting medical errors, especially if you are not familiar with the diagnosis, procedures, or administrative nature of the medical decision making process.   I think it’s worth mentioning that one of the studies that were referenced point to a medical error mortality rate of less than 1% -specifically the Johns Hopkins study (which is more of a literature review). Unfortunately, morbidity does not seem to be mentioned so I can’t account for that but it’s fair to say that a mortality rate of 0.71% of all admissions is a pretty reassuring figure.  Parse that with the error rates of AI and I think one would be more impressed with the human decision making process.

5) Lastly, I’m sorry the word tapestry was so provocative. Unfortunately it took away from the conversation but I’m glad at the least people can have some fun at my expense 😂.",autonomous surgery,Cautious or mixed about autonomous surgery,0.31868064403533936,0,https://reddit.com/r/artificial/comments/1n0kgcg/i_work_in_healthcareai_is_garbage/
comment,nar8ab5,1n0kgcg,artificial,Arman64,1756212768.0,277,The irony in getting an AI to write this is pretty funny,autonomous surgery,Neutral or informational about autonomous surgery,0.5463406443595886,1,https://reddit.com/r/artificial/comments/1n0kgcg/i_work_in_healthcareai_is_garbage/nar8ab5/
comment,nav5gm5,nar8ab5,artificial,Porespellar,1756255107.0,45,https://preview.redd.it/dndhay34kglf1.jpeg?width=671&format=pjpg&auto=webp&s=021e05bbd9b03e6967427571e423ef4f9accb75e,autonomous surgery,Cautious or mixed about autonomous surgery,0.3864082396030426,2,https://reddit.com/r/artificial/comments/1n0kgcg/i_work_in_healthcareai_is_garbage/nav5gm5/
comment,nay1e53,nav5gm5,artificial,confon68,1756301506.0,2,Competent writers use them.,autonomous surgery,Neutral or informational about autonomous surgery,0.46642324328422546,3,https://reddit.com/r/artificial/comments/1n0kgcg/i_work_in_healthcareai_is_garbage/nay1e53/
comment,nb17ihp,nav5gm5,artificial,deleted,1756334470.0,1,"not just em dashes, but unspaced em dashes—which is apparently correct... but horrid!",autonomous surgery,Cautious or mixed about autonomous surgery,0.3701103627681732,3,https://reddit.com/r/artificial/comments/1n0kgcg/i_work_in_healthcareai_is_garbage/nb17ihp/
comment,nukx1ye,nav5gm5,artificial,Objective_Steak_6296,1766006784.0,1,This is bullshit. I am 23 and this is literally how we were taught to write and any other form of writing was considered incorrect or uneducated. Suddenly now the way actual humans are writing is considered AI simply because AI has learned how we write? What the fuck.,autonomous surgery,Cautious or mixed about autonomous surgery,0.37522435188293457,3,https://reddit.com/r/artificial/comments/1n0kgcg/i_work_in_healthcareai_is_garbage/nukx1ye/
comment,natslcd,nar8ab5,artificial,ShoshiOpti,1756239600.0,15,"The EM dash, dead giveaway.",autonomous surgery,Cautious or mixed about autonomous surgery,0.43534767627716064,2,https://reddit.com/r/artificial/comments/1n0kgcg/i_work_in_healthcareai_is_garbage/natslcd/
comment,naux50g,natslcd,artificial,creaturefeature16,1756252206.0,11,"Like the Oxford Comma, [people have been debating about the em dash since before LLMs](https://archive.is/lX4aI). You're not original.",autonomous surgery,Neutral or informational about autonomous surgery,0.33145686984062195,3,https://reddit.com/r/artificial/comments/1n0kgcg/i_work_in_healthcareai_is_garbage/naux50g/
comment,naus5gq,natslcd,artificial,Xillyfos,1756250530.0,10,"Nope, I use it, and I don't use AI for my writing.",autonomous surgery,Cautious or mixed about autonomous surgery,0.4869719445705414,3,https://reddit.com/r/artificial/comments/1n0kgcg/i_work_in_healthcareai_is_garbage/naus5gq/
comment,nb08ul3,natslcd,artificial,mosquem,1756324302.0,2,Paragraph structure gives it away.,autonomous surgery,Neutral or informational about autonomous surgery,0.46962371468544006,3,https://reddit.com/r/artificial/comments/1n0kgcg/i_work_in_healthcareai_is_garbage/nb08ul3/
comment,nax0vjv,natslcd,artificial,Spacemonk587,1756286160.0,2,"It may surprise you, but humans use the em dash as well. What do you think where the LLM learned it?",autonomous surgery,Neutral or informational about autonomous surgery,0.5719113945960999,3,https://reddit.com/r/artificial/comments/1n0kgcg/i_work_in_healthcareai_is_garbage/nax0vjv/
comment,nardg3l,nar8ab5,artificial,green-avadavat,1756214465.0,16,"We already know AI is good at writing, which is not the point of the post.",autonomous surgery,Cautious or mixed about autonomous surgery,0.41395288705825806,2,https://reddit.com/r/artificial/comments/1n0kgcg/i_work_in_healthcareai_is_garbage/nardg3l/
comment,naremhg,nardg3l,artificial,Mr_Hyper_Focus,1756214844.0,26,Tapestry,autonomous surgery,Neutral or informational about autonomous surgery,0.3919205963611603,3,https://reddit.com/r/artificial/comments/1n0kgcg/i_work_in_healthcareai_is_garbage/naremhg/
comment,nas9v96,nardg3l,artificial,pohui,1756223992.0,13,"> We already know AI is good at writing

Hard disagree. This post is a perfect example of how not great it is, all of that information would have fit in one paragraph.",autonomous surgery,Neutral or informational about autonomous surgery,0.5046984553337097,3,https://reddit.com/r/artificial/comments/1n0kgcg/i_work_in_healthcareai_is_garbage/nas9v96/
comment,natzsoo,nardg3l,artificial,krullulon,1756241613.0,1,It is absolutely the point of this post.,autonomous surgery,Neutral or informational about autonomous surgery,0.3922862112522125,3,https://reddit.com/r/artificial/comments/1n0kgcg/i_work_in_healthcareai_is_garbage/natzsoo/
comment,nau1z9m,nardg3l,artificial,CrispityCraspits,1756242235.0,1,"It's not good at writing; it will write something for you without having to work to make it good, though.",autonomous surgery,Neutral or informational about autonomous surgery,0.3854958415031433,3,https://reddit.com/r/artificial/comments/1n0kgcg/i_work_in_healthcareai_is_garbage/nau1z9m/
comment,nauo7cf,nar8ab5,artificial,Analrapist03,1756249224.0,6,"My detector (gptzero.me) says that it was human written and then AI polished.  
[Zerogpt.com](http://Zerogpt.com) says 25% AI content, and [Quillbot.com](http://Quillbot.com) says 14% AI content.

Maybe OP (u/ARDSNet) can settle this?",autonomous surgery,Cautious or mixed about autonomous surgery,0.36287131905555725,2,https://reddit.com/r/artificial/comments/1n0kgcg/i_work_in_healthcareai_is_garbage/nauo7cf/
comment,nax0y6k,nauo7cf,artificial,Spacemonk587,1756286203.0,3,These detectors are notoriously unrealiable.,autonomous surgery,Cautious or mixed about autonomous surgery,0.3587876558303833,3,https://reddit.com/r/artificial/comments/1n0kgcg/i_work_in_healthcareai_is_garbage/nax0y6k/
comment,nawv4mn,nauo7cf,artificial,ClickF0rDick,1756282797.0,2,"""tapestry of subtle signals"" tells you everything you need to know",autonomous surgery,Neutral or informational about autonomous surgery,0.5145208239555359,3,https://reddit.com/r/artificial/comments/1n0kgcg/i_work_in_healthcareai_is_garbage/nawv4mn/
comment,naxmdrd,nauo7cf,artificial,MrsCastle,1756296324.0,1,And I know you are aware that Zerogpt and ilk are unreliable.,autonomous surgery,Cautious or mixed about autonomous surgery,0.6506014466285706,3,https://reddit.com/r/artificial/comments/1n0kgcg/i_work_in_healthcareai_is_garbage/naxmdrd/
comment,nau96ks,nar8ab5,artificial,Alex_1729,1756244354.0,1,"Because it's probably written with an agenda, and possibly this person isn't what they claim to be or believe in.",autonomous surgery,Cautious or mixed about autonomous surgery,0.5555354356765747,2,https://reddit.com/r/artificial/comments/1n0kgcg/i_work_in_healthcareai_is_garbage/nau96ks/
comment,nauwtic,nar8ab5,artificial,creaturefeature16,1756252097.0,1,"Well written material isn't automatically ""AI"". You sound like you're just used to reading terrible content.",autonomous surgery,Cautious or mixed about autonomous surgery,0.5576677322387695,2,https://reddit.com/r/artificial/comments/1n0kgcg/i_work_in_healthcareai_is_garbage/nauwtic/
comment,navu44k,nar8ab5,artificial,OkAsk1472,1756263967.0,1,"This does not read like AI. The flow is too intentional and direct without AI's constant ""over-output"" in placing meaningless words everywhere.",autonomous surgery,Neutral or informational about autonomous surgery,0.46127572655677795,2,https://reddit.com/r/artificial/comments/1n0kgcg/i_work_in_healthcareai_is_garbage/navu44k/
comment,nawfaqq,nar8ab5,artificial,deleted,1756273786.0,1,I checked with AI and that’s not irony.,autonomous surgery,Neutral or informational about autonomous surgery,0.5780483484268188,2,https://reddit.com/r/artificial/comments/1n0kgcg/i_work_in_healthcareai_is_garbage/nawfaqq/
comment,nw4carv,nar8ab5,artificial,Imaginary_Rest6307,1766799560.0,1,"Gen AI was trained largely on fanfic and fanfic writers (myself included) use em-dash liberally.  Of COURSE it's going to show up in AI generated slop too, they literally stole it from us.",autonomous surgery,Supportive of autonomous surgery,0.3125777244567871,2,https://reddit.com/r/artificial/comments/1n0kgcg/i_work_in_healthcareai_is_garbage/nw4carv/
comment,nar5kxq,1n0kgcg,artificial,dingleberryboy20,1756211832.0,236,">The central flaw, in my opinion, is that AI lacks nuance. Clinical medicine is a **tapestry of subtle signals and shifting contexts.** A physician’s diagnostic reasoning may pivot in an instant—whether due to a dramatic lab abnormality or something as delicate as a patient’s tone of voice. AI may be able to process large datasets and recognize patterns, but it simply cannot capture the endless constellation of human variables that guide real-world decision making.

https://preview.redd.it/5v87bpyfzclf1.jpeg?width=640&format=pjpg&auto=webp&s=afd14502bfa2154f46d6d24d274cc78c27cfe0ac

Edit: whoosh, people. I'm just calling out OP for using AI to write their critique of AI. The bolded phrase is not something a normal human being would write. LLMs suck at writing.",autonomous surgery,Neutral or informational about autonomous surgery,0.3931577801704407,1,https://reddit.com/r/artificial/comments/1n0kgcg/i_work_in_healthcareai_is_garbage/nar5kxq/
comment,nar9p9g,nar5kxq,artificial,PacmanIncarnate,1756213234.0,155,"In my experience, many, *many* physicians can’t or won’t ever see any subtle signals or shifting contexts. OP appears to be thinking of a well trained, focused physician when the typical patient gets much less than that, especially from general practitioners. Also, regarding the image detection systems: they’ve existed for *maybe* five years in practice. I am certain they will quickly improve.",autonomous surgery,Cautious or mixed about autonomous surgery,0.5468015074729919,2,https://reddit.com/r/artificial/comments/1n0kgcg/i_work_in_healthcareai_is_garbage/nar9p9g/
comment,narasmw,nar9p9g,artificial,NostrilLube,1756213596.0,40,"Totally agree. I'm healthy and haven't seen a real physician during my checkups for years. I don't have an issue with the assistant physician; you can't tell me though; a lot of nuance and effort to discover the unknown are happening. If my blood tests look good, the visit is basically a money grab and provides me no real value.",autonomous surgery,Cautious or mixed about autonomous surgery,0.39720332622528076,3,https://reddit.com/r/artificial/comments/1n0kgcg/i_work_in_healthcareai_is_garbage/narasmw/
comment,narzv5t,nar9p9g,artificial,Gamplato,1756221144.0,17,"OP is comparing the best doctor in the world to the worst examples of AI. In reality, AI is better at diagnosis and this isn’t arguable.",autonomous surgery,Cautious or mixed about autonomous surgery,0.5384423732757568,3,https://reddit.com/r/artificial/comments/1n0kgcg/i_work_in_healthcareai_is_garbage/narzv5t/
comment,narqqis,nar9p9g,artificial,toabear,1756218550.0,11,"Anyone who's dealt with a sick family member has seen this. A good doctor can be absolutely amazing. Most doctors, primary care in particular are just not very good. I'm sure there are a number of factors, and I'm not saying they are bad people. Only that a majority of diagnosis for edge case conditions seems quite poor.

This becomes obvious when you see three or four low quality doctors followed by a competent one. I don't think AI is even close to the capabilities of a competent doctor. It probably has already surpassed low quality docs, but honestly, a Google search was already out performing many of them. Just the effort of actually looking something up would be a major improvement for many doctors.",autonomous surgery,Cautious or mixed about autonomous surgery,0.4757083058357239,3,https://reddit.com/r/artificial/comments/1n0kgcg/i_work_in_healthcareai_is_garbage/narqqis/
comment,narkt18,nar9p9g,artificial,sajaxom,1756216790.0,3,Radiology Imaging AI systems have existed for at least 15 years. I started in radiology IT in 2011 and they were already well established.,autonomous surgery,Neutral or informational about autonomous surgery,0.4728342890739441,3,https://reddit.com/r/artificial/comments/1n0kgcg/i_work_in_healthcareai_is_garbage/narkt18/
comment,narzjjf,nar9p9g,artificial,SwimmingTall5092,1756221053.0,3,"I agree. I go to the doctor for myself, my wife’s doctor and our children’s doctor and it seems as the majority is severely overworked and doesn’t have the time to adequately assess you. It’s hard enough to even get questions answered. Often times we’ve been laughed at for asking certain questions. But it’s definitely made to feel like you are dealing with a delicate genius who thinks of you as a number.",autonomous surgery,Cautious or mixed about autonomous surgery,0.4965949058532715,3,https://reddit.com/r/artificial/comments/1n0kgcg/i_work_in_healthcareai_is_garbage/narzjjf/
comment,nasqldd,nar9p9g,artificial,-_1_2_3_-,1756228782.0,3,"How long do you speak to your doctor for, in minutes, per year?

I’ve talked to AI longer than that about a single health question.

Maybe if we all had a team of dedicated personal doctors humans would win out, but with how healthcare is actually practiced? AI is absolutely filling a gap.",autonomous surgery,Cautious or mixed about autonomous surgery,0.5260491967201233,3,https://reddit.com/r/artificial/comments/1n0kgcg/i_work_in_healthcareai_is_garbage/nasqldd/
comment,narh1sn,nar9p9g,artificial,Notnasiul,1756215635.0,4,Sorry but in relation to image detection I was working with Optical Coherence Tomographies to detect macular damage around 15 years ago. Computer Vision exists since early days of computers!,autonomous surgery,Cautious or mixed about autonomous surgery,0.5687915086746216,3,https://reddit.com/r/artificial/comments/1n0kgcg/i_work_in_healthcareai_is_garbage/narh1sn/
comment,nau6l6m,nar9p9g,artificial,sprunkymdunk,1756243572.0,2,"This. When I finally get a specialist appointment after 8 months of waiting, I get a literal 5 minute appointment, most of which is me going over my problems again because they couldn't be arsed to read my chart",autonomous surgery,Cautious or mixed about autonomous surgery,0.5507867336273193,3,https://reddit.com/r/artificial/comments/1n0kgcg/i_work_in_healthcareai_is_garbage/nau6l6m/
comment,narrf16,nar9p9g,artificial,cbusmatty,1756218748.0,1,Further I see the people when I go to urgent care literally just googling my symptoms,autonomous surgery,Cautious or mixed about autonomous surgery,0.5274468660354614,3,https://reddit.com/r/artificial/comments/1n0kgcg/i_work_in_healthcareai_is_garbage/narrf16/
comment,nasnsq8,nar9p9g,artificial,DeltaDarkwood,1756228015.0,1,"I don't know I rarely have any issues but this summer I had sudden issues with dizziness. I explained exactly my issues to chatgpt and it diagnoosed me with low blood pressure. After two weeks pf makong sure I drank enough and took in some salt during the warm weather the dizziness didn't go away, so I went to my general practitioner and she immediatly was convinced that I had vestibular disorder. We measired my blood pressure and it was indeed perfectly fine and my general practiitionee sent me to a physiotherapist who helped to alleviate the symptoms. When I told my general practitioner that I was put on the wrong foot she laughed and said I shouldn't trust chatgpt with these things, at least not in its current condition.",autonomous surgery,Cautious or mixed about autonomous surgery,0.571944534778595,3,https://reddit.com/r/artificial/comments/1n0kgcg/i_work_in_healthcareai_is_garbage/nasnsq8/
comment,nasutkb,nar9p9g,artificial,False_Grit,1756229921.0,1,"While everyone seems to be beating the dead horse that OP is straight wrong, I really do think it is going to be catastrophic to our economy as AI takes over doctor jobs.

Why? Because Doctors are, in general, extremely intelligent and not nice people. Don't get me wrong: the good ones can be very nice with a patient. But you don't even get *in* to medical school let alone through it without having some sort of superhuman ambition and drive. Probably slicing a few throats. A mix of Maergary Tyrells and Tywin Lannisters.

What happens when a bunch of super geniuses used to living a cushy life are suddenly *very* unemployed and *very* angry? I don't know, but I'm guessing it's worse than whatever people think the superintelligent A.I.s are going to do.",autonomous surgery,Cautious or mixed about autonomous surgery,0.5503364205360413,3,https://reddit.com/r/artificial/comments/1n0kgcg/i_work_in_healthcareai_is_garbage/nasutkb/
comment,natki38,nar9p9g,artificial,CovidThrow231244,1756237276.0,1,Agree 1999999999% I've been sick for 9 years. They don't give a fuck,autonomous surgery,Neutral or informational about autonomous surgery,0.5798392295837402,3,https://reddit.com/r/artificial/comments/1n0kgcg/i_work_in_healthcareai_is_garbage/natki38/
comment,nauhmk6,nar9p9g,artificial,HateToSayItBut,1756247007.0,1,"Thank you! Doctors I see are glorified encyclopedias without any creative problem solving and absolutely not putting together any subtle clues or signals. If you don't have cancer, they shrug and send you on your way with no urgency to find the issue.",autonomous surgery,Cautious or mixed about autonomous surgery,0.5446717143058777,3,https://reddit.com/r/artificial/comments/1n0kgcg/i_work_in_healthcareai_is_garbage/nauhmk6/
comment,naupizw,nar9p9g,artificial,grathad,1756249663.0,1,"Yep, on top of that if those signals can be interpreted they will eventually be interpreted better by a machine.

And as you pointed out, the scale and cost reduction impact is worth a lot more than the quality of the handful of experts that can perform as per OP description. Those would still exist too, as we still have tailors and ready to wear.",autonomous surgery,Cautious or mixed about autonomous surgery,0.39718350768089294,3,https://reddit.com/r/artificial/comments/1n0kgcg/i_work_in_healthcareai_is_garbage/naupizw/
comment,nb0v28a,nar9p9g,artificial,deleted,1756330623.0,1,"I hope in the next couple years we have a massive program to test all currently licensed physicians against AI. If they can't outperform it, they lose their license.",autonomous surgery,Cautious or mixed about autonomous surgery,0.42467430233955383,3,https://reddit.com/r/artificial/comments/1n0kgcg/i_work_in_healthcareai_is_garbage/nb0v28a/
comment,nb375p7,nar9p9g,artificial,strawberryNotes,1756362967.0,1,"This right here  😭 
The common overworked and underpaid and under educated physician treats  common conditions like Zebras.

EDS? Mold illness Way more common than drs admit. Current medical research??

 they like to pretend it doesn't exist",autonomous surgery,Cautious or mixed about autonomous surgery,0.5858535170555115,3,https://reddit.com/r/artificial/comments/1n0kgcg/i_work_in_healthcareai_is_garbage/nb375p7/
comment,nas0tgt,nar5kxq,artificial,SmugPolyamorist,1756221413.0,16,Followed by an em dash in the next sentence lel,autonomous surgery,Neutral or informational about autonomous surgery,0.3665620982646942,2,https://reddit.com/r/artificial/comments/1n0kgcg/i_work_in_healthcareai_is_garbage/nas0tgt/
comment,nas86xp,nar5kxq,artificial,telcoman,1756223522.0,13,"My GP has 15 min for me. I am one of 2000+. She works 3 days in the practice, 2 days somewhre else. I have overlapping areas to analyse and tweak.

 What subtle signals?!",autonomous surgery,Neutral or informational about autonomous surgery,0.3629388213157654,2,https://reddit.com/r/artificial/comments/1n0kgcg/i_work_in_healthcareai_is_garbage/nas86xp/
comment,nas90h6,nar5kxq,artificial,Mr_DrProfPatrick,1756223750.0,10,"This is actually a pretty flawed take. Current AI can, in fact, understand context. Even tone of voice. Raw ""capturing nuances"" isn't going to prevent AI from anything.

However, there's a huuuge gap between theoretically able to do something and doing it so well that doctors may become obsolete.

This narrative about AI replacing workers or making them obsolete is usually perpetuated by people that aren't experts as wacky marketing. OP points out many ways in which modern AI tools can't really help in medical settings. While I can see ways that the technology will improve, they are much more likely to work together with medical professionals rather than replacing them. If AI replaces workers, you swap out all the qualities and problems of workers for the problems and qualities of AI. If you use AI and workers, they can improve each other's qualities and mitigate each other flaws.",autonomous surgery,Cautious or mixed about autonomous surgery,0.6188296675682068,2,https://reddit.com/r/artificial/comments/1n0kgcg/i_work_in_healthcareai_is_garbage/nas90h6/
comment,nawu1kj,nas90h6,artificial,rngeeeesus,1756282156.0,1,"I mean most of what doctors do is refer to someone else to avoid the blame and follow standard procedures defined in some guidelines. SHOULD MDs be doing that? NO! Can AI do that? Yes totally, but it doesn't solve the blame issue. Should MDs actually treat patients without the fear of being sued... Yes. 

TL;DR. already now MDs are largely ineffective because they have to, in order not go possibly get sued. AI is not solving that and therefore it is not that helpful. AI would be very helpful if it could get sued lol",autonomous surgery,Cautious or mixed about autonomous surgery,0.5425986647605896,3,https://reddit.com/r/artificial/comments/1n0kgcg/i_work_in_healthcareai_is_garbage/nawu1kj/
comment,nasmgi2,nar5kxq,artificial,acortical,1756227631.0,3,"Uh, I would write something like that",autonomous surgery,Neutral or informational about autonomous surgery,0.4834248721599579,2,https://reddit.com/r/artificial/comments/1n0kgcg/i_work_in_healthcareai_is_garbage/nasmgi2/
comment,nasnawh,nasmgi2,artificial,dingleberryboy20,1756227874.0,1,"Uh, why would you? It's terrible word choice conveying gibberish.",autonomous surgery,Opposed to autonomous surgery,0.3932645916938782,3,https://reddit.com/r/artificial/comments/1n0kgcg/i_work_in_healthcareai_is_garbage/nasnawh/
comment,naxfbs0,nasmgi2,artificial,CardiologistOk2760,1756293446.0,1,"I had a writing mentor who wrote like that. That style was always a bit too flowery for me, but this was 20 years ago, so AI writes like this because someone trained it to. Imagine AI steals your style and then everyone accuses you of using AI.",autonomous surgery,Cautious or mixed about autonomous surgery,0.40291067957878113,3,https://reddit.com/r/artificial/comments/1n0kgcg/i_work_in_healthcareai_is_garbage/naxfbs0/
comment,nas7ozh,nar5kxq,artificial,deleted,1756223383.0,1,Lmaooo,autonomous surgery,Neutral or informational about autonomous surgery,0.3739863932132721,2,https://reddit.com/r/artificial/comments/1n0kgcg/i_work_in_healthcareai_is_garbage/nas7ozh/
comment,nasaf4b,nar5kxq,artificial,Darkstarx7x,1756224149.0,1,"Yeah, well said. That’s why context engineering, memory, and orchestration of workloads will be crucial. 

There’s also a human -> machine junction point that needs to be ironed out. I work in cybersecurity, but similar to healthcare with high stakes. You need to be able to update context, update assumptions, craft the inputs and outputs, and ultimately take these models across the last mile to enterprise value. 

You also need to manage this swarm of workloads to ensure they are operating correctly, ensure they are failing open, update prompts, correct the context - It’s a continuous process. Right now, something so simple as changing the backend model of an agent from Claude 3.7 to Claude 4 can cause the entire system to need reworking. 

We are a long ways away. Implementation is MUCH harder than most corporate execs understand.",autonomous surgery,Opposed to autonomous surgery,0.37120896577835083,2,https://reddit.com/r/artificial/comments/1n0kgcg/i_work_in_healthcareai_is_garbage/nasaf4b/
comment,naslkmz,nar5kxq,artificial,Clear_Tangerine5110,1756227380.0,1,"It's the repetitive em dashes for me. That's my first, on-the-surface assessment of anything I read anymore.",autonomous surgery,Neutral or informational about autonomous surgery,0.2945479154586792,2,https://reddit.com/r/artificial/comments/1n0kgcg/i_work_in_healthcareai_is_garbage/naslkmz/
comment,nat5k4w,nar5kxq,artificial,infomagpie,1756232920.0,1,"Well, ChatGPT has helped me see 10x more nuance in something as common as iron deficiency - vastly surpassing my GP and even the internal medicine specialist 🙃 A lot of GPs just operate a script from their guidelines, mine included, and sometimes they're not even aware of the guidelines - whereas ChatGPT proactively told me (with linked sources I checked) that according to Dutch guidelines, I'm entitled to an MRI scan because I have one close relative who died of subarachnoid hemorrhage. My GP tried to argue I was wrong... He would NEVER have proactively done this for me.",autonomous surgery,Cautious or mixed about autonomous surgery,0.427521288394928,2,https://reddit.com/r/artificial/comments/1n0kgcg/i_work_in_healthcareai_is_garbage/nat5k4w/
comment,naug58b,nar5kxq,artificial,Working-Business-153,1756246528.0,1,clearly never desperately needed to pad a bullshit politics essay on the morning of the deadline. I'm sat here thinking if i was still at school I'd be done for.,autonomous surgery,Cautious or mixed about autonomous surgery,0.513979434967041,2,https://reddit.com/r/artificial/comments/1n0kgcg/i_work_in_healthcareai_is_garbage/naug58b/
comment,nawndhd,nar5kxq,artificial,deleted,1756278277.0,1,I like my word salad served with a healthy dose of AI criticism.,autonomous surgery,Cautious or mixed about autonomous surgery,0.5537295937538147,2,https://reddit.com/r/artificial/comments/1n0kgcg/i_work_in_healthcareai_is_garbage/nawndhd/
comment,narjkdu,1n0kgcg,artificial,jefftickels,1756216420.0,52,"As a clinician I have been using an AI scribe and I can't disagree with the above more. It has completely freed me to set aside the computer during costs and just talk to patients and all j have to do is read it's output to make sure it got everything correct (95% correct summations of the visit). 


It's literally reduced my charting time by 50%. This guy doesn't know what he's talking about about and just wants to farm some AI bad karma.",autonomous surgery,Cautious or mixed about autonomous surgery,0.3651118576526642,1,https://reddit.com/r/artificial/comments/1n0kgcg/i_work_in_healthcareai_is_garbage/narjkdu/
comment,natu690,narjkdu,artificial,VitaminPb,1756240038.0,7,"You are comparing apples to oranges. You are using AI for transcription/charting/note taking (where it can excel), not in diagnosing, guiding diagnosis, or treating.

The OP was talking about literally everything else. Just two days ago I saw an article where some tech person was saying students shouldn’t even try to become doctors because they will be replaced by the time they graduate.",autonomous surgery,Cautious or mixed about autonomous surgery,0.49798381328582764,2,https://reddit.com/r/artificial/comments/1n0kgcg/i_work_in_healthcareai_is_garbage/natu690/
comment,natzpo3,natu690,artificial,jefftickels,1756241589.0,10,"OP's title:


>I work in healthcare…AI is garbage.


It's decidedly not garbage. About a third of my time is charting and AI has cut that in half. No where in OPs screed does he even begin to acknowledge the incredible achievement that truly is.


Go ask your PCP right now what thing has pushed them the closest to quitting and it will almost certainly be a rant about administrative issues (or entitled patients, but they probably wouldn't tell you that directly).",autonomous surgery,Cautious or mixed about autonomous surgery,0.5149970054626465,3,https://reddit.com/r/artificial/comments/1n0kgcg/i_work_in_healthcareai_is_garbage/natzpo3/
comment,nb0pbnq,natu690,artificial,freexe,1756328931.0,1,OP is using chatgpt for ecgs and outdated AI - they are not the right technologies to dismiss clinical AI on,autonomous surgery,Cautious or mixed about autonomous surgery,0.46329912543296814,3,https://reddit.com/r/artificial/comments/1n0kgcg/i_work_in_healthcareai_is_garbage/nb0pbnq/
comment,nbcs6pi,natu690,artificial,RobertDeveloper,1756489680.0,1,"My hospital has an ambient listening solution, it records the patient/doctor conversation, types everything out but also analyses what was said and offers possible diagnoses and solutions.",autonomous surgery,Neutral or informational about autonomous surgery,0.7449699640274048,3,https://reddit.com/r/artificial/comments/1n0kgcg/i_work_in_healthcareai_is_garbage/nbcs6pi/
comment,nbpkou2,natu690,artificial,StrikingResolution,1756666821.0,1,"As a student, I’ve met several physicians and residents who have said even GPT 4 has been able to aid in diagnosis and interpreting lab results. This was in the academic setting though, so they were very rare cases, which is probably when you want to use it anyway",autonomous surgery,Cautious or mixed about autonomous surgery,0.4619198739528656,3,https://reddit.com/r/artificial/comments/1n0kgcg/i_work_in_healthcareai_is_garbage/nbpkou2/
comment,nasppn2,narjkdu,artificial,limitedexpression47,1756228543.0,1,"This best use case scenario I see, right now, for provides: case history summary. So many providers see so many clients with so little time to prep or note afterward. BUT, providers are very flaws with personal bias and their ability to keep up with current evidence-based practice in ALL fields that impact treatment in their specialty. I believe AI will get better and be better than humans and diagnosing.",autonomous surgery,Supportive of autonomous surgery,0.34865549206733704,2,https://reddit.com/r/artificial/comments/1n0kgcg/i_work_in_healthcareai_is_garbage/nasppn2/
comment,nat5yh5,nasppn2,artificial,jefftickels,1756233036.0,2,"What's interesting is the way the one I use works will read the chart and integrate any diagnosis codes I've already entered, but then make suggestions to me if it think there are others. If it recorded something it doesn't think fits under a diagnosis codes I have selected it makes a notation in the patient education area about what we talked about (this happens if someone mentions an issue I don't have time to address, I'll often say ""try x but we need to make an appointment to discuss it further"").


Very impressed with how much time savings its had for me. More than that it's fundamentally changed my interactions. I don't need to ask questions in a way I can easily documents, I can just let the person go on about their symptoms and the scribe will parse what they were talking about for me.


It still struggles with ROS though.",autonomous surgery,Cautious or mixed about autonomous surgery,0.46122923493385315,3,https://reddit.com/r/artificial/comments/1n0kgcg/i_work_in_healthcareai_is_garbage/nat5yh5/
comment,natv9gd,narjkdu,artificial,y-c-c,1756240340.0,1,"OP is talking about using AI for diagnostics and you are talking about a simple text-to-speech scribe. Not even remotely the same thing and I wonder if you even read the post.

The diagnostics is where all the AI hype (and hence money) is coming from. People aren’t excited for text-to-speech which has been a continually improving technology.",autonomous surgery,Cautious or mixed about autonomous surgery,0.35950565338134766,2,https://reddit.com/r/artificial/comments/1n0kgcg/i_work_in_healthcareai_is_garbage/natv9gd/
comment,nau0brt,natv9gd,artificial,jefftickels,1756241762.0,3,"OP starts with broad generalization about how AI in healthcare is ""garbage"" and brushes aside the massive value it has for your average PCP.


It's vastly more than Text-to-speech. I've dictated before and this absolutely in another class.",autonomous surgery,Cautious or mixed about autonomous surgery,0.4711269736289978,3,https://reddit.com/r/artificial/comments/1n0kgcg/i_work_in_healthcareai_is_garbage/nau0brt/
comment,naut27i,narjkdu,artificial,deleted,1756250834.0,1,[deleted],autonomous surgery,Cautious or mixed about autonomous surgery,0.6064028143882751,2,https://reddit.com/r/artificial/comments/1n0kgcg/i_work_in_healthcareai_is_garbage/naut27i/
comment,nauyivi,naut27i,artificial,BackEndHooker,1756252679.0,3,"Not hallucinations per se, but the problem I encounter most often is that it takes everything the patient says as true. If a patient says ""my bipolar has been really bad,"" the AI will state it as fact and anchor on it.",autonomous surgery,Cautious or mixed about autonomous surgery,0.5436471700668335,3,https://reddit.com/r/artificial/comments/1n0kgcg/i_work_in_healthcareai_is_garbage/nauyivi/
comment,nav7ua6,naut27i,artificial,jefftickels,1756255938.0,1,"If it's hallucinating it's subtle and not impactful to the overall narrative of the note. It will make inappropriate ICD-10 code diagnoses.


It actually tends to be very precise in its summary so it doesn't leave a lot of room for false information. It also really struggles with what to do if we talk about doing one thing, but then decide on another thing later on.",autonomous surgery,Cautious or mixed about autonomous surgery,0.3128732740879059,3,https://reddit.com/r/artificial/comments/1n0kgcg/i_work_in_healthcareai_is_garbage/nav7ua6/
comment,nb0zbmt,narjkdu,artificial,Marklar0,1756331905.0,1,Hmm it sounds like you and OP completely agree. Why are you phrasing it like you disagree?,autonomous surgery,Neutral or informational about autonomous surgery,0.5580253601074219,2,https://reddit.com/r/artificial/comments/1n0kgcg/i_work_in_healthcareai_is_garbage/nb0zbmt/
comment,nar906m,1n0kgcg,artificial,deleted,1756213006.0,141,[removed],autonomous surgery,Cautious or mixed about autonomous surgery,0.3730466067790985,1,https://reddit.com/r/artificial/comments/1n0kgcg/i_work_in_healthcareai_is_garbage/nar906m/
comment,nars2zx,nar906m,artificial,crua9,1756218941.0,47,"Ya there is a shit ton of stories like this. The medical community is full of gas lighting, and there is a ton of legal cases that proves this. If you show you somewhat know something you are treated as someone who sits on WebMD all day. Or if you aren't dressed all business like then you are treated as a 3rd class crack head that can't count to 2. And when you show you know your stuff, they buck it

Plus there is a massive problem where most simply don't have good mental or physical health services. Or they can't afford it in their area. I heavily have used AI as a therapist. It is the best I have because the system is so broken.

Like AI can't replace physical test, bloodwork, and the like. But this weekend my parent's dog started to act odd. He couldn't stand, didn't want to eat, and so on. I worked with him, but my mom used AI to figure out he had something wrong with his pancreas. I was figuring a disc in his back slipped or something. Yesterday he went in for bloodwork and we found yes this was the problem and his numbers were way off. We aren't out of the woods, but there is a real chance without AI he would've been dead by now. Where as it looks like it is possible he will have a full recovery assuming things goes well when they test his blood on Friday.",autonomous surgery,Cautious or mixed about autonomous surgery,0.4647214412689209,2,https://reddit.com/r/artificial/comments/1n0kgcg/i_work_in_healthcareai_is_garbage/nars2zx/
comment,nas1lg1,nars2zx,artificial,Ctrl-Alt-J,1756221635.0,8,"Related to that we're seeing more and more services offering cost effective on-demand lab tests the patient themselves can order as they want. Sure they might not be covered by insurance, but it often beats fighting your GP for a referral and if it's $45 it's not all that different than being covered by insurance.",autonomous surgery,Cautious or mixed about autonomous surgery,0.4177384078502655,3,https://reddit.com/r/artificial/comments/1n0kgcg/i_work_in_healthcareai_is_garbage/nas1lg1/
comment,nauavcn,nars2zx,artificial,Extension_Lynx_7091,1756244865.0,2,its like how a doctors second opinion can be so wildly different,autonomous surgery,Cautious or mixed about autonomous surgery,0.5589332580566406,3,https://reddit.com/r/artificial/comments/1n0kgcg/i_work_in_healthcareai_is_garbage/nauavcn/
comment,narp7gk,nar906m,artificial,tollbearer,1756218103.0,26,"AI is garabage, but the average doctor is worse. OP is right if you have a good doctor, they will be far more nuanced than an AI. But most doctors are not very nuanced",autonomous surgery,Cautious or mixed about autonomous surgery,0.4985300600528717,2,https://reddit.com/r/artificial/comments/1n0kgcg/i_work_in_healthcareai_is_garbage/narp7gk/
comment,narxj3g,narp7gk,artificial,FaceDeer,1756220476.0,11,And in certain areas of the world visiting even a garbage doctor costs a fortune that most people don't have just lying around.,autonomous surgery,Cautious or mixed about autonomous surgery,0.49970415234565735,3,https://reddit.com/r/artificial/comments/1n0kgcg/i_work_in_healthcareai_is_garbage/narxj3g/
comment,natksjq,narp7gk,artificial,BillyBobJangles,1756237359.0,1,"Yeah just sitting there on their computer, acknowledging 1/3 of my questions, no deep analysis just off the cuff reactions. And if you stump them they just endlessly refer you to other types of specialists until you loop back to your original type of specialist.",autonomous surgery,Cautious or mixed about autonomous surgery,0.4711136519908905,3,https://reddit.com/r/artificial/comments/1n0kgcg/i_work_in_healthcareai_is_garbage/natksjq/
comment,nawughy,narp7gk,artificial,rngeeeesus,1756282399.0,1,"Even if the doctor is good, they are not allowed to be good. They have to be bots following guidelines. The only reason they need an MD for that is for legal purposes. It is sad that it has come to this but that is what is currently done. AI can absolutely do the same, it is not hard. Anyone who can read guidlines and has a basic understanding of anatomy could. 

There are exceptions of course (e.g. surgeons) but yeah in general most MDs are not allowed to do their job in fear of legal troubles.",autonomous surgery,Cautious or mixed about autonomous surgery,0.4874611496925354,3,https://reddit.com/r/artificial/comments/1n0kgcg/i_work_in_healthcareai_is_garbage/nawughy/
comment,nasy42q,nar906m,artificial,meltbox,1756230818.0,3,"This is where it’s helpful. In empowering people individually. Although I suspect for every person like you there will be some person who shows up every week to the ER claiming ChatGPT told them they have disease x y z. It’s a double edged sword.

I think the point op is saying is ai is great when you feed it accurate info but the issue is in the chaotic real world good data requires the machine to watch the patient, notice how they move, how sensors could be disturbed, and also take those messy details into account which right now it absolutely cannot do.

In conclusion your case is fantastic and a definite positive, but that doesn’t mean we don’t need doctors at all.",autonomous surgery,Cautious or mixed about autonomous surgery,0.6672533750534058,2,https://reddit.com/r/artificial/comments/1n0kgcg/i_work_in_healthcareai_is_garbage/nasy42q/
comment,nauajq4,nasy42q,artificial,resuwreckoning,1756244768.0,1,"But why can’t chatGPT deal with disease x,y,z?  And if chatGPT is wrong, why can’t you all sue chatGPT?

They’re doctors right?  Like equivalent and stuff?

The issue is that AI as it’s being discussed only works if there’s a doctor at the end of it being totally clinically responsible for everything.  That’s the irony.",autonomous surgery,Cautious or mixed about autonomous surgery,0.5306448936462402,3,https://reddit.com/r/artificial/comments/1n0kgcg/i_work_in_healthcareai_is_garbage/nauajq4/
comment,narrpef,nar906m,artificial,AttitudeImportant585,1756218833.0,4,"ive been deploying ai models since the gpt-2 days, and back then, using ai to assist coding was something short of ridiculous. now, there's a cult following for vibe coding, and ai agents can easily build and deploy simple sites and mobile apps. most of this progress arguably occurred in the last year.

my bets on an ai startup revolutionizing family care? within a few years. we'll see some novel state laws and workflows where agents do the dirty work and a handful of primary physicians work remotely to verify ai generated prescriptions and referrals.",autonomous surgery,Cautious or mixed about autonomous surgery,0.4597160220146179,2,https://reddit.com/r/artificial/comments/1n0kgcg/i_work_in_healthcareai_is_garbage/narrpef/
comment,natawuy,narrpef,artificial,magenk,1756234497.0,1,"100% this. The fact that all specialties continue to punt all the ""difficult patients"" and many chronic conditions back to the provider with the least training (primary care) or gaslight patients as psych cases should tell you everything you need to know about how ""nuanced"" doctors are.

I think patients with pain complications after surgery are the perfect example. Medicine acknowledges that 1) pain needs to be treated adequately early to help prevent chronic pain and that it often 2) requires a personalized, multimodal approach and that 3) chronic pain is the most common complication following surgery. Yet, they have surgical pain patients bounce around from the anesthesia provider, to the surgeon, then to their primary, and then maybe to physical therapist or a pain specialist if they're lucky. And no one wants to really treat them if they can't do an expensive procedure. So nuanced 🙄",autonomous surgery,Cautious or mixed about autonomous surgery,0.5575814247131348,3,https://reddit.com/r/artificial/comments/1n0kgcg/i_work_in_healthcareai_is_garbage/natawuy/
comment,nauawgc,narrpef,artificial,resuwreckoning,1756244875.0,1,The “handful of verifying primary physicians” are going to deal with the swaths of human beings trying to get their human doctor when they’re anxious about a diagnosis AI handed down to them?,autonomous surgery,Cautious or mixed about autonomous surgery,0.7863250374794006,3,https://reddit.com/r/artificial/comments/1n0kgcg/i_work_in_healthcareai_is_garbage/nauawgc/
comment,narpg14,nar906m,artificial,jerrydontplay,1756218172.0,1,What was the diagnosis,autonomous surgery,Neutral or informational about autonomous surgery,0.5727725625038147,2,https://reddit.com/r/artificial/comments/1n0kgcg/i_work_in_healthcareai_is_garbage/narpg14/
comment,nat4rp9,nar906m,artificial,beigs,1756232694.0,1,"It managed to get me to ask the right questions for my son as well - he was diagnosed with SIBO and PFAPA, and it’s looking like EDS. 

Something was seriously wrong, he dropped off the growth curve, etc. 

AI helped me map the symptoms and group them, track them, and categorize them so I could bring them up to the pediatrician.

Same with me, similar symptoms. Go figure there is a genetic component",autonomous surgery,Cautious or mixed about autonomous surgery,0.44768527150154114,2,https://reddit.com/r/artificial/comments/1n0kgcg/i_work_in_healthcareai_is_garbage/nat4rp9/
comment,nat79ht,nar906m,artificial,SmellSalt5352,1756233415.0,1,For real for a lot of things it’s surprisingly pretty decent. It may never fully eliminate the doc but it might remove them from being involved with lots of diff ailments.,autonomous surgery,Neutral or informational about autonomous surgery,0.43120554089546204,2,https://reddit.com/r/artificial/comments/1n0kgcg/i_work_in_healthcareai_is_garbage/nat79ht/
comment,naxrszr,nar906m,artificial,ironmaiden947,1756298305.0,1,"Same, and this is what doctors will never get. AI is like a doctor friend who is very knowledgeable who has time for you, while you have to beg an average doctor to get you a blood test (whose results they will probably ignore). I would never do anything drastic after getting medical advice from AI, but if it recommends me a supplement or something I would try it.",autonomous surgery,Cautious or mixed about autonomous surgery,0.40244337916374207,2,https://reddit.com/r/artificial/comments/1n0kgcg/i_work_in_healthcareai_is_garbage/naxrszr/
comment,nb25js5,nar906m,artificial,KindImpression5651,1756346164.0,1,"I find op's post weird, because in my anecdotal human experience, doctors have been best and useful (almost) only to treat very obvious clinical signs of diseases and conditions and injuries. 

they don't have time (and are too stressed, overworked, etc) to discuss anything beyond that. which is what AI can do at nauseam.",autonomous surgery,Cautious or mixed about autonomous surgery,0.5788615345954895,2,https://reddit.com/r/artificial/comments/1n0kgcg/i_work_in_healthcareai_is_garbage/nb25js5/
comment,nbpln9h,nar906m,artificial,StrikingResolution,1756667121.0,1,Agreed. It’s answered a lot of medical questions for me that I wouldn’t remember bringing up to the doctor,autonomous surgery,Supportive of autonomous surgery,0.5845495462417603,2,https://reddit.com/r/artificial/comments/1n0kgcg/i_work_in_healthcareai_is_garbage/nbpln9h/
comment,nar6u9m,1n0kgcg,artificial,MentalSewage,1756212277.0,62,"I work for a medical AI software company, specifically one most often used in radiology, and I think you may not realize how effective the current execution might be.  Not to say I disagree with your point, because I don't, but like many automation situations you have to limit use to match the situation.


My company's product scans images for nodules while checking with the patient notes; if a nodule is found that is not mentioned, it alerts a nurse who then verifies, and contacts the provider.  Its not used to replace staff or be the one stop shop to detect cancer, but instead just a tool to help add another layer of double checking into the mix.


And that's where the current state of medical AI shines.  Specific use cases as a way to shore up edge cases.  This gives the AI more data to work with for the future technologies that will make better use of it.


I guess my point is your stance is rather like calling radishes that just sprouted garbage.  Sure, they don't have big radish tubers yet like the picture promised so it's currently not a radish.  But on the right salad, if you don't treat it like the radish it's not, a sprinkling of those sprouts have a place in the bowl.  Just because it's not at the finished stage doesn't make it garbage :D",autonomous surgery,Cautious or mixed about autonomous surgery,0.44030269980430603,1,https://reddit.com/r/artificial/comments/1n0kgcg/i_work_in_healthcareai_is_garbage/nar6u9m/
comment,narmza7,nar6u9m,artificial,Pyrimidine10er,1756217444.0,37,"I’m a MD/PhD in the AI cardiology space. The 12-lead detection of HFrEF, HFpEF, amyloidosis, Pulm HTN, valve disorders, paroxysmal a-fib, etc is really really good. Cardiologists cannot reliably detect a lot of these using a 12 lead only. And if we deploy to PCPs, we can give them super powers to refer to the cardiologists at both earlier stages in the disease course, and with less “false positives.” This is a new technology and going from research lab —> device manufacturers takes time. There are a few companies in this space that are heading towards deployment in the very very near future. Likely less than a year.

Medicine is often years behind. Both in technology as well as best practice implementation. It’s an industry that moves slowly and cautiously, often for good reason. There are a ton of examples of things that were supposed to be the next big thing that have flopped. Watson…

So, tl;dr: give it time. Lots of us are working on AI that’s actually useful and not shit. Lots of us are thinking through workflow integration in addition to the shiny LLMs or neural networks. And lots of us are working towards FDA clearances, conducting prospective trials, and making AI useful.",autonomous surgery,Cautious or mixed about autonomous surgery,0.42473137378692627,2,https://reddit.com/r/artificial/comments/1n0kgcg/i_work_in_healthcareai_is_garbage/narmza7/
comment,nas5s4a,narmza7,artificial,ARDSNet,1756222837.0,7,Awesome response.  Thank you! 🙏,autonomous surgery,Neutral or informational about autonomous surgery,0.45567628741264343,3,https://reddit.com/r/artificial/comments/1n0kgcg/i_work_in_healthcareai_is_garbage/nas5s4a/
comment,navzawz,narmza7,artificial,deleted,1756266091.0,3,"I’m a computer science grad student working with a team of medical students. We’ve been exploring different research avenues, like CT detection using voxels and a little clever linear algebra and stats.
We continually run into the problem of resources($$$) or just rehashing meta-analysis*. 

This team is bright and ambitious, and looking for direction using our combined skills. In short, would you have any suggestions or directions for identifying promising/worthwhile research/projects. So far we’ve done a lot of applied stats/programming on leftover projects from busy M3s.

These are *great* medical students, intellectually curious and actually want to help the world. I’m a cs master’s student looking to hone in on a specific focus for an eventual PhD.


* we do have one possibly interesting project building a modular comparison/optimization platform, allowing different research and diseases with their relevant testing methods to be uploaded. Then the platform allows for accessible simulation and comparison of different testing methodologies under varying constraints/timelines. The optimization suggestion aspect is on the drawing board",autonomous surgery,Supportive of autonomous surgery,0.3894009292125702,3,https://reddit.com/r/artificial/comments/1n0kgcg/i_work_in_healthcareai_is_garbage/navzawz/
comment,nasg6xb,narmza7,artificial,justgetoffmylawn,1756225812.0,2,"Thank you! I wrote a bit of this above, but MD/PhD in the space is who OP needs to talk to in order to understand where the tech is at, and where it's going quickly.

Medicine is years (or decades) behind. I doubt OP is cardio, but doctors may think they're experts on adjacent fields when they have no idea what SOTA is and why it isn't in their practice yet. 

I'll hear GPs talk about bad EKG models, yet every research paper on SOTA models in the last few years has models that will outperform like a consensus from a team of board certified cardio. But a GP thinks they're going to interpret a trace better?

Anyways, good luck with what you're doing and I'm sorry for all the times you have to deal with people who thinks ChatGPT is all of 'AI' and doesn't see how other architectures can work.

My main concern is we need more reliable EHRs and things like scans with follow-ups, etc. You can't train a great model without great data, and I don't think I've ever looked at even a simple GP appointment without seeing some errors in whatever data I can see on my portal.",autonomous surgery,Cautious or mixed about autonomous surgery,0.5584843754768372,3,https://reddit.com/r/artificial/comments/1n0kgcg/i_work_in_healthcareai_is_garbage/nasg6xb/
comment,nat271q,narmza7,artificial,Sad_Perception_1685,1756231960.0,2,"it’s **workflow integration + accountable infrastructure** (provable outputs, replay, safe fails). Without that, the “superpowers” will run into the same skepticism the OP expressed.",autonomous surgery,Cautious or mixed about autonomous surgery,0.4832897484302521,3,https://reddit.com/r/artificial/comments/1n0kgcg/i_work_in_healthcareai_is_garbage/nat271q/
comment,nar87k5,nar6u9m,artificial,intellectual_punk,1756212743.0,16,"Wonderful to hear from an actual field insider. This reflects my own experience and observation, that AI tools as they are currently excel at leveraging the abilities of experts. They don't replace them, but make them more powerful, efficient, accurate. 

I'm a data scientist and by golly, am I able to do things I wouldn't dare to do, not because I couldn't but because it would take too much time.",autonomous surgery,Supportive of autonomous surgery,0.36289265751838684,2,https://reddit.com/r/artificial/comments/1n0kgcg/i_work_in_healthcareai_is_garbage/nar87k5/
comment,nardjg5,nar87k5,artificial,Rough-Age6546,1756214494.0,3,We’re using it to create specific literature and policy reviews. It works great in that realm.,autonomous surgery,Neutral or informational about autonomous surgery,0.3977985382080078,3,https://reddit.com/r/artificial/comments/1n0kgcg/i_work_in_healthcareai_is_garbage/nardjg5/
comment,narn3ya,nar6u9m,artificial,deleted,1756217482.0,8,"I'm working on an AI product non medical and this hits the nail on the head. AI has been sold as a one stop shop and most people's only experience with it is via ChatGPT so they assume that ChatGPT can't do something so it's impossible via AI. You have to build tightly verifiable systems that do small, easy to mess up things really well, fast, and in bulk. The takeover will be slow, but it will still be software engineering.

Ours is reviewing 50+ page legal documents to ensure that fields filled out by hand match what was entered into systems of record. They flag missing items for review. The job has now transformed on the consuming end from reading and entering data, to just reviewing and testing tweaks to the AI system when it finds an anomaly. I'm building the experimentation tools to help visualize and understand what the AI did and establish ways to tweak it and statistically compare group runs for efficiency changes.",autonomous surgery,Cautious or mixed about autonomous surgery,0.36505672335624695,2,https://reddit.com/r/artificial/comments/1n0kgcg/i_work_in_healthcareai_is_garbage/narn3ya/
comment,nastuqv,narn3ya,artificial,Zemeniite,1756229659.0,1,"As someone also from the industry at social events I always end up telling people that AI is not just LLMs (and not just ChatGPT because some think that it is the only one)

I think the overall population has a general lack of understanding of how it works under the hood and thus we have a situation when people say that AI sucks and can’t do anything because they are using an LLM to solve a very nuanced and complex problem.",autonomous surgery,Cautious or mixed about autonomous surgery,0.47765228152275085,3,https://reddit.com/r/artificial/comments/1n0kgcg/i_work_in_healthcareai_is_garbage/nastuqv/
comment,nat3idw,narn3ya,artificial,Sad_Perception_1685,1756232335.0,1,"How do you ensure tweaks to the AI system are themselves deterministic and auditable? If someone challenges a decision later, can you reproduce exactly what the system saw and why it flagged or missed an item?",autonomous surgery,Cautious or mixed about autonomous surgery,0.3556784987449646,3,https://reddit.com/r/artificial/comments/1n0kgcg/i_work_in_healthcareai_is_garbage/nat3idw/
comment,narh7ac,nar6u9m,artificial,esophagusintubater,1756215684.0,4,"I think that’s what it excels at. High sensitivity data/imaging review for pathology 

But still needs a real doctor to put it all together. Don’t think this will ever change.",autonomous surgery,Cautious or mixed about autonomous surgery,0.4901822507381439,2,https://reddit.com/r/artificial/comments/1n0kgcg/i_work_in_healthcareai_is_garbage/narh7ac/
comment,nas1sr7,narh7ac,artificial,HarmadeusZex,1756221692.0,2,It is changing as we speak,autonomous surgery,Neutral or informational about autonomous surgery,0.4546714723110199,3,https://reddit.com/r/artificial/comments/1n0kgcg/i_work_in_healthcareai_is_garbage/nas1sr7/
comment,nasemxz,nar6u9m,artificial,justgetoffmylawn,1756225365.0,4,"Thank you. I feel like so many people are using 10 year old tech to read an EKG, then saying the promise of AI is overhyped. No kidding, it takes years or decades for something to become common in clinical practice.

When they mentioned uploading traces to GPT…that really undercut their argument. They need to see a demo by an actual cutting edge product in the space, not uploading EKGs to a language model that was trained with RLHF based on preference, not ground truth.

I could go on, but I'm probably preaching to the choir. Glad to hear of your company - radiology has so much promise, but I feel like it'll be held back by physicians who saw a demo once in 2017 (or in 2024 of a product made in 2017) and think tech hasn't advanced since then.",autonomous surgery,Cautious or mixed about autonomous surgery,0.496738463640213,2,https://reddit.com/r/artificial/comments/1n0kgcg/i_work_in_healthcareai_is_garbage/nasemxz/
comment,natdvhs,nar6u9m,artificial,PadyEos,1756235357.0,2,"Can you guys stop with the marketing and not lable it as AI? Labeling models as intelligent is exactly why people have unhealthy expectations.


I mean both everyone here and the industry in general. These models possess no human intelligence or attributes. And misrepresenting them creates expectations about these tools that can create dangerous situations.",autonomous surgery,Cautious or mixed about autonomous surgery,0.44697466492652893,2,https://reddit.com/r/artificial/comments/1n0kgcg/i_work_in_healthcareai_is_garbage/natdvhs/
comment,navcmjn,natdvhs,artificial,GarethBaus,1756257605.0,2,Even a pocket calculator has some amount of function that is analogous to human intelligence. AI is a blanket term for machines that can solve more complex problems with less human input than a calculator.,autonomous surgery,Neutral or informational about autonomous surgery,0.40937092900276184,3,https://reddit.com/r/artificial/comments/1n0kgcg/i_work_in_healthcareai_is_garbage/navcmjn/
comment,narh8fs,nar6u9m,artificial,esophagusintubater,1756215694.0,1,"I think that’s what it excels at. High sensitivity data/imaging review for pathology 

But still needs a real doctor to put it all together. Don’t think this will ever change.",autonomous surgery,Cautious or mixed about autonomous surgery,0.4901822507381439,2,https://reddit.com/r/artificial/comments/1n0kgcg/i_work_in_healthcareai_is_garbage/narh8fs/
comment,nassdez,nar6u9m,artificial,Zemeniite,1756229260.0,1,"I am also a Machine Learning engineer at a company that does projects with medical imaging. Last year I worked with brain CT scans to quickly detect and segment stroke. We worked with radiologists with more than 20 yoe, 3 experts labelled each scan (and we had about 6-8 radiologists do the labelling) and we came to a conclusion that their opinion heavily varied. We improved accuracy by at least 5% with our model compared to the experts.


The problem is that people think that AI == ChatGPT (whatever version). When in reality especially in medicine we train custom architectures with very well labelled datasets.",autonomous surgery,Cautious or mixed about autonomous surgery,0.45692139863967896,2,https://reddit.com/r/artificial/comments/1n0kgcg/i_work_in_healthcareai_is_garbage/nassdez/
comment,natu6nj,nar6u9m,artificial,Kingofawesomenes,1756240041.0,1,"Right?? We use AI based enhancement for aquisition, leading to shorter scan times and higher resolution in MRI. I works really well and has a lot of benifits. Just calling AI in general ""garbage"" is VERY short sighted",autonomous surgery,Neutral or informational about autonomous surgery,0.5420182347297668,2,https://reddit.com/r/artificial/comments/1n0kgcg/i_work_in_healthcareai_is_garbage/natu6nj/
comment,navc12t,nar6u9m,artificial,GarethBaus,1756257396.0,1,"Yeah, this type of specialized model is probably how AI is most likely to improve medicine the most at least over the short and medium term.",autonomous surgery,Neutral or informational about autonomous surgery,0.46544817090034485,2,https://reddit.com/r/artificial/comments/1n0kgcg/i_work_in_healthcareai_is_garbage/navc12t/
comment,nb25tzs,nar6u9m,artificial,KindImpression5651,1756346264.0,1,i've read that some people allegedly got chatgpt to look at stuff like cat scan. how does one do that?,autonomous surgery,Cautious or mixed about autonomous surgery,0.526107668876648,2,https://reddit.com/r/artificial/comments/1n0kgcg/i_work_in_healthcareai_is_garbage/nb25tzs/
comment,nb29ogs,nb25tzs,artificial,MentalSewage,1756347640.0,1,I'd imagine you just attach a photo and prompt it but I don't know if I'd take anything it had to say seriously,autonomous surgery,Neutral or informational about autonomous surgery,0.42697495222091675,3,https://reddit.com/r/artificial/comments/1n0kgcg/i_work_in_healthcareai_is_garbage/nb29ogs/
post,1pumfsr,,cs50,,1766579845.0,1,"Are we ready for ""Autopilot"" in the Operation Room? autonomous surgery no humain needed?
**Imagine a robot that doesn't just assist a surgeon but is the surgeon.**

> *Autonomous robots training on MedTube is closer than you think.*

**Autonomous Robotic Surgery (ARS)** - We’re talking about moving past the current Da Vinci systems (which are basically high-tech tools and knifes) to a world where the robot operates with zero human intervention.

How it would work: Instead of a human surgeon practicing, these robots would be fed ""synthetic data"" from platforms like TouchSurgery or MedTube. Using Imitation Learning, the AI ""watches"" 10,000 appendectomies, learns the optimal way to handle different tissue types, and perfects the procedure.

The ultimate Personalized Medicine: The crazy part? These bots could integrate MRI and CT scans at a level no human can match. It wouldn't just be ""an"" appendectomy; it would be your appendectomy. The robot would have a 3D map of your specific anatomy, knowing exactly where every vein and nerve is located before the first incision. No more ""guessing"" or ""surprises"" when they open you up.

But... the **Cybersecurity Nightmare**: We’ve all seen those videos of smart cars getting hacked (*Youtube : https://www.youtube.com/watch?v=HauQtcj7UTM* ). If a car gets hacked, it’s a disaster. If a surgical robot gets hacked mid-operation? That’s a whole different level of horror.

C/C: Robots are being trained on surgical data to operate autonomously like Tesla’s Autopilot. It’s the peak of personalized medicine, but the hacking risks are terrifying.",autonomous surgery,Cautious or mixed about autonomous surgery,0.6569419503211975,0,https://reddit.com/r/cs50/comments/1pumfsr/are_we_ready_for_autopilot_in_the_operation_room/
comment,nvpk87g,1pumfsr,cs50,penguins871409,1766580565.0,3,I work on surgery and all I have to say about this is HELL NO,autonomous surgery,Opposed to autonomous surgery,0.625350832939148,1,https://reddit.com/r/cs50/comments/1pumfsr/are_we_ready_for_autopilot_in_the_operation_room/nvpk87g/
comment,nvpjwby,1pumfsr,cs50,ConfidentCollege5653,1766580415.0,2,"lol, how's Tesla's autopilot doing?",autonomous surgery,Cautious or mixed about autonomous surgery,0.7568531036376953,1,https://reddit.com/r/cs50/comments/1pumfsr/are_we_ready_for_autopilot_in_the_operation_room/nvpjwby/
comment,nvtayqx,1pumfsr,cs50,frivolityflourish,1766630103.0,2,Who due I sue for malpractice when they cut off the wrong leg?,autonomous surgery,Cautious or mixed about autonomous surgery,0.5955624580383301,1,https://reddit.com/r/cs50/comments/1pumfsr/are_we_ready_for_autopilot_in_the_operation_room/nvtayqx/
post,1pjrc00,,ORTHODRCLINIC,,1765437225.0,1,"What are the New Technologies in Robotic Surgery
Robotic surgical treatment has revolutionized modern medication, imparting unmatched precision, control, and safety in complex surgical methods. With continuous technological advancements, the field of robot-assisted surgical procedure is witnessing new improvements which might be redefining affected person care. At Dr. Shashank Gabhe’s Advanced Robotic Surgery Centre, we include the latest robotic technology to ensure the most efficient treatment for our patients.

# Miniaturized Robotic Instruments

One of the most amazing improvements is the improvement of extremely-miniature robotic instruments. These micro-equipment allow surgeons to carry out distinctly delicate operations with minimum disruption to surrounding tissues. 

**AI-Powered Surgical Assistance**

Artificial intelligence (AI) is reworking robotic surgical operations through shrewd help. Modern systems can now examine vast quantities of surgical facts to offer real-time pointers at some stage in processes. AI allows in figuring out anatomical landmarks, heading off critical systems, and predicting headaches, ultimately improving surgical precision and decreasing chance.

**Haptic Feedback Technology**

Earlier robotic surgical treatment needed tactile sensation. But new methods now include haptic feedback technology. Surgeons can “sense” tissue opposition. Through comfort, improving their control and accuracy. This progress is especially precious in touchy surgical methods like prostatectomy or tumor excision. Where tissue sensitivity is important.

**Augmented Reality (AR) Integration**

Augmented Reality (AR) in robot surgical treatment overlays digital pix onto the actual surgical discipline, supplying 3-D visualization of inner structures. Surgeons can now see blood vessels, tumors, and organ obstacles in real-time, mainly to better make plans and execute complex methods. AR-guided surgical procedure notably reduces errors and complements effects.

**Single-Port Robotic Surgery**

Single-port or single-incision robotic structures are gaining reputation for their minimally invasive advantages. These structures permit complete surgeries to be performed through a single, small entry point. 

**Automated Suturing and Tissue Sealing**

New robotic systems are capable of autonomously performing complicated tasks including suturing and tissue sealing. These automated capabilities lessen the burden on surgeons, enhance consistency, and accelerate the general method time. For patients, this interprets to less anesthesia exposure and faster recovery.

# Some Advantages of Robotic Surgery 

 

Robotic surgeries give immediate precision which reduces errors during delicate procedures. 

Smaller incisions cause less tissue damage, fewer scars and also reduce the risk of infection. 

Advanced control helps reduce bleeding during surgery. 

Sometimes the patient gets quicker treatment and has to spend less time in the hospital. 

Minimally invasive techniques provide considerable relief from pain and discomfort.

3D high definition cameras show an advanced view of the operating area. 

Robotic technology offers standardized movements, resulting in repeatable and reliable surgical results allowing doctors to perform procedures that would be difficult to perform using traditional methods.

Good precision results in reduced surgical complications and improved safety.

# Embrace the Future with Robotic Surgery in Thane

 

Dr. Shashank Gabhe’s information in robot surgical treatment in Thane ensures patients benefit from modern techniques with a unique, caring method. Dr. Shashank Gabhe promises to ensure that every patient receives the most advanced technology in orthopedic care.

To know more about advanced robotic-assisted surgery in Thane, start visiting today.",autonomous surgery,Supportive of autonomous surgery,0.8287950158119202,0,https://reddit.com/r/ORTHODRCLINIC/comments/1pjrc00/what_are_the_new_technologies_in_robotic_surgery/
post,1lwizo5,,indianmedschool,,1752169192.0,4,"Robot performs surgery autonomously (on a human model) - what does this portend for the future?
At Johns Hopkins Univ., robot performs cholecystectomy on a patient model, unassisted. 

https://hub.jhu.edu/2025/07/09/robot-performs-first-realistic-surgery-without-human-help/",autonomous surgery,Cautious or mixed about autonomous surgery,0.7934441566467285,0,https://reddit.com/r/indianmedschool/comments/1lwizo5/robot_performs_surgery_autonomously_on_a_human/
comment,n2egic4,1lwizo5,indianmedschool,AutoModerator,1752169193.0,1,"**Welcome, u/GreenAbbreviations91! Thank you for posting on /r/IndianMedSchool.**

* Do ensure that you have read our [**subreddit rules**](https://reddit.com/r/indianmedschool/about/rules) before posting. Any post that violates our rules will be removed immediately. Readers, if this post violates our subreddit rules - *do not engage, just report*.

* ***Reminder: this subreddit is not intended to seek medical advice of any kind. Please see a doctor in real life. We perma-ban all users who ask for medical advice.*** Please respect our community guidelines and direct your queries to practitioners of Modern Medicine in real life.

* Please follow [Reddit content policy](https://www.reddit.com/help/contentpolicy/) and [Reddiquette](https://support.reddithelp.com/hc/en-us/articles/205926439-Reddiquette) at all times. :)

* Check out our [Indian Medical School Group Chat](https://www.reddit.com/r/indianmedschool/s/VAKdzyZBn2)!

[Wiki - has study resource recs and important notices](https://www.reddit.com/r/indianmedschool/wiki/index/) **|** [Our Discord server](https://discord.gg/dgvMMCy) **|** [Modmail](https://www.reddit.com/message/compose?to=r/indianmedschool)

*I am a bot, and this action was performed automatically. Please [contact the moderators of this subreddit](/message/compose/?to=/r/indianmedschool) if you have any questions or concerns.*",autonomous surgery,Cautious or mixed about autonomous surgery,0.3565385639667511,1,https://reddit.com/r/indianmedschool/comments/1lwizo5/robot_performs_surgery_autonomously_on_a_human/n2egic4/
comment,n2eix5t,1lwizo5,indianmedschool,Additional-Peach4310,1752169840.0,14,"In the context of India, not really worried. Government hospitals (which is where the majority of patients go) sometimes run out of IV cannulas and bandages and NS, obviously aren’t going to get actual robots and even if they do, they’ll fail to maintain them. Corporate, private maybe yes but its going to be v v expensive (you’re paying for private care PLUS the robot maintenance PLUS the actual cost)",autonomous surgery,Cautious or mixed about autonomous surgery,0.5239070653915405,1,https://reddit.com/r/indianmedschool/comments/1lwizo5/robot_performs_surgery_autonomously_on_a_human/n2eix5t/
comment,n2emz8k,n2eix5t,indianmedschool,Pranavm3112,1752170947.0,1,"Lmao if youre going to private you aren't looking to be paying a lot of money to get treated by a robot in initial phases, they would have to incentivise it's use by giving discount",autonomous surgery,Cautious or mixed about autonomous surgery,0.5841197967529297,2,https://reddit.com/r/indianmedschool/comments/1lwizo5/robot_performs_surgery_autonomously_on_a_human/n2emz8k/
comment,n2eqbmi,n2emz8k,indianmedschool,Additional-Peach4310,1752171886.0,2,And where’s the money going to come from? To maintain that thing?,autonomous surgery,Cautious or mixed about autonomous surgery,0.6195787191390991,3,https://reddit.com/r/indianmedschool/comments/1lwizo5/robot_performs_surgery_autonomously_on_a_human/n2eqbmi/
comment,n2eqi5b,n2emz8k,indianmedschool,Additional-Peach4310,1752171937.0,1,"And I think even with a discount, it’d be fairly expensive making it available only to a select few",autonomous surgery,Cautious or mixed about autonomous surgery,0.5551376938819885,3,https://reddit.com/r/indianmedschool/comments/1lwizo5/robot_performs_surgery_autonomously_on_a_human/n2eqi5b/
comment,n2hbng4,1lwizo5,indianmedschool,stup1fY,1752201431.0,3,"Went through the article and the video, the robot only did the clipping and cutting part of the duct and artery after being marked with a special dye which even a layperson can do, in time.

  
The most essential part of surgery, in  a very simplified way:   
is the presentation of anatomy which is different for each patient with consideration to abnormal anatomy, the presence or absence of adhesions (organs being stuck to each other, sometimes its stuck like how your skin get stuck to fevikwick/super glue)  and its severity, then tissue handling since every tissue in the body responds differently to how you handle it and tissue strength varies from person to person and also the disease state of the tissue.  
After that is the dissection, handling of intra-operative complications/bleeding which only comes with experience.

Not worth spending crores of rupees just for the robot to clip a vessel and and a duct which even an OT assistant / Intern can easily do.

Try as hard as they can, robots/ai will never replace a surgeon, at least IMO",autonomous surgery,Cautious or mixed about autonomous surgery,0.3950745463371277,1,https://reddit.com/r/indianmedschool/comments/1lwizo5/robot_performs_surgery_autonomously_on_a_human/n2hbng4/
comment,n2ig232,1lwizo5,indianmedschool,sanemaddyco,1752220271.0,1,Me sleeping peacefully after knowing ai surgery bhi kha jayega,autonomous surgery,Neutral or informational about autonomous surgery,0.44246891140937805,1,https://reddit.com/r/indianmedschool/comments/1lwizo5/robot_performs_surgery_autonomously_on_a_human/n2ig232/
comment,n2elo8z,1lwizo5,indianmedschool,GreenAbbreviations91,1752170582.0,1,"Video shared by researcher that worked on the framework
https://x.com/jwbkim/status/1943124625229250976",autonomous surgery,Neutral or informational about autonomous surgery,0.48458269238471985,1,https://reddit.com/r/indianmedschool/comments/1lwizo5/robot_performs_surgery_autonomously_on_a_human/n2elo8z/
post,1oefvif,,STEW_ScTecEngWorld,,1761255180.0,3,"Eye surgery for age-related macular degeneration: German researchers develop an eye surgery robot that prepares in minutes and injects with micron precision
***New robot delivers ultra-precise syringes and is quickly ready for use*** \- Even many surgeons now admit that medical robots can operate with greater precision than human surgeons. However, the complex preparation for robotic surgeries still takes far too long. The new robotic assistant for eye surgery for age-related macular degeneration (AMD), developed by the Technical University of Munich (TUM), on the other hand, is ready to operate in just under five minutes. Doctors currently treat AMD with medications injected into the side of the eye. The robot is capable of delivering injections with a deviation of just 15 micrometers into the 200 micrometer-thick retina. This delivers the drug precisely to the right spot, where it can block a growth factor that, if left unchecked, would lead to blindness. Currently, almost 200 million people worldwide suffer from the disease; by 2040, this number is expected to rise to more than 280 million. People over 60 are particularly affected, with AMD being the cause of almost one in ten cases of blindness among them.

**Publications**

**(1)** PAROS: Multi-Component Robotic System and an Image-Guided Patient Alignment for Robot-Assisted Ophthalmic Surgery; Alireza Alikhani, Van Dai Nguyen, Satoshi Inagaki, Benjamin Busam, Koorosh Faridpooya, Mathias Maier, Peter Gehlbach, Iulian Iordachita, Nassir Navab, M. Ali Nasseri, Daniel Zapp; 2025; [https://ieeexplore.ieee.org/document/11003878](https://ieeexplore.ieee.org/document/11003878)

**(2)** Towards Motion Compensation in Autonomous Robotic Subretinal Injections; Demir Arikan, Mojtaba Esfandiari, Peiyao Zhang, Michael Sommersperger, Shervin Dehghani, Russell H. Taylor, M. Ali Nasseri, Peter Gehlbach, Nassir Navab, Iulian Iordachita; International Symposium on Medical Robotics (ISMR), 2025:  [https://ieeexplore.ieee.org/document/11025990](https://ieeexplore.ieee.org/document/11025990)",autonomous surgery,Cautious or mixed about autonomous surgery,0.5749598741531372,0,https://reddit.com/r/STEW_ScTecEngWorld/comments/1oefvif/eye_surgery_for_agerelated_macular_degeneration/
post,1ly9g9o,,ArtificialInteligence,,1752350002.0,0,"AI Controlled Robotic Surgery
Would you sign a waiver to allow a robot controlled by an autonomous AI to preform surgery on you?

https://x.com/tisimtickler/status/1944121229675573545?s=46&t=CPWNsCp5DbWlOC28pNzTzg",autonomous surgery,Cautious or mixed about autonomous surgery,0.661626398563385,0,https://reddit.com/r/ArtificialInteligence/comments/1ly9g9o/ai_controlled_robotic_surgery/
comment,n2s4b83,1ly9g9o,ArtificialInteligence,AutoModerator,1752350003.0,1,"## Welcome to the r/ArtificialIntelligence gateway
### Question Discussion Guidelines

---

Please use the following guidelines in current and future posts:

* Post must be greater than 100 characters - the more detail, the better.
* Your question might already have been answered. Use the search feature if no one is engaging in your post.
    * AI is going to take our jobs - its been asked a lot!
* Discussion regarding positives and negatives about AI are allowed and encouraged. Just be respectful.
* Please provide links to back up your arguments.
* No stupid questions, unless its about AI being the beast who brings the end-times. It's not.

###### Thanks - please let mods know if you have any questions / comments / etc

*I am a bot, and this action was performed automatically. Please [contact the moderators of this subreddit](/message/compose/?to=/r/ArtificialInteligence) if you have any questions or concerns.*",autonomous surgery,Cautious or mixed about autonomous surgery,0.3648339807987213,1,https://reddit.com/r/ArtificialInteligence/comments/1ly9g9o/ai_controlled_robotic_surgery/n2s4b83/
comment,n2s93uv,1ly9g9o,ArtificialInteligence,NobleRotter,1752351537.0,3,"> would it help if it was branded @grok ?

It would help me decide for sure!",autonomous surgery,Neutral or informational about autonomous surgery,0.3606230318546295,1,https://reddit.com/r/ArtificialInteligence/comments/1ly9g9o/ai_controlled_robotic_surgery/n2s93uv/
comment,n2t7ib3,n2s93uv,ArtificialInteligence,El_Guapo00,1752363141.0,1,Mechahitler?,autonomous surgery,Cautious or mixed about autonomous surgery,0.42228424549102783,2,https://reddit.com/r/ArtificialInteligence/comments/1ly9g9o/ai_controlled_robotic_surgery/n2t7ib3/
comment,n2sp1bp,1ly9g9o,ArtificialInteligence,Plastic_Apricot_3819,1752356725.0,2,i mean if it got good at it sure,autonomous surgery,Neutral or informational about autonomous surgery,0.47591203451156616,1,https://reddit.com/r/ArtificialInteligence/comments/1ly9g9o/ai_controlled_robotic_surgery/n2sp1bp/
comment,n2sq2lp,1ly9g9o,ArtificialInteligence,Agitated_Macaron9054,1752357073.0,2,"Yes, an AI with 99.9999% success rate on thousands of surgeries will always beat the average human doctor with 93% average success rate.  Just google “doctor removed liver in lieu of spleen by mistake and the patient died”",autonomous surgery,Supportive of autonomous surgery,0.42384111881256104,1,https://reddit.com/r/ArtificialInteligence/comments/1ly9g9o/ai_controlled_robotic_surgery/n2sq2lp/
comment,n2s6wdr,1ly9g9o,ArtificialInteligence,defiCosmos,1752350837.0,3,"Mabey after its had at least 1000 successfull sugerys in a row, with no mess ups.

Actually naw, im good.",autonomous surgery,Neutral or informational about autonomous surgery,0.4956205189228058,1,https://reddit.com/r/ArtificialInteligence/comments/1ly9g9o/ai_controlled_robotic_surgery/n2s6wdr/
post,1lwzqra,,ConsultantDoctorsUK,,1752215315.0,17,"Autonomous robot surgeon removes organs with 100% success rate

https://newatlas.com/robotics/worlds-first-robot-surgery/ 


Summary:


**Autonomous Robot Surgeon Achieves 100% Success Rate in Gallbladder Removal**

A team of researchers at Johns Hopkins University has developed an autonomous robot surgeon, named SRT-H (Surgical Robot Transformer-Hierarchy), that can perform gallbladder removal surgery with a 100% success rate. The key highlights:

- SRT-H was trained on videos of surgical procedures and was able to conduct the full gallbladder removal (cholecystectomy) operation on its own, using only voice commands.
- The robot demonstrated the ability to adapt and understand the surgical procedure in real-time, adjusting its actions as needed, rather than just following a pre-programmed script.
- SRT-H achieved a 100% success rate in eight different gallbladder removal surgeries performed on a realistic human-like model.
- The robot uses the same machine learning architecture as ChatGPT, allowing it to respond to spoken commands, correct itself, and learn from experience.
- This breakthrough represents a major advancement in the field of surgical robotics, bringing autonomous surgical systems closer to clinical viability.
- The researchers expect SRT-H to be ready for use on actual human patients within the next decade, as it expands its expertise to perform a variety of autonomous surgical procedures.

This development could have significant implications for the future of surgical care, potentially improving precision, consistency, and accessibility of complex medical procedures.",autonomous surgery,Supportive of autonomous surgery,0.4135698080062866,0,https://reddit.com/r/ConsultantDoctorsUK/comments/1lwzqra/autonomous_robot_surgeon_removes_organs_with_100/
comment,n2icie7,1lwzqra,ConsultantDoctorsUK,blacktoelover,1752218254.0,34,"A person off the street can take a gallbladder out of a laparoscopic simulator with a couple of hours of practice. The gap to doing it on a person with pathology is enormous.


Fully driving cars have been happening within the next year for seemingly decades. The last 5% is 95% of the work.",autonomous surgery,Cautious or mixed about autonomous surgery,0.4652744233608246,1,https://reddit.com/r/ConsultantDoctorsUK/comments/1lwzqra/autonomous_robot_surgeon_removes_organs_with_100/n2icie7/
comment,n2j87gb,n2icie7,ConsultantDoctorsUK,Mountain_Driver8420,1752234786.0,12,I agree. Anyone could take a simple GB out. The main reason surgeons are paid is not for surgeries that go well but rather the ability to react  when things go wrong which is increasingly more difficult in patients with pathology,autonomous surgery,Supportive of autonomous surgery,0.5228858590126038,2,https://reddit.com/r/ConsultantDoctorsUK/comments/1lwzqra/autonomous_robot_surgeon_removes_organs_with_100/n2j87gb/
comment,n2iaftk,1lwzqra,ConsultantDoctorsUK,OkCardiologist3104,1752217121.0,17,"Nice GPT post.

But if it’s relying on commands, that is not autonomous.",autonomous surgery,Cautious or mixed about autonomous surgery,0.516139030456543,1,https://reddit.com/r/ConsultantDoctorsUK/comments/1lwzqra/autonomous_robot_surgeon_removes_organs_with_100/n2iaftk/
comment,n2if7uq,n2iaftk,ConsultantDoctorsUK,Canyon7096,1752219795.0,-2,Used gpt to generate summary to save time.  Well spotted!,autonomous surgery,Neutral or informational about autonomous surgery,0.565325140953064,2,https://reddit.com/r/ConsultantDoctorsUK/comments/1lwzqra/autonomous_robot_surgeon_removes_organs_with_100/n2if7uq/
comment,n2iqqf2,1lwzqra,ConsultantDoctorsUK,minecraftmedic,1752226430.0,12,"I too can remove organs with 100% success rate. 

I can't promise you'll live, or that it will be the organ you wanted, but I will successfully remove it!",autonomous surgery,Cautious or mixed about autonomous surgery,0.46979016065597534,1,https://reddit.com/r/ConsultantDoctorsUK/comments/1lwzqra/autonomous_robot_surgeon_removes_organs_with_100/n2iqqf2/
comment,n37yosf,1lwzqra,ConsultantDoctorsUK,Firebolt145,1752563400.0,2,As long as it doesn't remove the liver instead of a spleen...,autonomous surgery,Cautious or mixed about autonomous surgery,0.6339778900146484,1,https://reddit.com/r/ConsultantDoctorsUK/comments/1lwzqra/autonomous_robot_surgeon_removes_organs_with_100/n37yosf/
post,1kfzu9n,,BB_Stock,,1746522046.0,33,"From Assembly Lines to Surgery: Why China Trusts Robots — and QNX Makes It Possible

On April 30 and May 6, 2025, BlackBerry's QNX division released a two-part global research report showing a significant rise in the adoption of robotics in workplaces, with China emerging as the clear leader in both implementation and trust. The data, based on a survey conducted between March 5 and March 14, 2025, among 1,000 senior decision-makers in industries such as healthcare, manufacturing, automotive, and heavy industry, highlights not only a rapid global shift toward automation, but also the growing importance of trust, safety, and performance as key enablers.

Globally, 77% of technology leaders now say they trust robots to perform critical workplace functions. In China, that number rises to a striking 92%. Furthermore, 89% of Chinese companies have already adopted some form of robotics, significantly above the global average of 50%. Chinese executives also expect that 32% of jobs will be automated by robotics within the next decade—compared to 20% globally.

The most common uses of robots include automation, manufacturing, logistics, support functions, and high-risk environments. What drives trust in these machines? The report identifies two primary factors: proven reliability and performance (cited by 43% of Chinese respondents), and strong safety and risk control mechanisms (40%). These elements are especially crucial when humans work alongside robots, where even small software failures can lead to serious consequences.

Comfort levels vary across industries and use cases. In China, most respondents feel positive about robot collaboration on structured tasks such as assembly lines (94%) and logistics (90%). However, this comfort drops in sensitive or complex fields—such as robotic-assisted surgery—where only 74% feel at ease, and 25% express clear discomfort. This mirrors global attitudes, where robots are welcomed for repetitive or dangerous work, but met with hesitation in areas requiring empathy, precision, or human judgment.

Despite strong adoption, safety remains a concern. Globally, 58% of respondents are worried about the cybersecurity risks that robotics introduce, and 29% report actual safety incidents involving robots. In China, 31% of respondents share safety concerns, and 24% have experienced robot-related accidents first-hand. These figures show that while trust in technology is growing, it remains fragile and must be supported by robust safety systems, transparent governance, and resilient infrastructure.

This is where BlackBerry QNX plays a foundational role. While often invisible to end users, QNX’s technology is essential to the safe and secure functioning of robotic systems. The company provides real-time operating systems (RTOS), hypervisors, middleware, and development tools designed specifically for high-stakes environments like robotics, autonomous vehicles, medical devices, and industrial automation.

QNX software is known for its reliability—used in over 255 million vehicles globally—and is trusted by nine of the world’s ten largest medical device manufacturers. It’s designed for systems that simply cannot fail: surgical robots, autonomous forklifts, or factory arms handling dangerous tasks. With features such as real-time responsiveness, functional safety certification, and robust cybersecurity, QNX ensures that robots perform precisely and safely, even under complex, time-sensitive conditions.

Beyond technology, China’s leadership also reflects alignment between policy, industry, and workforce culture. The May 6 report notes that 81% of Chinese tech leaders are satisfied with their country’s AI and robotics regulations—compared with a global average of the same—suggesting that regulation is not viewed as a bottleneck but as a supportive framework. Even more striking, 99% of Chinese executives believe that employees should be actively involved in decisions around robotics adoption, reinforcing the importance of trust-building not just with machines, but within teams.

In essence, China’s robotics leadership is not simply a matter of technology—it’s a result of coordinated progress across innovation, governance, and organizational culture. And while China leads in many metrics, the global trend is undeniable: we are entering an era where robotics will fundamentally reshape how work is done. But for this transition to succeed, it must be built on trust—trust in performance, in safety, and in the software that connects it all.

BlackBerry QNX is positioned at the core of this shift. By delivering safe, secure, and dependable software platforms, QNX enables companies worldwide to confidently adopt robotics without compromising the well-being of workers or the reliability of operations. As industries evolve and automation accelerates, the companies that prioritize safety, trust, and strong system foundations will be the ones who define the next industrial era.


April 30, 2025: https://www.blackberry.com/us/en/company/newsroom/press-releases/2025/qnx-esearch-reveals-77-percent-of-global-technology-leaders-trusting-of-robotics-in-the-workplace

May 6, 2025: https://m.eeworld.com.cn/ic_article/492/695581.html",autonomous surgery,Supportive of autonomous surgery,0.31426623463630676,0,https://reddit.com/r/BB_Stock/comments/1kfzu9n/from_assembly_lines_to_surgery_why_china_trusts/
comment,mquuctl,1kfzu9n,BB_Stock,Odd-Beautiful-1390,1746523562.0,6,"Dazzling, I hope you are not polluting this board with chatgpt...your articles are good but summarizing key points on your own may be better for all readers here...",autonomous surgery,Neutral or informational about autonomous surgery,0.3914681077003479,1,https://reddit.com/r/BB_Stock/comments/1kfzu9n/from_assembly_lines_to_surgery_why_china_trusts/mquuctl/
comment,mqv2ist,mquuctl,BB_Stock,Dazzling-Art-1965,1746528295.0,1,"Calling a well-researched and contextualized post “polluting” says more about your mindset than the content itself. This board doesn’t benefit from casual dismissals by people who contribute little or nothing themselves. Yes, I use AI as a tool just like you'd use a search engine or spreadsheet but the analysis and framing are my own. If you have meaningful input to add, by all means, do so. If not, your noise adds far less value than the post you’re critiquing.",autonomous surgery,Neutral or informational about autonomous surgery,0.3235827684402466,2,https://reddit.com/r/BB_Stock/comments/1kfzu9n/from_assembly_lines_to_surgery_why_china_trusts/mqv2ist/
comment,mqv3ilj,mqv2ist,BB_Stock,Odd-Beautiful-1390,1746528794.0,9,"Sorry, no offense...but generative AI can get verbose and lose meaning on reddit boards where attention span is very limited...using bullets to convey your points may be more meaningful but I have been mistaken before...",autonomous surgery,Cautious or mixed about autonomous surgery,0.44372662901878357,3,https://reddit.com/r/BB_Stock/comments/1kfzu9n/from_assembly_lines_to_surgery_why_china_trusts/mqv3ilj/
comment,mqvddpe,1kfzu9n,BB_Stock,Keith1327,1746533226.0,2,"Significant rise in the adoption of robotics in workplaces, yet QNX revenues aren't showing that..... that would indicate that at least right now, QNX has no part of that.

I do think QNX is well positioned to be a player... but that was true in Smartphones as well.",autonomous surgery,Neutral or informational about autonomous surgery,0.44173112511634827,1,https://reddit.com/r/BB_Stock/comments/1kfzu9n/from_assembly_lines_to_surgery_why_china_trusts/mqvddpe/
comment,mqx7sk0,mqvddpe,BB_Stock,takedown2021,1746553701.0,1,"QNX has a part in That, however the totality of revenues for future or the depth of penetration is not known so therefore they are not applying numbers to it just yet.",autonomous surgery,Cautious or mixed about autonomous surgery,0.5402348637580872,2,https://reddit.com/r/BB_Stock/comments/1kfzu9n/from_assembly_lines_to_surgery_why_china_trusts/mqx7sk0/
comment,mqvmk4f,1kfzu9n,BB_Stock,Holiday-Session8022,1746536734.0,2,"QNX is going to ride next wave of Robotics. Critical task is only trusted with QNX, AMD Intel Nvidia all on board with QNX because of that.

""Globally, 77% of technology leaders now say they trust robots to perform critical workplace functions. In China, that number rises to a striking 92%.""",autonomous surgery,Neutral or informational about autonomous surgery,0.33021292090415955,1,https://reddit.com/r/BB_Stock/comments/1kfzu9n/from_assembly_lines_to_surgery_why_china_trusts/mqvmk4f/
post,4igh6o,,mechanical_gifs,,1462743229.0,674,The first autonomous robotic surgeon that can perform surgeries on soft tissues.,autonomous surgery,Neutral or informational about autonomous surgery,0.46204158663749695,0,https://reddit.com/r/mechanical_gifs/comments/4igh6o/the_first_autonomous_robotic_surgeon_that_can/
comment,d2y1vbt,4igh6o,mechanical_gifs,mrpopenfresh,1462755358.0,49,"Autonomous- has a visible human hand in the shot and text of ""limited human intervention"" flashes on screen.",autonomous surgery,Neutral or informational about autonomous surgery,0.5051043629646301,1,https://reddit.com/r/mechanical_gifs/comments/4igh6o/the_first_autonomous_robotic_surgeon_that_can/d2y1vbt/
comment,d2y28j3,d2y1vbt,mechanical_gifs,crbn_kllr,1462755992.0,34,More like *autonomish*..amirite?...guys?,autonomous surgery,Supportive of autonomous surgery,0.48946115374565125,2,https://reddit.com/r/mechanical_gifs/comments/4igh6o/the_first_autonomous_robotic_surgeon_that_can/d2y28j3/
comment,d2y4gb2,d2y28j3,mechanical_gifs,otterom,1462759850.0,16,"Easy, Connery.",autonomous surgery,Neutral or informational about autonomous surgery,0.4212402105331421,3,https://reddit.com/r/mechanical_gifs/comments/4igh6o/the_first_autonomous_robotic_surgeon_that_can/d2y4gb2/
comment,d2xz53z,4igh6o,mechanical_gifs,c2225,1462750415.0,14,"Neat, it's like a sewing machine for your bod!",autonomous surgery,Supportive of autonomous surgery,0.6623624563217163,1,https://reddit.com/r/mechanical_gifs/comments/4igh6o/the_first_autonomous_robotic_surgeon_that_can/d2xz53z/
comment,d2y1z03,4igh6o,mechanical_gifs,Ucantalas,1462755538.0,13,"Man, those captions had me confused for a second, thought I was on /r/wheredidthesodago",autonomous surgery,Cautious or mixed about autonomous surgery,0.30323538184165955,1,https://reddit.com/r/mechanical_gifs/comments/4igh6o/the_first_autonomous_robotic_surgeon_that_can/d2y1z03/
comment,d2y077u,4igh6o,mechanical_gifs,deleted,1462752343.0,5,What a time to be alive. In 50 years time these kind of robots will be everywhere.,autonomous surgery,Supportive of autonomous surgery,0.44052812457084656,1,https://reddit.com/r/mechanical_gifs/comments/4igh6o/the_first_autonomous_robotic_surgeon_that_can/d2y077u/
comment,d2y3apf,d2y077u,mechanical_gifs,deleted,1462757921.0,31,[deleted],autonomous surgery,Cautious or mixed about autonomous surgery,0.6064028143882751,2,https://reddit.com/r/mechanical_gifs/comments/4igh6o/the_first_autonomous_robotic_surgeon_that_can/d2y3apf/
comment,d2ybieb,d2y3apf,mechanical_gifs,hesapmakinesi,1462774498.0,3,Vasectomy is the Happy Meal of the week.,autonomous surgery,Neutral or informational about autonomous surgery,0.5040290355682373,3,https://reddit.com/r/mechanical_gifs/comments/4igh6o/the_first_autonomous_robotic_surgeon_that_can/d2ybieb/
comment,d2yb3tz,d2y077u,mechanical_gifs,deleted,1462773347.0,4,well than why is 50 years before it happens such a great time to be alive?,autonomous surgery,Cautious or mixed about autonomous surgery,0.5816920399665833,2,https://reddit.com/r/mechanical_gifs/comments/4igh6o/the_first_autonomous_robotic_surgeon_that_can/d2yb3tz/
comment,d2ylf2m,d2yb3tz,mechanical_gifs,GAU8Avenger,1462803405.0,1,"Cause we can go up to kids  and say, ""In my day, we could only see prototypes of this thing! We had to get operated on by frail humans""",autonomous surgery,Opposed to autonomous surgery,0.29631784558296204,3,https://reddit.com/r/mechanical_gifs/comments/4igh6o/the_first_autonomous_robotic_surgeon_that_can/d2ylf2m/
comment,d2xvsfx,4igh6o,mechanical_gifs,prkrrlz,1462744567.0,36,fuck that. One little power surge and that thing could kill everyone in the room like in Spiderman 2.,autonomous surgery,Cautious or mixed about autonomous surgery,0.4468434453010559,1,https://reddit.com/r/mechanical_gifs/comments/4igh6o/the_first_autonomous_robotic_surgeon_that_can/d2xvsfx/
comment,d2xzimu,d2xvsfx,mechanical_gifs,amap100,1462751107.0,54,"I work with robots like that except much much bigger.  They have breaks for events like that and just stop where they are. Along with a power protection from the hospital, there are all sorts of fuses to be fried before it just swings out randomly. That's not to say it won't stop while clamped up on your balls during a vasectomy, but it's not going to pile drive your boys into oblivion either.",autonomous surgery,Cautious or mixed about autonomous surgery,0.5217933654785156,2,https://reddit.com/r/mechanical_gifs/comments/4igh6o/the_first_autonomous_robotic_surgeon_that_can/d2xzimu/
comment,d2y0uis,d2xvsfx,mechanical_gifs,SwanJumper,1462753518.0,5,Like the hospital or manufacturer of these devices nevef take that into account right?,autonomous surgery,Cautious or mixed about autonomous surgery,0.5215011835098267,2,https://reddit.com/r/mechanical_gifs/comments/4igh6o/the_first_autonomous_robotic_surgeon_that_can/d2y0uis/
comment,d2xy3l1,d2xvsfx,mechanical_gifs,justtoreplythisshit,1462748548.0,18,Please tell me how a power surge will make the robot kill everyone in the room like in Spiderman 2.,autonomous surgery,Cautious or mixed about autonomous surgery,0.6800699234008789,2,https://reddit.com/r/mechanical_gifs/comments/4igh6o/the_first_autonomous_robotic_surgeon_that_can/d2xy3l1/
comment,d2y157v,d2xy3l1,mechanical_gifs,deleted,1462754044.0,27,"Like... robots, man. Ya know?

^^^/s",autonomous surgery,Cautious or mixed about autonomous surgery,0.4353988766670227,3,https://reddit.com/r/mechanical_gifs/comments/4igh6o/the_first_autonomous_robotic_surgeon_that_can/d2y157v/
comment,d2ybpzp,d2xvsfx,mechanical_gifs,AmbiguousPuzuma,1462775130.0,2,It's presumably designed to stop moving if it has an irregular voltage.,autonomous surgery,Neutral or informational about autonomous surgery,0.4967040717601776,2,https://reddit.com/r/mechanical_gifs/comments/4igh6o/the_first_autonomous_robotic_surgeon_that_can/d2ybpzp/
comment,d2yeoem,d2xvsfx,mechanical_gifs,KlausFenrir,1462785788.0,1,"Wait, what scene?",autonomous surgery,Cautious or mixed about autonomous surgery,0.45537054538726807,2,https://reddit.com/r/mechanical_gifs/comments/4igh6o/the_first_autonomous_robotic_surgeon_that_can/d2yeoem/
comment,d2yksdz,d2yeoem,mechanical_gifs,prkrrlz,1462802360.0,1,Surgery scene,autonomous surgery,Neutral or informational about autonomous surgery,0.7018131613731384,3,https://reddit.com/r/mechanical_gifs/comments/4igh6o/the_first_autonomous_robotic_surgeon_that_can/d2yksdz/
comment,d2yfomh,d2xvsfx,mechanical_gifs,ChaosRevealed,1462789795.0,1,"Like hospitals don't have clean power or backup energy, right?",autonomous surgery,Cautious or mixed about autonomous surgery,0.6090884208679199,2,https://reddit.com/r/mechanical_gifs/comments/4igh6o/the_first_autonomous_robotic_surgeon_that_can/d2yfomh/
post,1lvwx3h,,singularity,,1752101604.0,19,"""SRT-H: A hierarchical framework for autonomous surgery via language-conditioned imitation learning""
[https://www.science.org/doi/10.1126/scirobotics.adt5254](https://www.science.org/doi/10.1126/scirobotics.adt5254)

""Research on autonomous surgery has largely focused on simple task automation in controlled environments. However, real-world surgical applications demand dexterous manipulation over extended durations and robust generalization to the inherent variability of human tissue. These challenges remain difficult to address using existing logic-based or conventional end-to-end learning strategies. To address this gap, we propose a hierarchical framework for performing dexterous, long-horizon surgical steps. Our approach uses a high-level policy for task planning and a low-level policy for generating low-level trajectories. The high-level planner plans in language space, generating task-level or corrective instructions that guide the robot through the long-horizon steps and help recover from errors made by the low-level policy. We validated our framework through ex vivo experiments on cholecystectomy, a commonly practiced minimally invasive procedure, and conducted ablation studies to evaluate key components of the system. Our method achieves a 100% success rate across eight different ex vivo gallbladders, operating fully autonomously without human intervention. The hierarchical approach improved the policy’s ability to recover from suboptimal states that are inevitable in the highly dynamic environment of realistic surgical applications. This work demonstrates step-level autonomy in a surgical procedure, marking a milestone toward clinical deployment of autonomous surgical systems.""",autonomous surgery,Cautious or mixed about autonomous surgery,0.6012306213378906,0,https://reddit.com/r/singularity/comments/1lvwx3h/srth_a_hierarchical_framework_for_autonomous/
comment,n2apr6l,1lvwx3h,singularity,FireNexus,1752116084.0,1,Fuck that shit.,autonomous surgery,Neutral or informational about autonomous surgery,0.344966322183609,1,https://reddit.com/r/singularity/comments/1lvwx3h/srth_a_hierarchical_framework_for_autonomous/n2apr6l/
comment,n2ar89x,n2apr6l,singularity,AngleAccomplished865,1752116654.0,2,Brilliantly argued.,autonomous surgery,Supportive of autonomous surgery,0.4538986384868622,2,https://reddit.com/r/singularity/comments/1lvwx3h/srth_a_hierarchical_framework_for_autonomous/n2ar89x/
comment,n2bajr1,n2ar89x,singularity,FireNexus,1752124957.0,1,Lol.,autonomous surgery,Neutral or informational about autonomous surgery,0.3825696110725403,3,https://reddit.com/r/singularity/comments/1lvwx3h/srth_a_hierarchical_framework_for_autonomous/n2bajr1/
post,1m83mci,,BB_Stock,,1753361645.0,24,"From Autonomous Vehicles to Autonomous Surgery QNX is everywhere
Experimental surgery performed by AI-driven surgical robot. Intuitive Surgical with embedded proprietary RTOS and QNX and Chat GPT like AI by John Hopkins perform gallbladder removal surgery.
[https://arstechnica.com/science/2025/07/experimental-surgery-performed-by-ai-driven-surgical-robot/](https://arstechnica.com/science/2025/07/experimental-surgery-performed-by-ai-driven-surgical-robot/)

Confirmed by Google AI

Intuitive Surgical, a leader in robotic-assisted surgery, utilizes the QNX real-time operating system (RTOS) in their da Vinci surgical systems. Specifically, the da Vinci Si and Xi models are known to incorporate the QNX real-time operating system. QNX's foundational software is designed for embedded systems, offering performance, safety certification, and time-tested reliability, which are crucial in the demanding environment of surgical robotics. 

and by white papers

[https://www.davincisurgerycommunity.com/intuitive/docs/813331-33\_OnSite\_Whitepaper.pdf](https://www.davincisurgerycommunity.com/intuitive/docs/813331-33_OnSite_Whitepaper.pdf)",autonomous surgery,Supportive of autonomous surgery,0.43658512830734253,0,https://reddit.com/r/BB_Stock/comments/1m83mci/from_autonomous_vehicles_to_autonomous_surgery/
comment,n5hoo6e,1m83mci,BB_Stock,Amethyst_Crystal,1753647055.0,1,Good,autonomous surgery,Neutral or informational about autonomous surgery,0.5503180623054504,1,https://reddit.com/r/BB_Stock/comments/1m83mci/from_autonomous_vehicles_to_autonomous_surgery/n5hoo6e/
post,1lwhbyk,,SpaceCannibalism,,1752165329.0,29,Autonomous robot surgeon removes organs with 100% success rate: world's first surgery performed by a robot responding and learning in real time. Its precision and skill matched that of experienced surgeons. It conducted a gallbladder removal on its own on a realistic human-like model.,autonomous surgery,Supportive of autonomous surgery,0.5725712776184082,0,https://reddit.com/r/SpaceCannibalism/comments/1lwhbyk/autonomous_robot_surgeon_removes_organs_with_100/
comment,n2fakw4,1lwhbyk,SpaceCannibalism,Express_Ad5083,1752177717.0,4,Welcome home Paramedic 1,autonomous surgery,Supportive of autonomous surgery,0.4398842453956604,1,https://reddit.com/r/SpaceCannibalism/comments/1lwhbyk/autonomous_robot_surgeon_removes_organs_with_100/n2fakw4/
post,4iedqa,,educationalgifs,,1462710703.0,648,The first autonomous robotic surgeon that can perform surgeries on soft tissues.,autonomous surgery,Neutral or informational about autonomous surgery,0.46204158663749695,0,https://reddit.com/r/educationalgifs/comments/4iedqa/the_first_autonomous_robotic_surgeon_that_can/
comment,d2xkdk1,4iedqa,educationalgifs,Mentalseppuku,1462726347.0,34,"This whole thing looks like it's a low-budget infomercial.  I also wouldn't call a doctor adding a bunch of tags to two pieces of skin and having the robot suture them together ""autonomous surgery"".",autonomous surgery,Cautious or mixed about autonomous surgery,0.42642727494239807,1,https://reddit.com/r/educationalgifs/comments/4iedqa/the_first_autonomous_robotic_surgeon_that_can/d2xkdk1/
comment,d2xow1i,d2xkdk1,educationalgifs,namrog84,1462733615.0,13,"many advertisements and information commercials typically have a more 'to the point' feel to them, they often aren't meant for mass consumption for mass media.  They have a very limited target audience and that audience won't care as much if the infomercial has high production values or not, they just want to see and learn more about the item. 

Not just medical, but most technical fields are filled with such 'low budget looking infomercials' for their products.   
Would you rather the company have spent more on researching their product or on trying to subdue/trick you into buying it?",autonomous surgery,Cautious or mixed about autonomous surgery,0.3740040063858032,2,https://reddit.com/r/educationalgifs/comments/4iedqa/the_first_autonomous_robotic_surgeon_that_can/d2xow1i/
comment,d2xt7yv,d2xkdk1,educationalgifs,deleted,1462740394.0,7,"I disagree strongly. You realize that a huge section of internal medicine is soley dedicated to surgical operations consisting of pinching, sealing, bisecting, and suturing intestinal tissues in a variety of ways right? The little flap of skin in the video is only meant to illustrate the capability of the machine to work with gastrointestinal/epithelial sections in this regard. The speed, precision, and especially possible adaption into laparoscopic deployment are the key selling points. Also that head shown apparently replaces the need for the slower, traditional needle/needle holder arrangement for simple suturing jobs. Surgeons look at this shit and get hard, they don't see it as endangering their jobs.

Source: surgical technician with working exposure to the da Vinci instrument series.",autonomous surgery,Neutral or informational about autonomous surgery,0.4641630947589874,2,https://reddit.com/r/educationalgifs/comments/4iedqa/the_first_autonomous_robotic_surgeon_that_can/d2xt7yv/
comment,d3imdja,d2xt7yv,educationalgifs,deleted,1464145662.0,2,"Well, no, because internal medicine has literally nothing to do with surgery.",autonomous surgery,Cautious or mixed about autonomous surgery,0.47536832094192505,3,https://reddit.com/r/educationalgifs/comments/4iedqa/the_first_autonomous_robotic_surgeon_that_can/d3imdja/
comment,d2xobsj,4iedqa,educationalgifs,Leonashanana,1462732743.0,5,Joe Haldemann has written a novel that features a scene with a robotic surgeon... it's actually kind of hilarious.,autonomous surgery,Neutral or informational about autonomous surgery,0.4432956576347351,1,https://reddit.com/r/educationalgifs/comments/4iedqa/the_first_autonomous_robotic_surgeon_that_can/d2xobsj/
comment,d2xse2n,d2xobsj,educationalgifs,overzealous_dentist,1462739089.0,5,What is it!,autonomous surgery,Cautious or mixed about autonomous surgery,0.36284005641937256,2,https://reddit.com/r/educationalgifs/comments/4iedqa/the_first_autonomous_robotic_surgeon_that_can/d2xse2n/
comment,d2xttvk,d2xse2n,educationalgifs,Leonashanana,1462741363.0,5,"I believe it was called ""Old Twentieth"".",autonomous surgery,Neutral or informational about autonomous surgery,0.5233471989631653,3,https://reddit.com/r/educationalgifs/comments/4iedqa/the_first_autonomous_robotic_surgeon_that_can/d2xttvk/
comment,d2xx8l1,4iedqa,educationalgifs,deltron,1462747015.0,3,Is that a scrotum?,autonomous surgery,Cautious or mixed about autonomous surgery,0.6829345226287842,1,https://reddit.com/r/educationalgifs/comments/4iedqa/the_first_autonomous_robotic_surgeon_that_can/d2xx8l1/
comment,d2xu28d,4iedqa,educationalgifs,deleted,1462741737.0,4,Who gets the blame if it fucks up rips my skin apart,autonomous surgery,Cautious or mixed about autonomous surgery,0.6345425248146057,1,https://reddit.com/r/educationalgifs/comments/4iedqa/the_first_autonomous_robotic_surgeon_that_can/d2xu28d/
comment,d2xwica,d2xu28d,educationalgifs,GoonCommaThe,1462745754.0,5,The actual human surgeon.,autonomous surgery,Neutral or informational about autonomous surgery,0.5743125677108765,2,https://reddit.com/r/educationalgifs/comments/4iedqa/the_first_autonomous_robotic_surgeon_that_can/d2xwica/
comment,d2xyz17,d2xwica,educationalgifs,deleted,1462750104.0,4,[deleted],autonomous surgery,Cautious or mixed about autonomous surgery,0.6064028143882751,3,https://reddit.com/r/educationalgifs/comments/4iedqa/the_first_autonomous_robotic_surgeon_that_can/d2xyz17/
comment,d2xuml6,4iedqa,educationalgifs,newhandynasty,1462742652.0,1,What a world we live in these days,autonomous surgery,Neutral or informational about autonomous surgery,0.4211390018463135,1,https://reddit.com/r/educationalgifs/comments/4iedqa/the_first_autonomous_robotic_surgeon_that_can/d2xuml6/
post,1mcns7h,,MonogramOrthopaedics,,1753823705.0,3,"Monogram Technologies Announces World’s First Fully Autonomous Saw-Based Robotic Knee Replacement Surgery
The first fully autonomous surgery as part of the trials at Shalby took place a few days ago.

A very exciting moment but our upside is now capped due to the buyout.",autonomous surgery,Cautious or mixed about autonomous surgery,0.5340433120727539,0,https://reddit.com/r/MonogramOrthopaedics/comments/1mcns7h/monogram_technologies_announces_worlds_first/
post,1mcbkc5,,Quantisnow,,1753795995.0,2,Monogram Technologies Announces World's First Fully Autonomous Saw-Based Robotic Knee Replacement Surgery,autonomous surgery,Supportive of autonomous surgery,0.5984110236167908,0,https://reddit.com/r/Quantisnow/comments/1mcbkc5/monogram_technologies_announces_worlds_first/
post,1mcbhmv,,StockTitan,,1753795806.0,1,MGRM | Monogram Technologies Announces World’s First Fully Autonomous Saw-Based Robotic Knee Replacement Surgery,autonomous surgery,Supportive of autonomous surgery,0.719848096370697,0,https://reddit.com/r/StockTitan/comments/1mcbhmv/mgrm_monogram_technologies_announces_worlds_first/
post,1lwa1w1,,PatientPowerUp,,1752146030.0,3,Autonomous robot surgeon removes organs with 100% success rate: world's first surgery performed by a robot responding and learning in real time. Its precision and skill matched that of experienced surgeons. It conducted a gallbladder removal on its own on a realistic human-like model.,autonomous surgery,Supportive of autonomous surgery,0.5725712776184082,0,https://reddit.com/r/PatientPowerUp/comments/1lwa1w1/autonomous_robot_surgeon_removes_organs_with_100/
comment,n2fxpxq,1lwa1w1,PatientPowerUp,Willing-Spot7296,1752184479.0,2,I would trust a robot's steady hands and honesty over a human doctor every day of the week,autonomous surgery,Supportive of autonomous surgery,0.817730188369751,1,https://reddit.com/r/PatientPowerUp/comments/1lwa1w1/autonomous_robot_surgeon_removes_organs_with_100/n2fxpxq/
post,1lxnp50,,veritynews,,1752282302.0,1,"🚨🇺🇸🤖 ROBOT PERFORMS SURGERY AUTONOMOUSLY WITH 100% SUCCESS RATE
**Techno-optimist narrative**: This is a revolutionary leap toward safer, more accessible healthcare. This robot's 100% success rate and ability to adapt to real-world surgical complications demonstrate that AI can match expert human performance, reduce surgical errors, and expand access to quality care in underserved areas. 

**Techno-skeptic narrative**: While impressive, significant safety concerns remain before human trials can begin. The robot required self-correction six times per case and needed human intervention to change instruments, raising questions about reliability in life-threatening situations where split-second decisions matter most. 

https://verity.news/story/2025/robot-performs-surgery-autonomously-with-success-rate?utm_medium=repost21660",autonomous surgery,Supportive of autonomous surgery,0.4054028391838074,0,https://reddit.com/r/veritynews/comments/1lxnp50/robot_performs_surgery_autonomously_with_100/
comment,n2nhms4,1lxnp50,veritynews,AutoModerator,1752282302.0,1,"# Visit our free official news website [here](https://www.verity.news/)
## Gentle Reminder:
[r/veritynews](https://www.reddit.com/r/veritynews/)'s aim is to empower people to discover the complete and nuanced truth behind every major news story. Please keep our community's [general behavior guidelines](https://www.reddit.com/r/veritynews/wiki/index/generalguidelines/) and [rules](https://www.reddit.com/r/veritynews/wiki/index/rules/) in mind when participating in discussions.

We encourage you to read narratives that you disagree with and engage with the humanity of others in mind. Use these experiences to rise above controversies and engage with the world in a nuanced way.

*I am a bot, and this action was performed automatically. Please [contact the moderators of this subreddit](/message/compose/?to=/r/veritynews) if you have any questions or concerns.*",autonomous surgery,Cautious or mixed about autonomous surgery,0.39132049679756165,1,https://reddit.com/r/veritynews/comments/1lxnp50/robot_performs_surgery_autonomously_with_100/n2nhms4/
post,1m0abiv,,u_somuchinfook,,1752560406.0,1,"🤖 Robot Conducts Precise Surgical Procedures with Unwavering Accuracy ⭕ Breakthrough in robotic surgery: a machine trained on videos of operations performs realistic surgery with 100% accuracy, paving the way for autonomous surgical systems that can work in real-world patient care.",autonomous surgery,Supportive of autonomous surgery,0.7573636770248413,0,https://reddit.com/r/u_somuchinfook/comments/1m0abiv/robot_conducts_precise_surgical_procedures_with/
post,1lyuszc,,AnythingGoesNews,,1752418610.0,2,"AI robot performs autonomous gallbladder surgery with 100% precision - learned only from watching surgical videos
This is absolutely incredible. A Johns Hopkins AI robot just performed part of a **gallbladder removal with 100% precision and zero human intervention**. The system learned solely from surgical videos and verbal commands, adapting in real time like a human surgeon would.

This isn't just a medical breakthrough - it's proof that AI can master complex, high-stakes physical tasks through observation alone. The robot didn't need specialized training data or thousands of practice runs. It watched surgery videos and figured out how to operate on a living person with perfect precision.

The implications are staggering. If AI can learn surgery from videos, what other skilled professions are about to be revolutionized? This technology could bring world-class surgical care to remote areas where specialists aren't available. But it also means we're approaching a world where AI doesn't just assist humans - it can fully replace them in tasks requiring judgment, dexterity, and real-time adaptation. The fact that this happened with current technology means we're probably just years away from AI surgeons being better than human ones.",autonomous surgery,Cautious or mixed about autonomous surgery,0.5455198884010315,0,https://reddit.com/r/AnythingGoesNews/comments/1lyuszc/ai_robot_performs_autonomous_gallbladder_surgery/
post,1lzb9og,,tomorrowsworld,,1752461342.0,1,The robot will see you now: Foundation models are the path forward for autonomous robotic surgery - Science | AAAS,autonomous surgery,Supportive of autonomous surgery,0.5474302172660828,0,https://reddit.com/r/tomorrowsworld/comments/1lzb9og/the_robot_will_see_you_now_foundation_models_are/
post,1lwleey,,aicommunism,,1752174803.0,2,Autonomous robot surgeon removes organs with 100% success rate: world's first surgery performed by a robot responding and learning in real time. Its precision and skill matched that of experienced surgeons. It conducted a gallbladder removal on its own on a realistic human-like model.,autonomous surgery,Supportive of autonomous surgery,0.5725712776184082,0,https://reddit.com/r/aicommunism/comments/1lwleey/autonomous_robot_surgeon_removes_organs_with_100/
post,1lw4z0p,,robotics,,1752126193.0,2,"SRT-H Robot Performs Complex Surgeries Autonomously — Reacts to Voice, Learns Like a Junior Surgeon",autonomous surgery,Neutral or informational about autonomous surgery,0.4558872580528259,0,https://reddit.com/r/robotics/comments/1lw4z0p/srth_robot_performs_complex_surgeries/
post,1lw6wda,,tomorrowsworld,,1752133732.0,1,The robot will see you now: Foundation models are the path forward for autonomous robotic surgery - Science | AAAS,autonomous surgery,Supportive of autonomous surgery,0.5474302172660828,0,https://reddit.com/r/tomorrowsworld/comments/1lw6wda/the_robot_will_see_you_now_foundation_models_are/
post,xhvkxg,,Futurology,,1663544007.0,228,"The Past, Present and Future of Robotic Surgery - After decades of merely assisting doctors, are sophisticated machines ready to take charge?",autonomous surgery,Cautious or mixed about autonomous surgery,0.7742232084274292,0,https://reddit.com/r/Futurology/comments/xhvkxg/the_past_present_and_future_of_robotic_surgery/
comment,iozzi9f,xhvkxg,Futurology,FuturologyBot,1663545881.0,1,"The following submission statement was provided by /u/Gari_305:

---

From the Article

>As the technology develops, Opfermann suggests, autonomous robots may start out getting approval only for simpler tasks, such as holding a camera. As more and more of these basic jobs get approved, the tasks may build up into an autonomous system. In cars, we first got cruise control, he says, but now there’s brake assist, lane assist, even assisted parking — all of which build towards something driverless.  
>  
>“I think this will be kind of similar,” says Opfermann, “where we see small, autonomous tasks that eventually get chained together into a full system.”

Let's say for instance, we have these autonomous systems as Opfermann puts it, then what would be the implications for having autonomous surgical robots in the operating room? Would [these robots be eventually be repurposed for space](https://futurism.com/the-byte/surgical-robot-surgery-space-station) and thus leave surgeons out of harms way, or would these autonomous systems themselves leave them out of a profession in the decades to come?

---

 Please reply to OP's comment here: https://old.reddit.com/r/Futurology/comments/xhvkxg/the_past_present_and_future_of_robotic_surgery/iozvzpa/",autonomous surgery,Cautious or mixed about autonomous surgery,0.7109355926513672,1,https://reddit.com/r/Futurology/comments/xhvkxg/the_past_present_and_future_of_robotic_surgery/iozzi9f/
comment,ip132nm,xhvkxg,Futurology,coldfarnorth,1663565375.0,13,"I have spent more than a decade at a company where my job has been to help develop surgical robots. The article gets into one of the two reasons why autonomous surgical robots are unlikely to be used in the near future: the current regulatory framework is based on reducing risk, and ultimately relies on the surgeon's judgment for what risks are acceptable. Removing the surgeon from that decision tree would require incredible, impossible effort to prove to regulators that the system was safe.

With the article doesn't mention is that you would have to also convince surgeons that replacing them with a robot is in the best interest of the patient, and it is generally not in a surgeon's best financial interest to be convinced of that.",autonomous surgery,Cautious or mixed about autonomous surgery,0.5766133069992065,1,https://reddit.com/r/Futurology/comments/xhvkxg/the_past_present_and_future_of_robotic_surgery/ip132nm/
comment,ip154xz,ip132nm,Futurology,Gari_305,1663566828.0,3,"you wouldn't need to covince the surgeons to replace them u/coldfarnorth just convince the hospitals to replace the surgeons, since doing so would reduce malpractice lawsuit possibilities.",autonomous surgery,Neutral or informational about autonomous surgery,0.37303611636161804,2,https://reddit.com/r/Futurology/comments/xhvkxg/the_past_present_and_future_of_robotic_surgery/ip154xz/
comment,ip16x91,ip154xz,Futurology,coldfarnorth,1663568173.0,5,"I'm (a little bit) sorry to be that guy, but it's time for an H. L. Mencken quote: ""for every complex human problem, there is a solution that is neat, simple and wrong.""

The article at least touches on this, although it's analysis is cursory at best. However, having administration fire doctors and force an AI system on patients exactly the sort of solution to complex human problems that Mencken was talking about.

I submit this link as food for thought: 
https://www.ipsos.com/en-us/news-polls/global-trustworthiness-index-2022",autonomous surgery,Cautious or mixed about autonomous surgery,0.5922960638999939,3,https://reddit.com/r/Futurology/comments/xhvkxg/the_past_present_and_future_of_robotic_surgery/ip16x91/
comment,ip166al,ip154xz,Futurology,coldfarnorth,1663567601.0,3,"There are two immediately apparent problems with this plan: 

First, the governing structures of most hospitals in the United States would work against this plan. In most cases, a medical board consisting of _the physicians who work at that hospital_ determine what procedures are safe and may be performed at that hospital.  Further, since liability insurance for medical procedures comes from the doctors, if you replace the doctors judgment with a machine of your choosing, anything bad that happens becomes your fault. *Nobody* in hospital administration wants to stand up in front of a court and say that _they overrode their medical committee, fired their doctors and replaced them with unthinking machines, and therefore whatever bad thing just happened is ""not their fault""_.  Anyone saying that might as well bring their own cross, then distribute nails and hammers to the jury.

Second, any company whose sales pitch is ""We make products that let you fire your expensive doctors"" will find themselves buried in bad publicity from a very wealthy profession.  In the medical device field, this would be corporate suicide. No company is going to be willing to fall on this sword, so we're almost certainly going to stick with the status quo for the foreseeable future.

Edit: typos",autonomous surgery,Cautious or mixed about autonomous surgery,0.3700244724750519,3,https://reddit.com/r/Futurology/comments/xhvkxg/the_past_present_and_future_of_robotic_surgery/ip166al/
comment,iozvzpa,xhvkxg,Futurology,Gari_305,1663544334.0,7,"From the Article

>As the technology develops, Opfermann suggests, autonomous robots may start out getting approval only for simpler tasks, such as holding a camera. As more and more of these basic jobs get approved, the tasks may build up into an autonomous system. In cars, we first got cruise control, he says, but now there’s brake assist, lane assist, even assisted parking — all of which build towards something driverless.  
>  
>“I think this will be kind of similar,” says Opfermann, “where we see small, autonomous tasks that eventually get chained together into a full system.”

Let's say for instance, we have these autonomous systems as Opfermann puts it, then what would be the implications for having autonomous surgical robots in the operating room? Would [these robots be eventually be repurposed for space](https://futurism.com/the-byte/surgical-robot-surgery-space-station) and thus leave surgeons out of harms way, or would these autonomous systems themselves leave them out of a profession in the decades to come?",autonomous surgery,Cautious or mixed about autonomous surgery,0.8248265385627747,1,https://reddit.com/r/Futurology/comments/xhvkxg/the_past_present_and_future_of_robotic_surgery/iozvzpa/
comment,ip16ugu,iozvzpa,Futurology,ChristopherDuntsch,1663568113.0,1,I wonder how much [ghost surgery](https://nypost.com/2017/10/14/one-of-citys-highest-paid-surgeons-allegedly-overcharges-patients/) this technology will facilitate.,autonomous surgery,Cautious or mixed about autonomous surgery,0.8263242244720459,2,https://reddit.com/r/Futurology/comments/xhvkxg/the_past_present_and_future_of_robotic_surgery/ip16ugu/
comment,iq57gto,iozvzpa,Futurology,brinvestor,1664307486.0,1,"less surgeons, more diagnostics",autonomous surgery,Neutral or informational about autonomous surgery,0.3724670112133026,2,https://reddit.com/r/Futurology/comments/xhvkxg/the_past_present_and_future_of_robotic_surgery/iq57gto/
comment,ip0ejn7,xhvkxg,Futurology,billyions,1663552560.0,15,"They will be. Artificially intelligent surgical systems will be able to be less invasive, more precise, react faster, and make better data-driven choices than humans ever could. It's just a matter of time.",autonomous surgery,Supportive of autonomous surgery,0.4000467360019684,1,https://reddit.com/r/Futurology/comments/xhvkxg/the_past_present_and_future_of_robotic_surgery/ip0ejn7/
comment,ip0vuns,ip0ejn7,Futurology,nobynoby208,1663560911.0,2,We’d probably destroy the world before we get to see this technology.,autonomous surgery,Cautious or mixed about autonomous surgery,0.48702043294906616,2,https://reddit.com/r/Futurology/comments/xhvkxg/the_past_present_and_future_of_robotic_surgery/ip0vuns/
comment,ip2366r,ip0vuns,Futurology,billyions,1663591709.0,3,"There's a chance, but collectively, we might figure it out. Many things are better then they've ever been. 

It's the regression and selfishness that's making news. Misinformation and disinformation are dangerous. They should be treated as such.",autonomous surgery,Cautious or mixed about autonomous surgery,0.47880998253822327,3,https://reddit.com/r/Futurology/comments/xhvkxg/the_past_present_and_future_of_robotic_surgery/ip2366r/
comment,ip4exbv,ip0ejn7,Futurology,11fingerfreak,1663626200.0,1,"In theory, yes. In practice, we’ll train them to remove your liver when you have brain cancer. Or remove your brain when you have liver cancer 😬",autonomous surgery,Cautious or mixed about autonomous surgery,0.3604617416858673,2,https://reddit.com/r/Futurology/comments/xhvkxg/the_past_present_and_future_of_robotic_surgery/ip4exbv/
comment,ip4j3pj,ip4exbv,Futurology,billyions,1663628110.0,2,"Artificially intelligent systems are better at following rules than humans are. For example, autonomous driving systems carefully stop at stop signs, but humans don't. If we can define the right rules correctly, our systems will follow them. Their error rates will likely be significantly less than human surgeons.",autonomous surgery,Cautious or mixed about autonomous surgery,0.43718311190605164,3,https://reddit.com/r/Futurology/comments/xhvkxg/the_past_present_and_future_of_robotic_surgery/ip4j3pj/
comment,ip27m8r,xhvkxg,Futurology,deleted,1663593819.0,4,"in tandem with robotic surgery will be law firms who only specialize in robotic surgery malpractice. Oh wait, they already exist",autonomous surgery,Cautious or mixed about autonomous surgery,0.5356595516204834,1,https://reddit.com/r/Futurology/comments/xhvkxg/the_past_present_and_future_of_robotic_surgery/ip27m8r/
post,uddb9x,,HFY,,1651092050.0,2117,"First Contact - Chapter 761 - The Inheritor's War
\[[first](https://www.reddit.com/r/HFY/comments/f94rak/oc_pthok_eats_an_ice_cream_cone/)\] \[[prev](https://www.reddit.com/r/HFY/comments/uctp91/first_contact_chapter_760_the_inheritors_war/)\] \[[next](https://www.reddit.com/r/HFY/comments/ue7gqt/first_contact_chapter_762_the_inheritors_war/)\]  - \[[wiki](https://fcgestalt.fandom.com/wiki/First_Contact_Gestalt_Archive_Wiki)\]

*The Great P'Thok and Beloved Matron Mi'Luki almost caused a civil war, their discoveries were so profoundly impactful on Treana'ad society. Our society had been unchanged for millions of years, no change was possible any longer as far as everyone could determine. We had resigned ourselves to our society, our culture, and hateful biology. Like other species, tens of thousands, millions of years was required for any movement in the homeostasis of our societies.*

*Then the Great P'Thok blew a hole in our culture and Beloved Matron Mi'Luki drove an ice cream truck through it. By the time we had settled down, by the time war was averted by the very things that changed our society, the Terran-Mantid Wars were over, the Republic, the Combine, even the Imperium had fallen. The Digital Omnimessiah had been assassinated and the Biological Apostles, the Immortals, had vanished.*

*In the time it took us to decide if Blueberry Cream Powersmoker Flavor should be legal for certain age groups of Matrons, the Fourth Republic had fallen and the Concordiant had risen to power.*

*Terran society* always *had a Great P'Thok, there were Beloved Matron Mi'Luki's everywhere.*

*For us, it was ice cream, birth control, and cigarettes.*

*For Terrans, it was simply being a Terran.* \- From: *Reflections Upon Change*, philosopher P'latret, 545 PG

The hospital room was quiet, just a low hum of electronics and the gentle whisper of the environmental system that kept the room at the optimum temperature for the patient's health and keeping down the spread of microorganisms through temperature regulation.

Normally two species did not share a room, but this room had a null-g hospital bed for a small green mantid tucked up next to a larger bed for a Hakanian. The Hakanian twisted and writhed, despite the anesthetic beam, moaning out loud and muttering fragments of speech. The green mantid would jerk, his three legs scrabbling, the regen cast where the missing leg had been clicking now and then, and data would stream down the computer screens.

On the other side of the viewing window, in the observation room, stood a gold mantid, a russet mantid, and a Rigellian female, one a psychic surgeon, one a medical surgeon, the other a Defense Services Intelligence Agency officer. Against the wall stood two women, short, thick bodied, black hair, in suits and apparently unarmed, their gunmetal gray eyes staring straight ahead.

Confederate Intelligence Agents.

The gold mantid opened a window in the smartglass and scrolled through the data.

""The dream blocker medication is working somewhat, but those aren't dreams, they're implanted memories,"" the gold mantid, one *Finds Common Ground*, said. She shook her head. ""I'll tell you the truth, I'm somewhat concerned about what you're asking me to do.""

The russet mantid, one *Never Give You Up*, nodded. ""We need you to seal off the implanted memories so that we can at least ask how the patient came into possession of them.""

On cue the maimed features of the Atrekna with the burning red eyes appeared on the dream monitor and the Hakanian gave a low moan of pain and terror.

""An Enraged Atrekna,"" the russet mantid said softly, shaking her head and tapping the tips of her cybernetically enhanced bladearms together. ""There is a high probability that the injuries to his face and head and hand were incurred in combat against a Terran.""

The Rigellian female nodded, rubbing the knuckles of one hand with the palm of another, trying to ease her anxiety at the sight of the Atrekna as the remaining feeding tentacles writhed slowly and obscenely and the eyes drew closer until they blottted out everything else.

""Has there been a record of Atrekna freeing any prisoners?"" *Finds* asked.

""No,"" the Rigellian, one Tiffany Gawarkrawk, said quietly. ""Nor has there ever been any sightings of an Atrekna like the one that delivered the patient to the SAR platoon.""

*Finds* sighed deeply, reaching out and putting a hand against the smartglass wall and closing her eyes. Her antenna flicked back and forth for a moment then steadied. A low silvery purple nimbus surrounded her antenna.

""His mental defenses are sliced apart. Not with brute force, this was done by someone skilled. I'd say the red-eyed Atrekna is experienced at this,"" the gold one said. She suddenly shuddered and pulled back. ""I can taste Red Eyes all over the thoughts.

She paused for a moment.

""It's Enraged. One taste of his phasic touch and you can feel it. Not as bad as a non-Enraged Terran, but you can still taste it,"" *Finds* said. She shook her head again. ""Prepare a psychic surgery theater and alert a psychic surgery team.""

She closed the data window.

""I'll try to see if he's still in there.""

\-----

*small*

*silent*

*still*

Yrler floated in a dark bubble. Images kept appearing, rubbing against the walls of the bubble. He ignored them even as another part of his brain screamed in terror, in agony, the screams translating into low moans through the medication.

He was in the fetal position, wrapped up, eyes closed, ears pressed against the side of his head, tail protecting his butt crack and genitals as it arced beneath him.

*small*

*still*

*silent*

""Does. It. Hurt?"" the strange voice of the naked Atrekna, sounding like a badly recorded female lemur.

*small*

*still*

*silent*

Yrler didn't know what was happening to his body.

It didn't matter.

He was somewhere else now. Beyond his body. Beyond safe memories. Beyond everything to the point that nothing could truly reach him.

*survive*

*escape*

*resist*

*evasion*

He was within all three. He had survived his injuries so far, had survived those razor sharp fingers rooting through his memories, his thoughts, touching his soul.

He had escaped their touch, their punishments on his already battered body, their assaults upon his mind.

He couldn't feel his body any longer but that was good.

He had escaped beyond their reach.

He was past resisting. His memories were his own, but they were disconnected, no longer attached, protected by the fact that his brain no longer processed memories, no longer made neural function calls to his long term, mid-term, or even short term or immediate memory clusters.

He resisted by having escaped.

*small*

*still*

*silent*

He could evade them now. He was beyond them, outside their reach.

Free. Candy?

The memory whispered at him, a distorted female lemur voice, but it wafted past him like an ill wind and he paid it no mind.

He was the bubble on the night sea, the pollen in the night air.

*small*

*silent*

*still*

He knew he was screaming somewhere else. Knew he was writhing in pain.

But he had escaped the pain.

He floated in warm blackness, curled into the fetal position.

""Peflar? Pelfar? Can you hear me?"" reverberated through the darkness.

*small*

*silent*

*still*

Yrler felt himself slowly rotate. Heard the faint pleasant gurgle of bubbles in dark warm water.

""Pelfar? I'm Doctor *Finds the Common Ground.* Can you hear me? You're in a Confederate Military Medical Center. Pelfar?""

*the enemy will attempt to trick you. reject their words even if it is just simply ignoring them. listen but let the words pass through you. do not reply do not engage until you see your opportunity*

""Pelfar? I'm Doctor *Finds the Common Ground*. I'm a psychic surgeon. I suspect you are in here. Please respond.""

*small*

*silent*

*still*

*resist*

*evade*

*survive*

Yrler ignored it all, not even dignifying the enemy's attempt with a response, his mind blank, as he floated inside the bubble.

\-----

""He's still in there,"" *Finds* said. ""I can't find him, but he's in there.""

""SERE training,"" the Rigellian said. She tapped the smartglass. ""He's been trained in psychic warfare counter-measures. He won't respond unless you give the correct key phrases.""

""You should give them to me so I can bring him out of it,"" *Finds* said.

Lieutenant Colonel Gawarkrawk shook her head. ""Not yet. His brain, his thoughts, his *mind* was touched by a creature we know almost nothing about. It ripped apart his mind and implanted memories,"" she tapped the smartglass and brought up the image of the disfigured red-eyed Atrekna. ""Old Red-Eyes here was enraged to boot. Think about that. He had an Atrekna, arguably more skilled than even your people, root around in his brain *and* the Atrekna was Enraged.""

LTC Gawarkrawk shifted the screen slightly to show the green mantid. ""You can try him.""

\-----

515 lay on the rock, sunning himself. Around him a holoprojector was playing his favorite song.

*one and one is two two and two is four four and four is eight eight quacky duckies swim with four hopping frogs singing two songs in one pond warm blanket soft blanket red block is square blue triangle is blue green circle is funny*

He was tiny. No bigger than a credit chip. His implants were the size of grains of sand, mostly nonfunctional, the nanotech systems growing slowly with him.

He could sense the spectral output of the star, taste the chemical composition of the particles on the wind, see the stresses the wind put on the stalks of purple grass beneath a violet sky.

""Five One Five! Are you in there?"" the voice asked from far away.

*spooky sounds are spooky but you are safe with broodmommy* the song sang

""Five One Five, this is *Finds the Common Ground*, please respond.""

515 just ignored it, closing his eyes, turning off his antenna.

*warm greenie smart greenie clever greenie safe greenie*

The song wound around him, moved through him, lifted him beyond.

He knew that part of his mind was screaming, shrieking out the equations carved into his mind by the burning razored edge of the red-eyed Atrekna's mind domination.

But he was beyond that.

*smart greenie clever greenie one and one is two two and two is four four and four is eight*

The song continued as he ignored the voice.

It was the enemy. An enemy trick.

The red eyed Atrekna and its bizarre friends would not break him. He would not comply. He would not answer.

He was 515.

And he was warm and smart and clever and brave

*smart greenie clever greenie brave greenie*

\-----

""I can't reach him. He's so far down I'm not even sure he's conscious,"" *Finds* said.

LTC Gawarkrawk noted that the gold mantid looked exhausted.

""Those equations he keeps repeating, they're branded into his psyche with a blowtorch.""

""Do we know what they are?"" LTC Gawarkrawk asked, turning to one of her aides.

""Vaguely, yes. Precisely, no,"" the Kobold said.

""Give me a gist?"" the Colonel asked.

The Kobold shrugged. ""We believe a lot of it is data on the hyperatomic plane that we now know as Hellspace. There's a lot of technical data that the greenies just stare at in shock. Something about a hyperparticle energetic state non-linear accellerator or something like that,"" the Kobold gave a laugh. ""I'm a trained jumpspace and hyperspace theory scientist and those equations make my eyes cross,"" he paused. ""Another problem is, three quarters of the data is in the same language that the patient keeps mumbling.""

""Which we still don't understand,"" LTC Gawarkrawk cursed, slamming a closed fist against the smartglass.

""It's being theorized that it might be ancient Lanaktallan. From the Precursor War,"" another intelligence specialist said, this one a Pubvian. ""That's our best bet.""

""Let me guess, the Unified Council might have had spaceships from back then, but nobody speaks that old language,"" LTC Gawarkrawk snarled. ""Great. Something this important and it's a dead-end because nobody alive speaks Precursor War Lanaktallan. Nobody speaks the right language, including the advanced mathematics because of lost concepts.""

There was silence for a moment.

One of the women against the wall cleared her throat and took a half-step forward.

Everyone turned and stared.

""That's not... necessarily true,"" the Agent said.

\-----

*Dreams of Something More* watched as the massive Herd Stallion entered her quarters.

It was a glossy black biomechanical nightmare to many. Covered in sleek black armor, pistons and gears and pullies visible here and there, its feet wreathed in flame, it's six eyes burning purplish-red, it's feeding tendrils tipped with shining chrome.

To the Lanaktallan, it was strength, progress, imposing and impressive.

It reminded *Dreams* of the work of a few Terran artists.

The massive black Lanaktallan nodded gravely.

""You wished to hold audience with me, Madame Diplomat?"" the huge black stallion asked, his voice cultured and smoothed, his Confederate Standard Interspecies Common Speech flawless.

""Yes,"" *Dreams* said. She made a motion and a starmap opened up. ""You're familiar with the current state of the Atrekna War?""

The stallion nodded. ""Operation Iron Piglet and all of its operational offensives seemed like an impossible insanity to me. The idea that the Confederacy already had all of that military might in Council Space or bordering it seemed impossible.""

""No species has ever been prepared for our war machine, whether it was the Confederacy's or the governments preceding it,"" *Dreams* said, nodding.

""Everyone is a gangster until the crude directional mine carrying domestic cleaning robot comes around the corner,"" the Lanakallan Herd Stallion rumbled.

*Dreams* smiled and nodded. ""An old saying, but applicable.""

""There has been a development,"" *Dreams* said. ""One that I believe you can help with.""

The Herd Stallion's body language showed curiosity. ""I am willing to assist if I can.""

""Can you speak the ancient Lanaktallan tongue. Not Unified Standard Language, but the ancient tongue of your people from the Percursor War?"" *Dreams* asked.

The Lanaktallan managed to display sorrow even though his face was a plated mask. ""Alas, I can read it, but I cannot speak it. I am willing to try to listen to see if it is understandable to me.""

*Dreams* nodded and reached out. ""Be warned, there's psychic imprinting with the speech that we've been unable to parse.""

""I am warned,"" the huge Lanaktallan stated.

The whisper was low, pain filled, as it wound through the artificially generated temperate rain forest that filled *Dreams's* quarters.

""It is a message of grave importance, that ignoring will bring doom and wide-spread death and destruction,"" the Lanaktallan stated, his eyes closed. "" The phasic messaging is that the message must be attended to, attention to it is of great importance. The Atrekna are desperate and willing to attempt the unthinkable that will be vast and terrible in its destruction.""

The message ended.

""The words, I understood a few. It mentioned the Atrekna several times, there were scientific phrases I did not understand, but I was able to glean the meaning behind the words,"" the Lanaktallan stated. It shuddered. ""A great project, committed by my people, who faced extinction at the hands of the Autonomous War Machines of all three of the Great Triumviant.""

""The PAWM,"" *Dreams* said\*.\* She suddenly sat up straight. ""Oh, my Digital Omnimessiah and the Twelve Biological Apostles,"" she breathed. ""It's about the creation of Hellspace!""

The Lanaktallan nodded. ""I believe you are correct, Madame Diplomat. I had deduced the same thing,"" it shook its great head solemnly. ""Sadly, there is nobody I know of that would understand the engineering from back then. Terms matter with advanced science, and I am not sure just how much we can glean from those whispers.""

*Dreams* nodded. ""Thank you, Honored One.""

The Lanaktallan bowed slightly. ""I but live to serve the Lanaktallan people.""

""Now we just need to figure out how to find someone who can understand the language better and who knows engineering from back then,"" *Dreams* mused.

""I wish you good fortune on your search,"" the Herd Stallion said.

\-----

The sun was warm, a light air current, stronger than a breeze but lighter than wind, floated in from the west, carrying the smell of grain, cattle, and water. The crops waved slowly, a long undulation reminiscent of an ocean. The sky was dotted with white puffy clouds, clear violet to the senses of the few sentient beings on the scattered farms and ranches.

On one such farm slash ranch a massive Mantid warrior caste sat in a rocker, leaning back against the swivel backrest, idly swinging his four legs lazily to make the chair rock back and forth. He had a floppy hat on, holes cut for his sensitive antenna, as well as a leather abdominal wrap, denim vest, and a buckskin satchel on a bead decorated strap.

In his lap sat a fat and pampered fowl, that was slowly being petted with bladearms sharp enough to slice through endosteel. It was making low gobbling noises of happiness as the huge mantid petted it.

Around him, relaxing on small bench-seats with adjustable back rests, were a half dozen green servitors. They were discussing, in their mathematical language, repairs done to one of the tractors.

The massive Mantid warrior, Cordexen by name, felt pride in the engineering servitors.

He enjoyed hearing their chatter.

It banished the loneliness he had suffered for eons.

A pinging from inside the house got his attention and he sighed as he set the snoring turkey down and stood up, the back of the rocking chair automatically swinging out of the way.

He entered his large house, tapping bladearms with a war servitor who was sitting on the couch with a half dozen other black carapace mantids, all watching the edutainment show ""Uncle Mikey"" on the Tri-Vee.

In the communications room the comlink was pinging steadily.

It was slightly surprising to see that it wasn't one of his neighbors or one of the Mantid with whom he had shared the terrible purgatory of the underground mining installation.

It was a call from Confederate Intelligence.

He had no fear as he reached for the accept button. Confederate Intelligence had held little interest for him. Cordexen was more afraid of the media channels and media stars who had wanted to interview him than of CI.

The screen wavered and cleared to show a gold mantid.

Cordexen blinked several times.

She was different than he was used to. Less spikes. Larger head. Longer antenna. Bigger eyes. The carapace angles and lines were different.

""I am *Finds the Common Ground*, a Confederate Armed Services Military Doctor, a psychic surgeon to be precise. May we speak, oh honored elder cousin?"" the gold asked, the translator built into the wondrous comlink translating her speech from Confederate Standard (according to the subtitle) to proper Krikitak Imperial Vocalization.

Cordexen briefly considered shutting off the comlink. She was from another Hive, another bloodline, and the feeling of loss that welled up inside of him was almost stifling.

Instead, he just slowly nodded.

""You fought mainly against the Lanaktallan, correct?"" the gold mantid asked, ignoring the breach of protocol in Cordexen not introducing himself.

Again, Cordexen just nodded.

""Can you understand the Lanaktallan spoken word?"" *Finds* asked.

Cordexen could sense her anxiety, her almost despairing hope, even through the light year gap in the hypercom signal.

Again, he nodded.

""Would you be willing to translate?"" the gold one asked. She blinked twice and Cordexen noted she had a few green freckles on her eyelids.

She would have been tossed into the larval pits for that imperfection by the Krikitak Empire.

Again, Cordexen nodded after standing perfectly still for nearly a minute.

""Another question, honored elder cousin, if I may?"" the gold asked.

Cordexen held still for a long moment.

One of his prize turkeys waddled into the room and rubbed against his leg, making happy gobbling noises.

Cordexen bent down and lifted it up in his hands, petting it slowly with his bladearm.

Finally, he nodded.

""Do you know anyone who understands Lanaktallan engineering in its original language from your time?"" the gold asked.

Cordexen swallowed bitter ichor and ash.

*the rifles flashing as the green servitors worked furiously trying to shut off the rampaging lanaktallan autonomous war machine even as its weapons ripped and tore at the metropolis the scream of machines and mantid the roar of mechanical foes and his own weapons his engineer servitors working furiously spurred on by his own desperation as he and his war servitors pushed the lanaktallan killing machines back with sheer firepower*

Cordexen opened his eyes.

""I apologize greatly for causing you such distress, honored elder cousin,"" the gold said. ""It give me physical pain to know I am causing distress, but this is of such vital importance that I was granted permission to speak with you.""

Cordexen nodded even as he gently petted the happy turkey.

""You do?"" the gold sagged slightly with relief. She looked back up. ""Honored elder cousin, the entire galactic arm, even beyond, is threatened by machinations of the Atrekna that were revealed by this data.""

Cordexen said nothing, just stood there, facing the hologram, petting Corey the Turkey.

""Do you wish to know what it is about before you agree to allow me to transmit the data?"" the gold asked.

Cordexen thought about it, looking to his left, where sunshine was streaming through a gap in the curtains, making a beautiful violet block on the wood.

Finally he turned back and nodded.

""A neural imprint copy of Lanaktallan scientists talking about burning the hyperatomic plane as well as a large amount of engineering data,"" the gold said. ""There is additional speech we cannot identify. As you know, it has been over a hundred and twenty million years since those events.""

Cordexen stared at the violet rectangle of light on the floor.

One of the engineer servitors came in and held up a stalk of wheat to Cordexen.

Cordexen bent down and took it, expressing thanks and pleasure, and stroked the servitor for a moment before it rushed off. He stood up slowly, putting the stalk in his mandibles and staring at the gold.

""Will you allow us to transmit the data to you?"" the gold asked.

Cordexen nodded slowly. He stayed silent as the data packet was transferred.

Before the gold could say anything more, Cordexen went and shut off the call, leaving the data channel open.

He walked quietly out to the porch, sitting down and staring at his crops, at his cattle, and feeling sadness well up inside of him.

*Bedamned all programmers, scientists, and engineers that were so filled with pride they doomed us all twice,* Cordexen thought to himself, staring at the waving stalks. *What you have wrought still ravages the universe even after the stars you saw in the sky have gone out.*

\[[first](https://www.reddit.com/r/HFY/comments/f94rak/oc_pthok_eats_an_ice_cream_cone/)\] \[[prev](https://www.reddit.com/r/HFY/comments/uctp91/first_contact_chapter_760_the_inheritors_war/)\] \[[next](https://www.reddit.com/r/HFY/comments/ue7gqt/first_contact_chapter_762_the_inheritors_war/)\]  - \[[wiki](https://fcgestalt.fandom.com/wiki/First_Contact_Gestalt_Archive_Wiki)\]",autonomous surgery,Cautious or mixed about autonomous surgery,0.34408673644065857,0,https://reddit.com/r/HFY/comments/uddb9x/first_contact_chapter_761_the_inheritors_war/
comment,i6g98a5,uddb9x,HFY,unwillingmainer,1651093485.0,295,"Oh boy, the Cult implanted the Atrekna plan to make a new Hellspace into those two poor fuckers minds. With the skill of a surgeon and the care of a chainsaw. One is falling back onto old training to stay alive and semi sane and the other seems to be tapping into a broodmommy song. I think both will need some broodmommy love to recover from that.

And we see old faces changed and recused by Terrans being instrumental in solving the message given. But, I believe that only a few in the galaxy know enough about Hellspace to really help. One just wants to be left alone and the other goes by Dee.",autonomous surgery,Cautious or mixed about autonomous surgery,0.4039928913116455,1,https://reddit.com/r/HFY/comments/uddb9x/first_contact_chapter_761_the_inheritors_war/i6g98a5/
comment,i6gfbqb,i6g98a5,HFY,Fr33_Lax,1651096017.0,194,"> skill of a surgeon and the care of a chainsaw

That's a fuckin good line.",autonomous surgery,Cautious or mixed about autonomous surgery,0.4343350827693939,2,https://reddit.com/r/HFY/comments/uddb9x/first_contact_chapter_761_the_inheritors_war/i6gfbqb/
comment,i6gkw7v,i6gfbqb,HFY,RedditMachineGhost,1651098439.0,84,"I think I heard something just now. Did you hear it? Listen closely... I think it sounds a bit like ""Yoink!""",autonomous surgery,Cautious or mixed about autonomous surgery,0.4416047930717468,3,https://reddit.com/r/HFY/comments/uddb9x/first_contact_chapter_761_the_inheritors_war/i6gkw7v/
comment,i6hf7du,i6gfbqb,HFY,unwillingmainer,1651112371.0,18,"The amount I read, I've gotta have a few decent lines rattling around upstairs.",autonomous surgery,Neutral or informational about autonomous surgery,0.39142268896102905,3,https://reddit.com/r/HFY/comments/uddb9x/first_contact_chapter_761_the_inheritors_war/i6hf7du/
comment,i6gk716,i6g98a5,HFY,SweatyB-,1651098129.0,28,How about those brood mommies still singing without a huds channel.  There is a greater power there!  What is stronger than hate…. Love,autonomous surgery,Cautious or mixed about autonomous surgery,0.29475080966949463,2,https://reddit.com/r/HFY/comments/uddb9x/first_contact_chapter_761_the_inheritors_war/i6gk716/
comment,i6hls1h,i6g98a5,HFY,Drook2,1651115336.0,22,It's been a while since anyone has asked about those data cubes that Barn Yard smuggled out. The ones containing footage of the three precursor races. Might be able to Rosetta Stone them.,autonomous surgery,Cautious or mixed about autonomous surgery,0.4990675151348114,2,https://reddit.com/r/HFY/comments/uddb9x/first_contact_chapter_761_the_inheritors_war/i6hls1h/
comment,i6oq6wr,i6g98a5,HFY,spindizzy_wizard,1651251281.0,14,">One is falling back onto old training to stay alive and semi-sane, and the other seems to be tapping into a broodmommy song.

*BOTH* are using S.E.R.E. training to maintain sanity, to the degree that even helpful people are misinterpreted as enemy activity.  They just use different approaches.",autonomous surgery,Cautious or mixed about autonomous surgery,0.5414433479309082,2,https://reddit.com/r/HFY/comments/uddb9x/first_contact_chapter_761_the_inheritors_war/i6oq6wr/
comment,i6ibuhp,i6g98a5,HFY,WyldFyr3,1651132524.0,11,"Why do I feel this all ties back into the Heresy Of Two? I knew that it had to be something more than just the problems the number 2 introduces to binary programming. Now I'm 100% sure that is true. Hellspace, Dee, Daxin, and the HoT are all connected....  Somehow I also think the matter of 2 Mattys is tied in there somewhere as well.",autonomous surgery,Opposed to autonomous surgery,0.43632322549819946,2,https://reddit.com/r/HFY/comments/uddb9x/first_contact_chapter_761_the_inheritors_war/i6ibuhp/
comment,i6h3dyk,i6g98a5,HFY,HappycamperNZ,1651107015.0,10,Dee was who my money was on. Leave the poor chilly boi alone!!,autonomous surgery,Opposed to autonomous surgery,0.3075786232948303,2,https://reddit.com/r/HFY/comments/uddb9x/first_contact_chapter_761_the_inheritors_war/i6h3dyk/
comment,i85l41o,i6g98a5,HFY,Omgwtfbears,1652251764.0,4,"Lest we forget, Cult or not, Atrekna are still a horribly evil bunch of brain-eating assholes.",autonomous surgery,Cautious or mixed about autonomous surgery,0.5049180388450623,2,https://reddit.com/r/HFY/comments/uddb9x/first_contact_chapter_761_the_inheritors_war/i85l41o/
comment,m84n8f7,i6g98a5,HFY,J_Dzed,1737359266.0,3,"> With the skill of a surgeon and the care of a chainsaw.

This is not only a great line, it's ironically accurate, given the earliest prototype chainsaws were intended to be used on the occasions when things had gone very, very wrong for a woman giving birth.",autonomous surgery,Neutral or informational about autonomous surgery,0.46558672189712524,2,https://reddit.com/r/HFY/comments/uddb9x/first_contact_chapter_761_the_inheritors_war/m84n8f7/
comment,i6gbthw,uddb9x,HFY,Automatic-Skirt6332,1651094550.0,120,"Everybody gangsta until

C L A Y M O R E

(R/D) O O M B A

comes around the corner",autonomous surgery,Cautious or mixed about autonomous surgery,0.3931169807910919,1,https://reddit.com/r/HFY/comments/uddb9x/first_contact_chapter_761_the_inheritors_war/i6gbthw/
comment,i6gepb1,i6gbthw,HFY,StarkyF,1651095755.0,63,'This side towards enemy' is a bit difficult when the Doomba is spinning.,autonomous surgery,Cautious or mixed about autonomous surgery,0.6526013612747192,2,https://reddit.com/r/HFY/comments/uddb9x/first_contact_chapter_761_the_inheritors_war/i6gepb1/
comment,i6gh3j6,i6gepb1,HFY,RDMcMains2,1651096771.0,54,Anything marked 'This side towards enemy' is dangerous on both sides.,autonomous surgery,Cautious or mixed about autonomous surgery,0.5281253457069397,3,https://reddit.com/r/HFY/comments/uddb9x/first_contact_chapter_761_the_inheritors_war/i6gh3j6/
comment,i6ggaag,i6gepb1,HFY,Odd_Reward_8989,1651096421.0,19,"Maybe it knows something you don't know, in a spin the bomb/towards enemy way.",autonomous surgery,Cautious or mixed about autonomous surgery,0.5980076193809509,3,https://reddit.com/r/HFY/comments/uddb9x/first_contact_chapter_761_the_inheritors_war/i6ggaag/
comment,i6ghgdn,i6gepb1,HFY,cbhj1,1651096926.0,9,Not so in a target rich environment.,autonomous surgery,Cautious or mixed about autonomous surgery,0.4888986349105835,3,https://reddit.com/r/HFY/comments/uddb9x/first_contact_chapter_761_the_inheritors_war/i6ghgdn/
comment,i6gtslt,i6gepb1,HFY,Gruecifer,1651102548.0,6,Not when in a target-rich environment!,autonomous surgery,Cautious or mixed about autonomous surgery,0.4909111559391022,3,https://reddit.com/r/HFY/comments/uddb9x/first_contact_chapter_761_the_inheritors_war/i6gtslt/
comment,i6gdyxc,i6gbthw,HFY,Schlitzkrieg,1651095443.0,30,(R/D/B) O O M B A,autonomous surgery,Neutral or informational about autonomous surgery,0.3263041377067566,2,https://reddit.com/r/HFY/comments/uddb9x/first_contact_chapter_761_the_inheritors_war/i6gdyxc/
comment,i6gkob5,i6gbthw,HFY,SweatyB-,1651098341.0,14,This is one of the best memes of the series… Everybody gangster till the cleaning roomba does its business 😱😱😱,autonomous surgery,Cautious or mixed about autonomous surgery,0.41656240820884705,2,https://reddit.com/r/HFY/comments/uddb9x/first_contact_chapter_761_the_inheritors_war/i6gkob5/
comment,i6i6qyw,i6gbthw,HFY,MuchoRed,1651128183.0,6,(B)OOMBA,autonomous surgery,Neutral or informational about autonomous surgery,0.44785669445991516,2,https://reddit.com/r/HFY/comments/uddb9x/first_contact_chapter_761_the_inheritors_war/i6i6qyw/
comment,i8xvlk0,i6gbthw,HFY,Geeky-resonance,1652792246.0,2,I still think it should be called a Boomba.,autonomous surgery,Neutral or informational about autonomous surgery,0.3989611268043518,2,https://reddit.com/r/HFY/comments/uddb9x/first_contact_chapter_761_the_inheritors_war/i8xvlk0/
comment,i6g7ses,uddb9x,HFY,Scotshammer,1651092905.0,171,"Called it last chapter!!!! Cordexen is back! Farm Brother Cordexen, Eldest Cousin and Last of the Krikitak. Redemption is at hand!",autonomous surgery,Supportive of autonomous surgery,0.3443720042705536,1,https://reddit.com/r/HFY/comments/uddb9x/first_contact_chapter_761_the_inheritors_war/i6g7ses/
comment,i6g93fy,i6g7ses,HFY,Ralts_Bloodthorne,1651093430.0,145,"Enjoy the feeling.

I'm glad that the trail was laid and you were able to follow it.",autonomous surgery,Supportive of autonomous surgery,0.37722477316856384,2,https://reddit.com/r/HFY/comments/uddb9x/first_contact_chapter_761_the_inheritors_war/i6g93fy/
comment,i6g9n38,i6g93fy,HFY,Scotshammer,1651093654.0,76,I love seeing characters return from early points in the series. It helps make this massive universe even more coherent.,autonomous surgery,Cautious or mixed about autonomous surgery,0.3331744074821472,3,https://reddit.com/r/HFY/comments/uddb9x/first_contact_chapter_761_the_inheritors_war/i6g9n38/
comment,i6hxucc,i6g93fy,HFY,Darrkman,1651121791.0,14,You should have Cordexen meet a Treanaad warrior.  Curious what his reaction would be to seeing another warrior class that looks like him but possibly bigger and stronger.,autonomous surgery,Cautious or mixed about autonomous surgery,0.4339792728424072,3,https://reddit.com/r/HFY/comments/uddb9x/first_contact_chapter_761_the_inheritors_war/i6hxucc/
comment,i6wu2a7,i6g93fy,HFY,Vagabond_Soldier,1651417332.0,2,"I sure as hell didn't. I thought about the Herd Stallions, about the Percussors who switched sides, but completely forgot about these guys from like 500 chapters ago. I honestly think Ralts is either a cyborg, or 3 (dozen) postings in a trench coat. No single man can weave so many plot points together so intricately.",autonomous surgery,Cautious or mixed about autonomous surgery,0.3185615837574005,3,https://reddit.com/r/HFY/comments/uddb9x/first_contact_chapter_761_the_inheritors_war/i6wu2a7/
comment,i6h06v1,i6g7ses,HFY,0570,1651105546.0,10,"One life, one plot!",autonomous surgery,Opposed to autonomous surgery,0.30508705973625183,2,https://reddit.com/r/HFY/comments/uddb9x/first_contact_chapter_761_the_inheritors_war/i6h06v1/
comment,i6gew3c,i6g7ses,HFY,Makerofgoldenthunder,1651095835.0,10,i dont recall cordexen i checked the wiki and he is not on there either,autonomous surgery,Cautious or mixed about autonomous surgery,0.4881814420223236,2,https://reddit.com/r/HFY/comments/uddb9x/first_contact_chapter_761_the_inheritors_war/i6gew3c/
comment,i6gfb8t,i6gew3c,HFY,Scotshammer,1651096012.0,57,Cordexen was the warrior trapped on the Mantid Mining station deep core during the Atomic Hooves and Haalamoor,autonomous surgery,Cautious or mixed about autonomous surgery,0.45915156602859497,3,https://reddit.com/r/HFY/comments/uddb9x/first_contact_chapter_761_the_inheritors_war/i6gfb8t/
comment,i6ghi9a,i6gew3c,HFY,BimbleKitty,1651096949.0,44,"The ancient deep frozen mantids from the mining machine....way back. 

Cordexen was one of the warriors, they all got a nice peaceful farming world to live out their life on. 

Great use of drone/meme communication",autonomous surgery,Neutral or informational about autonomous surgery,0.3979758024215698,3,https://reddit.com/r/HFY/comments/uddb9x/first_contact_chapter_761_the_inheritors_war/i6ghi9a/
comment,i6glnfv,i6gew3c,HFY,its_ean,1651098778.0,36,"Cordexen got stuffed into Mantid Automation Hell for resisting the Mad Queen. Vuxten, Casey, what's-her-name, et al freed them using the power of warmth, turkey, greenies, and guns.",autonomous surgery,Cautious or mixed about autonomous surgery,0.43220290541648865,3,https://reddit.com/r/HFY/comments/uddb9x/first_contact_chapter_761_the_inheritors_war/i6glnfv/
comment,i6li098,i6gew3c,HFY,Scotshammer,1651187649.0,4,Chapter 402 is where we meet him for the first time.,autonomous surgery,Neutral or informational about autonomous surgery,0.5395241975784302,3,https://reddit.com/r/HFY/comments/uddb9x/first_contact_chapter_761_the_inheritors_war/i6li098/
comment,i6g7c6k,uddb9x,HFY,HoloArchiver,1651092727.0,73,Sucks that these Mantid can't just enjoy their peaceful farm but  hopefully they can prevent another disaster,autonomous surgery,Cautious or mixed about autonomous surgery,0.5057218074798584,1,https://reddit.com/r/HFY/comments/uddb9x/first_contact_chapter_761_the_inheritors_war/i6g7c6k/
comment,i6gf3yg,i6g7c6k,HFY,Fr33_Lax,1651095927.0,137,"Hawkeye : War isn't Hell. War is war, and Hell is Hell. And of the two, war is a lot worse.

Father Mulcahy : How do you figure, Hawkeye?

Hawkeye : Easy, Father. Tell me, who goes to Hell?

Father Mulcahy : Sinners, I believe.

Hawkeye : Exactly. There are no innocent bystanders in Hell. War is chock full of them - little kids, cripples, old ladies. In fact, except for some of the brass, almost everybody involved is an innocent bystander.",autonomous surgery,Cautious or mixed about autonomous surgery,0.3500625491142273,2,https://reddit.com/r/HFY/comments/uddb9x/first_contact_chapter_761_the_inheritors_war/i6gf3yg/
comment,i6gufu1,i6gf3yg,HFY,night-otter,1651102857.0,76,"Radar drinking a martini:  ""Ewww.  I thought this stuff was supposed to make you feel good.""  


Hawkeye:  ""No, It's supposed to make you feel nothing.""  


Hidden under the humor, is a very wise man.",autonomous surgery,Cautious or mixed about autonomous surgery,0.5023359656333923,3,https://reddit.com/r/HFY/comments/uddb9x/first_contact_chapter_761_the_inheritors_war/i6gufu1/
comment,i6gmo9r,i6gf3yg,HFY,eodhowland,1651099235.0,29,My favorite line from M.A.S.H.,autonomous surgery,Neutral or informational about autonomous surgery,0.6201733350753784,3,https://reddit.com/r/HFY/comments/uddb9x/first_contact_chapter_761_the_inheritors_war/i6gmo9r/
comment,i6g900l,uddb9x,HFY,Kudamonis,1651093391.0,50,"Read. Upvote. Comment. 

>Bedamned all programmers, scientists, and engineers that were so filled with pride they doomed us all twice,

As a hobbyist coder I feel that.",autonomous surgery,Cautious or mixed about autonomous surgery,0.34563305974006653,1,https://reddit.com/r/HFY/comments/uddb9x/first_contact_chapter_761_the_inheritors_war/i6g900l/
comment,i6h2lmo,i6g900l,HFY,nspiratewithabowtie,1651106660.0,21,"As a hobbyist/certified programmer, 3d Modeler (good god the level of sicence needed to know to make things look right), and creative recycler (engineering) ... . . .with a background in art, who is bi-hemispheric dominant . .   fuck feeling. . . . I am that. and i totally agree with him.",autonomous surgery,Cautious or mixed about autonomous surgery,0.4329361617565155,2,https://reddit.com/r/HFY/comments/uddb9x/first_contact_chapter_761_the_inheritors_war/i6h2lmo/
comment,i6ha59d,i6h2lmo,HFY,its_ean,1651110106.0,13,"A professional artist, CAD user, (shitty) microcontroller programmer, and former bioengineer acts upon an impulse to outline their CV and concur.",autonomous surgery,Neutral or informational about autonomous surgery,0.44631659984588623,3,https://reddit.com/r/HFY/comments/uddb9x/first_contact_chapter_761_the_inheritors_war/i6ha59d/
comment,i6hmsun,i6h2lmo,HFY,CfSapper,1651115807.0,10,"As a hobbyist welder/fabricator/3D printing self taught CAD/CAM, combat engineer. When some of you ""folk"" start getting excited even I start to get concerned.",autonomous surgery,Cautious or mixed about autonomous surgery,0.7032973766326904,3,https://reddit.com/r/HFY/comments/uddb9x/first_contact_chapter_761_the_inheritors_war/i6hmsun/
comment,i6k18zr,i6h2lmo,HFY,NoirTalon,1651166007.0,4,"Oh kindred soul, I would like to share with you a project I am working on. 

&#x200B;

I just got my first circuit boards manufactured for the brains and neurons of a crystal dragon head. Designed in Autodesk Eagle, manufactured by JLCPcb somewhere in china. 

The dragon head shell modeled in Blender, turned into an origami shell in Pepacura, laser cut out of PET. 

A 3d printed snap together microphone case in the shape of the inner parts designed in fusion 360. 

Animated Eyes controlled through and ESP 32 and 2 i2c busses. 

Face tracking running on an ESP32 and directing animated eyes to follow any face that comes into view. 

3d printed Snap together internal Framework for holding light tubes in organic shapes modeled in Fusion.

LED strip retention caps and their assembly designed and animated in Fusion.. 

Gawd so much has gone into this project and I have not even started on the smoke generator or the system to allow the wearer to actually see, or the circuitry to control all this. 

I've tried to crudely document various parts on a youtube channel, and imgur account. 

[https://www.youtube.com/channel/UCwMCD\_TfZ3fwgg-Pml3bRng/videos](https://www.youtube.com/channel/UCwMCD_TfZ3fwgg-Pml3bRng/videos)

[https://imgur.com/user/SmoothCurves](https://imgur.com/user/SmoothCurves)

Specificly: [https://imgur.com/gallery/v1TWGoR](https://imgur.com/gallery/v1TWGoR)

I would love to see what projects you have worked on.",autonomous surgery,Cautious or mixed about autonomous surgery,0.3688572645187378,3,https://reddit.com/r/HFY/comments/uddb9x/first_contact_chapter_761_the_inheritors_war/i6k18zr/
post,1hpb2vk,,medicalschool,,1735520759.0,1246,"For those considering Cardiac Surgery I6 Residency Programs- Plus all my compiled Gossip about various programs.
I'm a Board Certified General Surgeon, currently in CT Fellowship.

I've mentored dozens of medical students over the years.  I've talked to many residents I6 programs, and have many friends in CT Fellowships.

This post is written for all of the medical students who are looking at I6 and General Surgery Programs, and is based off of personal opinion.  Take it for what it's worth (perhaps very little)

First off, broad generalizations:  the General Surgery-> CT fellowship pathway is long, but produces a relatively consistent product.  It has many off-ramps.  If you get 3 years in, have some kids, and decide that Cardiothoracic life is not for you, you can do breast surgery, or ACS, or hernias, or any of a million different off-ramps with differing lifestyles.  CT has far fewer off-ramps.  If you do CT, you better be committed to operating, a lot, to maintain your skills.  If your skills deteriorate, your patients WILL do worse, and this will be noticed.  No one really cares if you take an hour to do a lap chole instead of 30 minutes.  Your patient's heart cares a lot if the cross clamp time for a bypass is 2 hours instead of 1.

That said, the 2 year CT fellowships (and some 3 year...) do not truly train fellows to perform the full breadth of adult CT.  There are procedures that almost no 2 year fellowship grads and very few 3 year fellowship grads are truly qualified to do off the bat- robotic mitrals, Davids, Ross, thoracoabdominal aorta, etc.

SOME I6 programs DO get you ready to perform these rare procedures as a fresh residency grad.  Some don't.

Which brings me to the theme of I6: YMMV.  Some I6 programs are amazing.  Which stands to reason- \~4.5 years of cardiac surgery is going to make you better at cardiac than 2 years of it.  BUT, how much you do during those 4 years may be very variable, and what you graduate doing may be similar to what a traditional fellowship grad does (most programs), significantly less (if you're screwed with bad faculty), and occasionally significantly more.

CT departments are smaller than General Surgery.  The loss of 1-2 key faculty can have massive negative impacts.  The gain of 1-2 faculty who care about teaching can be massive bonuses.  For traditional CT fellowships, over 2-3 years, you can expect some stability.  Not so for I6, with 6-8 years with one department.  Good I6 programs have become trash (and to be fair, vice versa) due to this phenomenon.

With that in mind, if you're hell bent on I6, great.  But also be warned: it's growing increasingly harder to match general surgery/dual apply, as many ""high quality"" general surgery programs will not rank anyone they don't think will rank them highly/#1- which by definition includes all I6 applicants.  Only a few general surgery programs will even consider students claiming they are interested in Cardiac surgery (more will consider thoracic-interested students).

Which is another point: in general, if you are doing a lot of rotations alongside general surgery residents, that's actually a negative.  One of the smartest things Columbia and UPenn did was send their I6 residents out to community hospitals to operate.  Otherwise, they will end up being scut-monkeys on their gen surg months, since gen surg chiefs will naturally prioritize general surgery categoricals for OR opportunities.

Now, onto programs:

Columbia: solid reputation for clinical training.  Heavy work hours, but graduates come out very well trained.

Mt. Sinai: Rumor has it the graduates don't get to do much, which is sad since Mt Sinai is basically the mecca for the Ross procedure in the United States.

NYU: Same as Mt Sinai- high volume center, graduates generally dissatisfied with autonomy, but they have yet to graduate a chief- maybe it will be better once the faculty get used to training I6 residents/the chief I6 resident gets an amazing amount of autonomy their final year, which is often the case.

Brigham: Program still in shambles ever since Larry Cohn died.  Tolis has a phenomenal reputation as a teaching surgeon from MGH, but he's one guy and he doesn't let the residents do much due to objections to frequent rotations/lack of continuity with one trainee.

Maryland: Decent training.  Surprisingly more academic than Hopkins across the street- they did the first pig transplant.  Hopkins' CT program was in shambles, but is being aggressively rebuilt ironically by the guy passed over for the position of Chief at Maryland.  TBD, but I think you're trained well

Emory: Solid reputation, good training, graduates seem happy and autonomous.  Traditional fellowship (3 year) is known for being slow to give autonomy but they certainly get you there in the end.  I6 is apparently solid in terms of training.

Baylor: Legendary reputation. Middling satisfaction with training, though I6 reportedly getting a better experience than the traditional fellowship, which is on probation.

UPenn: Not as great as it used to be since Bavaria left, but perhaps it's recovered.  Used to be amazing.

Northwestern: Used to be phenomenal.  Unfortunately, a new chair took over from McCarthy, and shifted the focus from education to production, which means 3 cases/day in a room, less time for trainees to learn.

UC Davis: Not great ever since a core faculty (Victor Rodriguez) left.  Apparently solid thoracic training for what it's worth.

Stanford: Joe Woo openly states that CT surgeons are born, not made.  Which means that he will decide if you are ""trainable"" or not, and if not, he will consign you to doing TAVRs and not operating. Quite sad, given it's legendary reputation. BUT, if you're considered ""born"" to be a surgeon, you will be very well trained and handed the keys to the kingdom.

USC: Phenomenal training- significantly above what is reported by other residents nationwide.  PGY2s reportedly doing CABGs skin to skin, faculty dedicated to taking the time to train as directed by Vaughn Starnes.  That said, brutal culture and hours.  Be warned.

Ceders-Sinai: Solid training.  Chikwe put a twitter post out showing a PGY2 doing a mitral repair, which the residents there state was mostly staged/bullshit, but they are on the whole operating and learning quite well.

Cleveland Clinic: Extremely chaotic, very busy, attendings not very focused on teaching and also have an army of super-fellows.  Several residents not too happy with training, but some exceptions.

Take this for what it's worth.  Best wishes to all on figuring out what to do and where to train.

UPDATE:

From another poster:

Brigham - only recently has had i6 grads so hard to tell what the product of the i6 program is. but traditional fellows (both 4/3 and 5/2) do not seem to come out as well trained compared to some of the other options you listed (though, this is likely true of many other i6 programs where you've got both other training tracks). as you mentioned is the case for traditional training programs, they can come out able to do cabg and avr, but definitely not the more complex stuff without a fellowship. things may change now that sundt has taken over as MGB chief but hard to really tell.

columbia: chiefs graduate as excellent technical surgeons, able to do complex aortic work with zero issues. only question is heart failure because they have advanced fellows for that, but they still get plenty of experience with transplant and mcs. outstanding faculty dedicated to teaching. senior residents always on the right side of the table. also, senior residents actually have a pretty good lifestyle since they don't round on patients. no one questions whether a columbia grad can operate. huge financial support from the department since chair is a CT surgeon.

penn: disagree that it has gone massively downhill since bavaria left. yes they certainly lost volume from that, but they are still very busy with aortic work thanks to desai and some other new faculty. culture there will stay the same since szeto was trained by acker. similar to columbia, the resident is always on the right side of the table for every case. there is turnover at penn but many of their new faculty trained there so there is the same dedication to teaching. residents come out fully ready to practice in any setting.

  
Also, comments on UMich and Yale can be found below",autonomous surgery,Cautious or mixed about autonomous surgery,0.3723137080669403,0,https://reddit.com/r/medicalschool/comments/1hpb2vk/for_those_considering_cardiac_surgery_i6/
comment,m4gbr5h,1hpb2vk,medicalschool,Cataclysm17,1735522821.0,763,"I’m not personally interested in CT surgery, but I just wanted to commend you for making such a high-quality and valuable post! Wish we could get more posts in the sub like this.",autonomous surgery,Neutral or informational about autonomous surgery,0.42655524611473083,1,https://reddit.com/r/medicalschool/comments/1hpb2vk/for_those_considering_cardiac_surgery_i6/m4gbr5h/
comment,m4gbavj,1hpb2vk,medicalschool,7bridges,1735522662.0,162,Legendary post. Thanks so much,autonomous surgery,Neutral or informational about autonomous surgery,0.4490751326084137,1,https://reddit.com/r/medicalschool/comments/1hpb2vk/for_those_considering_cardiac_surgery_i6/m4gbavj/
comment,m4gn7ce,1hpb2vk,medicalschool,deleted,1735526952.0,278,[deleted],autonomous surgery,Cautious or mixed about autonomous surgery,0.6064028143882751,1,https://reddit.com/r/medicalschool/comments/1hpb2vk/for_those_considering_cardiac_surgery_i6/m4gn7ce/
comment,m4h4i3r,m4gn7ce,medicalschool,MrSuccinylcholine,1735533544.0,74,They make to much money for the hospital. They could kill someone and admin would help clean up the crime scene.,autonomous surgery,Cautious or mixed about autonomous surgery,0.4655362367630005,2,https://reddit.com/r/medicalschool/comments/1hpb2vk/for_those_considering_cardiac_surgery_i6/m4h4i3r/
comment,m4gggl1,1hpb2vk,medicalschool,surgresthrowaway,1735524506.0,252,I love that the program by program breakdown is basically that they are all shit,autonomous surgery,Neutral or informational about autonomous surgery,0.48452484607696533,1,https://reddit.com/r/medicalschool/comments/1hpb2vk/for_those_considering_cardiac_surgery_i6/m4gggl1/
comment,m4gklhs,m4gggl1,medicalschool,adoboseasonin,1735526004.0,84,it's almost as if the worst people go into surgery,autonomous surgery,Cautious or mixed about autonomous surgery,0.6504560708999634,2,https://reddit.com/r/medicalschool/comments/1hpb2vk/for_those_considering_cardiac_surgery_i6/m4gklhs/
comment,mkadbow,m4gklhs,medicalschool,redmeatandbeer4L,1743211502.0,6,"Yes, please tell me more M2 who has never set foot inside the OR",autonomous surgery,Cautious or mixed about autonomous surgery,0.6396167278289795,3,https://reddit.com/r/medicalschool/comments/1hpb2vk/for_those_considering_cardiac_surgery_i6/mkadbow/
comment,m4h6k9p,m4gklhs,medicalschool,Kiss_my_asthma69,1735534376.0,22,"They’re usually the worst personalities but are seen as the most important by hospital admins, funny how that works",autonomous surgery,Cautious or mixed about autonomous surgery,0.5714159607887268,3,https://reddit.com/r/medicalschool/comments/1hpb2vk/for_those_considering_cardiac_surgery_i6/m4h6k9p/
comment,m4htrfr,m4gklhs,medicalschool,Peestoredinballz_28,1735546629.0,15,"Meh, I’ve heard this over and over and have yet to see it come true. At every level it’s been… the worst people become healthcare professionals, and the worst of those people practice medicine, and the worst of those people become surgeons. I’ve met some God awful docs in most specialties, but sure surgeons are certainly more transparent about it. I respect the transparency of intentions. 

Would you rather be stabbed in the back or punched in the face?",autonomous surgery,Cautious or mixed about autonomous surgery,0.5243980288505554,3,https://reddit.com/r/medicalschool/comments/1hpb2vk/for_those_considering_cardiac_surgery_i6/m4htrfr/
comment,m4gcem2,1hpb2vk,medicalschool,deleted,1735523050.0,48,[deleted],autonomous surgery,Cautious or mixed about autonomous surgery,0.6064028143882751,1,https://reddit.com/r/medicalschool/comments/1hpb2vk/for_those_considering_cardiac_surgery_i6/m4gcem2/
comment,m4gvsf7,m4gcem2,medicalschool,7bridges,1735530172.0,36,Yep multiple i6 programs have 2 required RY making it 8 years total. Source: interviews,autonomous surgery,Neutral or informational about autonomous surgery,0.45207083225250244,2,https://reddit.com/r/medicalschool/comments/1hpb2vk/for_those_considering_cardiac_surgery_i6/m4gvsf7/
comment,m4yymg2,m4gvsf7,medicalschool,bluesclues_MD,1735798003.0,1,brutal,autonomous surgery,Opposed to autonomous surgery,0.4302993714809418,3,https://reddit.com/r/medicalschool/comments/1hpb2vk/for_those_considering_cardiac_surgery_i6/m4yymg2/
post,1em8aj7,,Health,,1723026400.0,40,A robot just performed fully autonomous surgery on a live patient for the first time,autonomous surgery,Neutral or informational about autonomous surgery,0.45427727699279785,0,https://reddit.com/r/Health/comments/1em8aj7/a_robot_just_performed_fully_autonomous_surgery/
comment,lgxagiz,1em8aj7,Health,Naniboy7,1723031345.0,1,"Great, I thought only us computer engineers were gonna go out of work 😅, start trying out other types of work guys not just your field",autonomous surgery,Cautious or mixed about autonomous surgery,0.44151073694229126,1,https://reddit.com/r/Health/comments/1em8aj7/a_robot_just_performed_fully_autonomous_surgery/lgxagiz/
comment,lgy3tom,lgxagiz,Health,Puzzleheaded_Style52,1723042278.0,1,Engineers created the robot. Who do you think maintain the robot?,autonomous surgery,Neutral or informational about autonomous surgery,0.44633764028549194,2,https://reddit.com/r/Health/comments/1em8aj7/a_robot_just_performed_fully_autonomous_surgery/lgy3tom/
comment,lh0h840,lgy3tom,Health,jakona85,1723068651.0,1,Not a computer engineer,autonomous surgery,Neutral or informational about autonomous surgery,0.44777339696884155,3,https://reddit.com/r/Health/comments/1em8aj7/a_robot_just_performed_fully_autonomous_surgery/lh0h840/
post,ivkbkx,,HFY,,1600483686.0,2611,"First Contact - Chapter 311
\[[first](https://www.reddit.com/r/HFY/comments/f94rak/oc_pthok_eats_an_ice_cream_cone/)\] \[[prev](https://www.reddit.com/r/HFY/comments/ivgdnw/first_contact_chapter_310_evil_never_dies/)\] \[[next](https://www.reddit.com/r/HFY/comments/ixbp3w/first_contact_chapter_312/)\]

**Planet Slatmurt - Neo-Sapient/Near Sapient Space Border**

**Two Weeks after Case Omaha**

**Three Months after Initial Red Dots in Hesstla System**

The mess hall was full of chattering, the clattering of cutlery on dishes, the clink of glasses, and here and there laughter. It was a quikbuild structure, put up by ants almost as an afterthought, a place for beings to eat and relax a little while. Treana'ad made jokes and puffed at their cigarettes underneath air circulators/filters. Mantid talked about the last drop and how it was better/worse than this one. Rigellian females talked and sang as they ate, their conversation often about the beauty of an oiled brown feather. The Telkans stared around them at everyone talking and laughing.

They were three days into a hard drop.

Task Force Angry Duck, Sixteenth Army, V CORPS (MIXED), and 1st Telkan Marine Division, First Regiment had arrived barely in time to hold off the wave after wave of Precursor metal from overwhelming the planet. Rather than leave when the math said, they kept bringing in additional waves while the previous forces retreated. They were making heavier use of drop-troops, going for the ground pound to secure victory. Space was still contested, with Task Force Angry Duck joined by Task Force Black Hammer, the latter following the Precursor vessels when they ran for it.

Ground was still anyone's game.

The world was rich in iridium and lithium, gravity well spun crystals with atmospheric doping making the material a hard sought resource.

Which meant whoever wanted it had to take it.

The Precursor Autonomous War Machines were a mix of Type-I, Type-II, and Type-III Hybrids. A nasty mix with a whole passel of tricks up their metal sleeves.

The Telkan were on their first offworld combat deployment. They were doing well, up to the standards of Confederate Space Force, their casualties low. Most of all, they knew when to call in for close air, artillery, or infantry support when things started to get dicey.

A single Telkan came into the mess hall and the rest of the Telkan went quiet. The fur on his ears, around the tip of his muzzle, around his eyes, was all silver. He walked with a limp, one eye and one ear were black warsteel replacements. The Telkan went back to eating, quietly, as the new arrival went through the chow line and got a tray of food before moving over to sit with the handful of Terran Descent Human officers sitting at the table.

Colonel Iisak nodded to the Telkan officer, who nodded back and went to clearing his tray. The human noted that the Telkan's fur had the slick plastic look of someone who had just gone through the showers to wash away hours of suit-sweat. While the Telkan was eating the other officers made small talk, mostly about the condition of their units and how well the fight was going.

Finally the Telkan officer pushed back his tray and picked up a long stalk of greenish red plant to nibble on.

""How's it look out there, Lieutenant?"" Colonel Iisak asked.

""Looks like we've got them on the run,"" The Telkan said. His voice was rough and coarse, like he'd been chewing gravel all day. ""Third Armor's rolling on drop points the AWM's are using, pushing them back to the Graveyard. My Brigade is rotating back for some R&R.""

The Colonel nodded. The Graveyard was where a dozen of the larger Precursors that were able to come into the atmosphere had landed and then had been disabled by General Trucker's heavy tanks and atomic strikes from 8th Infantry during the initial landing of V Corps. The dead AWM's were still spitting out smaller war machines, but now there was the opportunity to push them back into the Graveyard and then the Harvester Class AWM's could be handled.

""How's the weather?"" General Hwrawkar asked, setting down her glass of juice. She was in charge of a Regiment of fast attack grav-strikers and, like most pilots, almost obsessed over the weather.

""Starting to cool off. Had some bad black rain yesterday, lots of heavy metal in it,"" the Telkan said. ""Wasn't too bad on the way back.""

The Rigellian nodded, closing her eyes and bringing up her command console with her implant and ordering the mechanics to double-check the radiation shielding on all the strikers.

""How's our hosts?"" The sole one star General asked. He knew the answers his staff had given him, but it was always good to hear from another source.

Plus, the young Telkan male was a newly minted officer. Sure, he could fight, he could inspire his troops, but leadership was more than yelling battlecries and pulling the trigger.

""Still staying low,"" the Telkan said. ""It's all too much for them still.""

""Their females and young are fragile,"" Hwrawkar mused, opening her eyes. ""Something I can empathize with.""

The male Telkan nodded.

""How are your men?"" General asked, keeping his voice mild.

""Morale was a little wobbly when those city sized Harvesters landed but it's firmed back up now,"" the Telkan said. ""We've taken pretty low casualties, all things considered.""

""How are the new suits?"" Colonel Krikitaki, Ninth Maintenance Brigade, asked mildly.

""Still shaking out. The new psychic shielding makes everyone's teeth tingle,"" the Telkan said. He shook his head. ""Funny that I fought most of the Telkan Wars with bare minimum shielding.""

""Type-III's push psychic assaults harder than the other two,"" General Hwrawkar said. She tapped one black talon against the side of her glass. ""I'm just glad that you are as resistant to psychic attacks as we are. It is rare.""

The Telkan officer nodded. He finished off the stalk of vegetable and nodded to everyone. ""Gentlemen. Ladies,"" he said, standing up. He gathered his tray and went to the wash rack, clearing his tray before putting it into the shelving where it would be taken back and washed.

He thought it was funny that in an age of nantites, mass reclaimation systems, and robotics, washing pots, pans, and dishes was still done by hand in the Terran military.

Soldiers saluted as he made his way through the firebase, hastily constructed over the last two days while the Lanaktallan military forces had been refit to be able to fight next to the Terrans without the danger of the Terran weapons damaging Lanaktallan vessels by the mere act of firing.

He was walking behind a pair of Terran infantrymen, both of whom were mostly biological, when he saw it.

The three green dots at the base of their skull, subdermal LEDs that were roughly an inch wide, a quarter inch thick, with rounded ends, all flashed. The bottom went turned red, then the middle one lit up amber, followed by the top one turning amber.

""Soldiers, stand fast,"" the Telkan snapped, hurrying up to them.

The two infantrymen stopped, looking down at the Telkan officer and going to attention.

""Yes, sir?"" the one on the left asked.

""Right now, are you suffering headaches or any other strange symptoms,"" the Telkan asked.

Both of them looked at each other and then down.

""No, sir,"" they both said.

""I need you both to come with me to medical,"" the Telkan said.

""May we ask why, Lieutenant Vuxten?"" the one on the right asked after checking the Telkan's rank and nametag.

""Your SUDS telltales just went off green,"" the Telkan said. ""Come with me.""

Both men put their hands on the back of their necks and nodded.

Vuxten hurried down the passageway, stopping three times more when he saw Terrans with the same thing on their SUDS telltales.

Some soldiers were still green, some were flashing green.

Vuxten activated his comlink, tuning into the command channel.

""Base, get me medical,"" Vuxten snapped.

The comlink rang twice before it was answered.

""Captain Davis-Klikatik, 27th Med,"" a woman answered.

""Lieutenant Vuxten, 1st Telkan, I've got nine Terran soldiers with blown out SUDS,"" he waved at three other humans, stopping them. He glanced at the back of their necks. ""Twelve now. We're under attack.""

""It's happening all over base. There's a general recall for all forces not engaged with the enemy to pull back,"" the medical officer said, her voice tight with stress.

""Should I bring them into Medical?"" Vuxten asked.

""Negative. Tell them to return to their muster area,"" the doctor said. ""MedCom out.""

""Vuxten, out,"" he said. He turned to the gathered up soldiers. ""MedCom wants you to return to your barracks or muster area unless you get instructions otherwise,"" he said.

They nodded and Vuxten noted that their eyes were glowing amber. He filed the information away. He'd seen it before, during the war. Human's eyes often had a faint glow to them, but this was different.

""Yes, sir,"" they said, the small knot of them dissolving as they hurried to their garrison areas.

Vuxten tapped his comlink again.

""General Nagwark-Tambunta, 1st Telkan,"" the human voice said.

""Sir, this is Lieutenant Vuxten,"" he answered, hurrying toward the garrison area.

""What do you need, Lieutenant?"" the General asked.

""We're under attack. SUDS are going one red two amber across the entire base. Have all human members of First Telkan checked,"" Vuxten said, squeezing by a blast door that was shutting.

""Hang on,"" the General said.

Vuxten noticed that the normally laconic Terran Space Force (Marines) General sounded irritated by the entire world existing.

""You're right. Vuxten, I need you to gather up all Telkan officers and meet me in Briefing Room Seven,"" the General said. ""Don't fuck around brushing your fur, you get straight there, Marine, understood?""

""Yes, sir,"" Vuxten said.

The comlink shut off. Another surprise. Usually the General was a stickler for procedure.

He hurried faster.

\--------------------

""General Papatonis wants 3rd Armor to break contact and fall back to Log Base Tembo,"" Trucker's radioman, Sergeant Soto, called out.

Trucker spit over the side, keeping the TC's gun on the target, ripping armor from the entire side of the Precursor machine. The quad-barrel found something inside of the machine and it's side blew out even as the top bulged and shed armor.

""Tell the General we're engaged with the enemy!"" Trucker yelled out. ""Fat Boy, hit that hill, three shots! There's a crawler behind it! BOLO Muttonchop, go to rapid fire on your hellbore at this angle! Second Regiment, Third Brigade, hot cycle your indirect fire forges, dump the slush!""

He *knew* if they disengaged it would allow the flow of scrap metal flowing out of The Graveyard to overwhelm 1st Lanaktallan Armor Division through the sheer weight of numbers. It would allow the heavier machines, who had led their attack with an orbital strike into the carefully laid minefield, to break out and bypass Log Bases Tembo and Log Base Shi, which would let them flank BOLO Unit XXIX-TCSF 4721-FGY, AKA Fergy, with enough force they might be able to disable or even destroy the self-aware supertank.

His mental image of the battlefield shifted and he suddenly *knew* that elements of 528th Infantry were about to be cut off by Precursors on the other side of the hills from him. The hills were heavy in iron and granite with a river in the middle that was steaming from the heat being dumped into it by the Balor just over the curvature of the planet.

""Little Boy! Pink Pearl! Steady Lad! Fire for effect, full Shake & Bake, on these coordinates!"" Trucker shouted over his open comlink. ""Give 'em six shots of Shake & Bake then hit 'em with a scoop of Rocky Road!""

The three tanks didn't even ask questions or doublecheck, their indirect fire crew member loading the fireplan Trucker had handed them nearly a minute ago and hitting execute.

""The General is insisting,"" the commo tech yelled.

""Tell the General that we regretfully inform him that we are ENGAGED WITH THE ENEMY!"" Trucker yelled. ""All Night Long, get in tight on Black Betty, they're about to lose their APERS strip! Cherry Fairy, hit that hulk again, there's some clanker crabs in it! Butthole Surfer, cycle your main gun, your compression chamber's whistling loud enough for me to hear it all the way over here.""

Unnoticed by Trucker, or anyone else in 3rd Armor...

...the LED's flashed three times.

And went to a stack of red burning coldly beneath the skin.

\-----------------

A'armo'o watched Trucker's commands ripple through the hologram in front of him, how the battle shifted around him as if the Terran General knew what was going to happen. He watched as the General kept updating and filing fire plans that were executed sometimes up to two minutes later with devestating effect.

His Second Most High had fainted when Trucker had ordered one of the massive BOLO's riding his flanks to fire into the sky.

For a Balor to drop down out of the clouds and interference and straight into the firepower. The BOLO had gutted the Balor and it had crashed into The Graveyard.

The way Trucker orchestrated the battlefield and estimated enemy actions had proven too much for A'armo'o's second in command.

A'armo'o himself watched it with interest. His own men were engaged with the light units flowing from The Graveyard, trying to reach Log Base Hota.

""General Trucker has filed a fire and maneuver plan for your approval, Great Most High,"" the Terran Digital Sentience, a reconstruction of a famous and experience Terran armor commander by the name of Torgath informed him.

""The battle is moving too fast for me. What is your opinion?"" A'armo'o asked.

""I question parts of it, as I have, but General Trucker appears to be a gifted commander. I would recommend following it,"" Torgath said, his voice stuffy.

""Then make it so,"" A'armo'o ordered.

There was silence for a second.

""Firing point defense systems, boss! Don't know..."" T'Caw started to say.

The point defense guns opened fire just above the crest of a hill a mile away.

The Precursor striker vehicles popped over the hill just in time to run into a full barrage that tore them apart in a furious set of explosions.

""...why. Oh,"" T'Caw said. ""Trucker?""

""General Trucker,"" A'armo'o chuckled as a set of Terran strikers roared by just overhead, their guns hammering and rockets firing from beneath their stubby wings.

*This* felt like a properly run war.

\------------------------

""How are you feeling?"" the Terran female asked.

Mo'owa'alkr was proud at himself that he didn't flinch back from her. He had thought that the amber or red light from the eyes was just from their warborgs or cybernetics, but this Terran female had biological eyes and they glowed a warm amber.

""I am slightly dizzy,"" Mo'owa'alkr said.

""That's the sedative,"" she said. ""Your surgery went well.""

""Surgery?"" Mo'owa'alkr asked. The last thing he remembered was sitting in his fighting position and laughing.

""When you came in, we saw you had suffered some microstrokes. Precursor Scream exposure,"" the Terran said. ""We had to replace two of your eyes. We tried to save them, but the blood vessels had ruptured throughout the entire structure.""

""Oh,"" Mo'owa'alkr said. That explained the two black sections in his vision. He lifted up a glass. ""May I have some more juice?""

""Sure,"" The Terran smiled and Mo'owa'alkr was proud of himself for not flinching. She handed him the glass. ""There's a psych tech coming to talk to you. We're worried about shell shock or combat fatigue.""

Mo'owa'alkr nodded, feeling slightly ashamed.

""Hey, now,"" the Terran said. ""You did good for what you were facing.""

""Really?"" Mo'owa'alkr said. He felt almost desperate for her approval.

""Absolutely. You were outnumbered, outgunned, and under heavy psychic assault,"" she said. She patted his upper right arm. ""Almost three hundred of your fellow troops survived with you.""

""Oh,"" Mo'owa'alkr said quietly as the nurse left.

His Herd had been nearly five thousand strong.

\--------------------

TELKAN FORGE WORLDS

It's been almost two weeks.

How much longer do you think they'll be gone.

\---NOTHING FOLLOWS---

AKLTAK FREE FLIGHT

Not that long.

I'm sure they'll be back.

\---NOTHING FOLLOWS---

TNVARU GRIPPING HANDS

I'm letting Terrans still in the Tnvaru Systems know that we are offering them shelter and refugee status.

\---NOTHING FOLLOWS---

TELKAN FORGE WORLDS

Same here.

\---NOTHING FOLLOWS---

AKLTAK FREE FLIGHT

I can't imagine doing anything else.

\---NOTHING FOLLOWS---

TELKAN FORGE WORLDS

I can't believe that the Unified Council thought that striking Terra would stop them.

\---NOTHING FOLLOWS---

AKLTAK FREE FLIGHT

If anything, it'll drive them crazy.

\---NOTHING FOLLOWS---

TNVARU GRIPPING HANDS

Again.

\---NOTHING FOLLOWS---

\[[first](https://www.reddit.com/r/HFY/comments/f94rak/oc_pthok_eats_an_ice_cream_cone/)\] \[[prev](https://www.reddit.com/r/HFY/comments/ivgdnw/first_contact_chapter_310_evil_never_dies/)\] \[[next](https://www.reddit.com/r/HFY/comments/ixbp3w/first_contact_chapter_312/)\]",autonomous surgery,Opposed to autonomous surgery,0.3027589023113251,0,https://reddit.com/r/HFY/comments/ivkbkx/first_contact_chapter_311/
comment,g5s1as3,ivkbkx,HFY,Ralts_Bloodthorne,1600485983.0,526,"Friday Post Day!

First of all, obligatory shilling:

Paypal: [https://paypal.me/RaltsBloodthorne](https://paypal.me/RaltsBloodthorne)

Patreon: [https://www.patreon.com/First\_Contact](https://www.patreon.com/First_Contact)

Don't ever feel that you HAVE to donate/support. I write to bring everyone joy and to make these trying times a little easier providing a slight bit of escapism and enjoyment.

Finally, the West Coast has finally gotten rain. That is good news. My condolences go out to everyone and anyone who lost their livelihood or homes during the fires. (The Medford/Talent/Phoenix fire is particularly close to my heart. Phoenix is just... gone)

I've been eagerly looking forward to the return of Dee Taynee. She has a large part to play, even more than you might think at this point. Crashrider has his part to play.

And the Terran forces refuse to back off even with the loss of TerraSol and the SUDS system.

And what is Darth Harmonus up to in the Empire?

And of course, next week, if I get the space to since it's official that I'm moving, we'll stop by and see what everyone's favorite beer swilling rabbit girl is up to.

Along with an answer that just results in a question: Bo'okdu'ust will discover what the Ring Wars were about and the horrible damage of the Mar-gite War.

And don't forget Nakteti and the *It Tastes Sweet* as well as the intrepid *Dreams of Something More* and Mr. Rings.

Terrible secrets are to be revealed.

Ancient hatreds will clash.

And hanging in the balance will be the very soul of Humanity. Can they stay Humanity! Fuck Yeah! or will they slip into Humanity, WTF? or even worse: Humanity! Oh no!

\--The Mad Creation Engine",autonomous surgery,Cautious or mixed about autonomous surgery,0.4086446166038513,1,https://reddit.com/r/HFY/comments/ivkbkx/first_contact_chapter_311/g5s1as3/
comment,g5s1qha,g5s1as3,HFY,deleted,1600486254.0,140,[deleted],autonomous surgery,Cautious or mixed about autonomous surgery,0.6064028143882751,2,https://reddit.com/r/HFY/comments/ivkbkx/first_contact_chapter_311/g5s1qha/
comment,g5t5uj4,g5s1qha,HFY,PM451,1600520500.0,50,"""Tune in for the next exciting episode! Same space-time! Same space-station!""",autonomous surgery,Neutral or informational about autonomous surgery,0.6166418194770813,3,https://reddit.com/r/HFY/comments/ivkbkx/first_contact_chapter_311/g5t5uj4/
comment,g5sagzm,g5s1qha,HFY,Madgearz,1600491588.0,27,"Quick! Use [this](https://play.google.com/store/apps/details?id=com.hyperionics.avar) app.

Change voice to 'United Kingdom rjs'

'Old Batman Announcer' was all I heard, and it was awesome.",autonomous surgery,Cautious or mixed about autonomous surgery,0.3364758789539337,3,https://reddit.com/r/HFY/comments/ivkbkx/first_contact_chapter_311/g5sagzm/
comment,g7algji,g5s1qha,HFY,deleted,1601565725.0,2,agreed,autonomous surgery,Neutral or informational about autonomous surgery,0.47878018021583557,3,https://reddit.com/r/HFY/comments/ivkbkx/first_contact_chapter_311/g7algji/
comment,g5s3kc6,g5s1as3,HFY,Turtledonuts,1600487367.0,70,"The return of Dee Taynee hit me like a truck. But yeah, I feel for the west coasties. Y'all stay safe out there.",autonomous surgery,Cautious or mixed about autonomous surgery,0.37155863642692566,2,https://reddit.com/r/HFY/comments/ivkbkx/first_contact_chapter_311/g5s3kc6/
comment,g5siejj,g5s3kc6,HFY,ack1308,1600497537.0,40,I'd like to hit Dee Taynee with a truck. Repeatedly.,autonomous surgery,Opposed to autonomous surgery,0.6759989261627197,3,https://reddit.com/r/HFY/comments/ivkbkx/first_contact_chapter_311/g5siejj/
comment,g5s7g4o,g5s1as3,HFY,deleted,1600489492.0,39,">ancient hatreds will clash

So Daxin is gonna grab lucky 13 and go fuck up that mantid queen?",autonomous surgery,Cautious or mixed about autonomous surgery,0.4077494144439697,2,https://reddit.com/r/HFY/comments/ivkbkx/first_contact_chapter_311/g5s7g4o/
comment,g5uo3ip,g5s7g4o,HFY,wasalurkerforyears,1600543902.0,13,"Man, I hope that's all it is",autonomous surgery,Neutral or informational about autonomous surgery,0.4270346760749817,3,https://reddit.com/r/HFY/comments/ivkbkx/first_contact_chapter_311/g5uo3ip/
comment,g5slaqu,g5s1as3,HFY,Jard1101,1600500285.0,21,"God there are just so many things that I'm eagerly awaiting with this story, particularly looking forward to learning about the ring wars and what Dee Tayne's role to play is.

I'm in Australia and with the fires we had at the start of this year I understand how your feeling. Make sure your looking after yourself",autonomous surgery,Cautious or mixed about autonomous surgery,0.40131568908691406,2,https://reddit.com/r/HFY/comments/ivkbkx/first_contact_chapter_311/g5slaqu/
comment,g5wjdqp,g5slaqu,HFY,captaincrunch00,1600566073.0,7,I agree. I want them all that I cant pick a favorite that I want him to write about.  Just 'all of it' is what my brain screams.,autonomous surgery,Supportive of autonomous surgery,0.4964759051799774,3,https://reddit.com/r/HFY/comments/ivkbkx/first_contact_chapter_311/g5wjdqp/
comment,g5s5s15,g5s1as3,HFY,DiplomaticGoose,1600488580.0,24,"So wait, did Bookdust get Barnyard's cubes full of very early precursor data or did those two not find each other yet?",autonomous surgery,Cautious or mixed about autonomous surgery,0.7820920348167419,2,https://reddit.com/r/HFY/comments/ivkbkx/first_contact_chapter_311/g5s5s15/
comment,g5stcvu,g5s5s15,HFY,YesthatTabitha,1600508939.0,12,not yeeeettttt....,autonomous surgery,Cautious or mixed about autonomous surgery,0.3708595931529999,3,https://reddit.com/r/HFY/comments/ivkbkx/first_contact_chapter_311/g5stcvu/
comment,g5y6ytp,g5s1as3,HFY,fearthestorm,1600589501.0,11,Who was the rabbit girl? I may have forgotten.,autonomous surgery,Cautious or mixed about autonomous surgery,0.506483793258667,2,https://reddit.com/r/HFY/comments/ivkbkx/first_contact_chapter_311/g5y6ytp/
comment,g5y9y4h,g5y6ytp,HFY,Ralts_Bloodthorne,1600591335.0,29,Dambree,autonomous surgery,Neutral or informational about autonomous surgery,0.3805784583091736,3,https://reddit.com/r/HFY/comments/ivkbkx/first_contact_chapter_311/g5y9y4h/
comment,g6316ou,g5s1as3,HFY,deleted,1600682142.0,11,"As excited as I am for all those promises, I have 3 words, an abbreviation and lots of exclamation points for you Ralts........

VFY!!!!!!! VUXTEN, F**K YEAH!!!!!!!!!!!!!!!!!!!!!!!!!!!!!!!!!!!!!

*crowd chants* VUXTEN, VUXTEN, VUXTEN, VUXTEN, VUXTEN...........

I hope we get to see him do more!! 

Keep up the good work mate! 

End of Lime

---------NOTHING FOLLOWS--------",autonomous surgery,Cautious or mixed about autonomous surgery,0.3601297438144684,2,https://reddit.com/r/HFY/comments/ivkbkx/first_contact_chapter_311/g6316ou/
comment,g5so5cs,g5s1as3,HFY,deleted,1600503186.0,11,"How are you able to do this? Since the fires I've been an emotion shell of a man, and yet you pull magic from the air regularly. You're not human.",autonomous surgery,Cautious or mixed about autonomous surgery,0.44785135984420776,2,https://reddit.com/r/HFY/comments/ivkbkx/first_contact_chapter_311/g5so5cs/
comment,g5sbexw,g5s1as3,HFY,Scorch-the-14th,1600492338.0,8,I read this in Dr. Borous's voice from Old World Blues. I love it.,autonomous surgery,Neutral or informational about autonomous surgery,0.5654706358909607,2,https://reddit.com/r/HFY/comments/ivkbkx/first_contact_chapter_311/g5sbexw/
comment,g5sofha,g5s1as3,HFY,Kayehnanator,1600503488.0,9,"Trucker dies a full death from lack of SUDS, doesn't he?",autonomous surgery,Opposed to autonomous surgery,0.5925905704498291,2,https://reddit.com/r/HFY/comments/ivkbkx/first_contact_chapter_311/g5sofha/
comment,g5sovxs,g5sofha,HFY,Glytch5794,1600503978.0,16,Nah trucker is going to be OP. Can't wait to see things from his perspective when everyones brains get reverted.,autonomous surgery,Opposed to autonomous surgery,0.3134980797767639,3,https://reddit.com/r/HFY/comments/ivkbkx/first_contact_chapter_311/g5sovxs/
comment,g8e15zj,g5sofha,HFY,Crow_Hag,1602371439.0,1,Noooooooo!!!!!! :-(,autonomous surgery,Opposed to autonomous surgery,0.5923055410385132,3,https://reddit.com/r/HFY/comments/ivkbkx/first_contact_chapter_311/g8e15zj/
comment,g5v0oni,g5s1as3,HFY,MrScrib,1600548519.0,5,Hunanity: Fuck Yeah-No-Yeah!,autonomous surgery,Supportive of autonomous surgery,0.3089367151260376,2,https://reddit.com/r/HFY/comments/ivkbkx/first_contact_chapter_311/g5v0oni/
comment,g64td0u,g5s1as3,HFY,Cheif314,1600713687.0,5,Am looking forward to potatoe ship eating eldritch humans making an appearance again too =D,autonomous surgery,Supportive of autonomous surgery,0.45693519711494446,2,https://reddit.com/r/HFY/comments/ivkbkx/first_contact_chapter_311/g64td0u/
comment,g5v4cif,g5s1as3,HFY,n_johno,1600549703.0,3,"Wow!  

Looking forward to it all. 

Just don’t overheat and overslush.",autonomous surgery,Neutral or informational about autonomous surgery,0.475934237241745,2,https://reddit.com/r/HFY/comments/ivkbkx/first_contact_chapter_311/g5v4cif/
comment,g5rwt5y,ivkbkx,HFY,johncalvinyoung,1600483716.0,163,"Uh oh! Oh wait. Not Detainee. Yay!!!!

VUXTEN!!!!

And ULTRATRUCKER!!!

> six shots of shake and bake, followed by a scoop of rocky road!

Shock and awe indeed

> This felt like a properly run war.

Indeed it might with His Armorness ULTRATRUCKER running a unified precognitive battle doctrine.

> I’m letting Terrans know that we are offering them shelter and refugee status. 

Awwww of course they did, in those interminable months.",autonomous surgery,Cautious or mixed about autonomous surgery,0.32762590050697327,1,https://reddit.com/r/HFY/comments/ivkbkx/first_contact_chapter_311/g5rwt5y/
comment,g5scles,g5rwt5y,HFY,tsavong117,1600493308.0,66,"Ultra-trucker once adopted an orphan. He fed him the same meals he ate, and went through his standard daily routine with that orphan every day. By the time the orphan was 16 he was 14 feet tall, 6 feet wide, and granted the name MegaChad by the Digital Omnisiah himself, descended purely for that purpose.

Then he got sucked into a freak wormhole, seemingly lost forever to an alternate dimension. Some say he grew wiser and stronger there, utilizing his psychic abilities and impossibly awesome physical prowess to unite the warring techno-barbarians of his new world and create an empire spanning the galaxy and fuck it he's The emperor of mankind ok?  That's the joke. 40k meta shit.

Fuck me I'm going to bed.",autonomous surgery,Cautious or mixed about autonomous surgery,0.375788152217865,2,https://reddit.com/r/HFY/comments/ivkbkx/first_contact_chapter_311/g5scles/
comment,g5sifzk,g5scles,HFY,KhajiitLikeToSneak,1600497576.0,33,"Ah, MegaChad. As long as the tea keeps flowing (Yorkshire Gold, of course, emperors accept no substitute), the empire shall bring stability and righteousness to the galaxy.",autonomous surgery,Neutral or informational about autonomous surgery,0.2899934947490692,3,https://reddit.com/r/HFY/comments/ivkbkx/first_contact_chapter_311/g5sifzk/
comment,g5syod8,g5scles,HFY,StuckAtWork124,1600514875.0,7,> granted the name ~~MegaChad~~ Jimmy Space,autonomous surgery,Neutral or informational about autonomous surgery,0.3810858130455017,3,https://reddit.com/r/HFY/comments/ivkbkx/first_contact_chapter_311/g5syod8/
comment,g5tweed,g5scles,HFY,Brentatious,1600532439.0,4,I prefer to think of him as the second coming of CREEEEEEEEEEEEEEED!!!!!!!! (Ursarkar E. Creed) cause I'm pretty sure that's who he's based on. What with the knowing where to ~~infiltrate~~ position his tanks for maximum effect,autonomous surgery,Cautious or mixed about autonomous surgery,0.3889215290546417,3,https://reddit.com/r/HFY/comments/ivkbkx/first_contact_chapter_311/g5tweed/
comment,g5rx60h,ivkbkx,HFY,Turtledonuts,1600483898.0,86,"ULTRA TRUCKER LETS FUCKING GOOOOOOOOOOO!

But wait is this a flashback?",autonomous surgery,Supportive of autonomous surgery,0.3606754541397095,1,https://reddit.com/r/HFY/comments/ivkbkx/first_contact_chapter_311/g5rx60h/
comment,g5rymww,g5rx60h,HFY,while-eating-pasta,1600484587.0,81,"Has to be. Entire SUDS network dropped out a while ago, so we're just seeing what's up with *this* part of space.",autonomous surgery,Cautious or mixed about autonomous surgery,0.42991963028907776,2,https://reddit.com/r/HFY/comments/ivkbkx/first_contact_chapter_311/g5rymww/
comment,g5rzbwf,g5rymww,HFY,Turtledonuts,1600484909.0,18,Makes sense.,autonomous surgery,Neutral or informational about autonomous surgery,0.5880765914916992,3,https://reddit.com/r/HFY/comments/ivkbkx/first_contact_chapter_311/g5rzbwf/
comment,g5s1vsm,g5rymww,HFY,Archaic_1,1600486345.0,17,"maybe, it went down in stages.  Also, the slorpies tried to reboot us to a previous extension and it ended badly for them",autonomous surgery,Cautious or mixed about autonomous surgery,0.6181663274765015,3,https://reddit.com/r/HFY/comments/ivkbkx/first_contact_chapter_311/g5s1vsm/
comment,g5rz9jn,g5rx60h,HFY,montyman185,1600484878.0,31,Probably less a flashback and more a catchup.,autonomous surgery,Neutral or informational about autonomous surgery,0.48632940649986267,2,https://reddit.com/r/HFY/comments/ivkbkx/first_contact_chapter_311/g5rz9jn/
comment,g5rzcel,g5rz9jn,HFY,Turtledonuts,1600484916.0,12,"Yeah, I figure.",autonomous surgery,Neutral or informational about autonomous surgery,0.5068141222000122,3,https://reddit.com/r/HFY/comments/ivkbkx/first_contact_chapter_311/g5rzcel/
comment,g5s80rq,g5rx60h,HFY,ProjectKurtz,1600489820.0,11,Time is a fuck right now.,autonomous surgery,Cautious or mixed about autonomous surgery,0.4335983395576477,2,https://reddit.com/r/HFY/comments/ivkbkx/first_contact_chapter_311/g5s80rq/
comment,g5s8za3,g5rx60h,HFY,Haidere1988,1600490467.0,8,I think there is just so much shit going on at once it only seems like a flashback,autonomous surgery,Cautious or mixed about autonomous surgery,0.7551484107971191,2,https://reddit.com/r/HFY/comments/ivkbkx/first_contact_chapter_311/g5s8za3/
comment,g5sw3hk,g5s8za3,HFY,Bard2dbone,1600512072.0,7,I asked Ralts. It started on Hesstla and is spreading out. It only just now got this far.,autonomous surgery,Neutral or informational about autonomous surgery,0.3384134769439697,3,https://reddit.com/r/HFY/comments/ivkbkx/first_contact_chapter_311/g5sw3hk/
comment,g5s046b,ivkbkx,HFY,Calodine,1600485285.0,77,"Okay yeah he's gone even further beyond. Unless I'm misunderstanding, Trucker's now calling shit he has *no possible way to know*, up to two minutes before it happens. But his SUDS is gone, so if he dies he dies. And this is a flashback.

Getting some major death flags here.",autonomous surgery,Cautious or mixed about autonomous surgery,0.49847087264060974,1,https://reddit.com/r/HFY/comments/ivkbkx/first_contact_chapter_311/g5s046b/
comment,g5s3h1s,g5s046b,HFY,ninetailedoctopus,1600487311.0,64,"Knowing ULTRATRUCKER he'll see Death an hour away, and file a fire plan for it!",autonomous surgery,Opposed to autonomous surgery,0.44968628883361816,2,https://reddit.com/r/HFY/comments/ivkbkx/first_contact_chapter_311/g5s3h1s/
comment,g5srwqw,g5s3h1s,HFY,carthienes,1600507338.0,28,Now I've got a mental image of Trucker's head blown off... only to be restored in the backwash of a pre-planned salvo ripping through the scythe-wielding skeleton that swoops down on his prostrate form.,autonomous surgery,Cautious or mixed about autonomous surgery,0.6777506470680237,3,https://reddit.com/r/HFY/comments/ivkbkx/first_contact_chapter_311/g5srwqw/
comment,g5s1b6b,g5s046b,HFY,red_armadilllo,1600485990.0,43,"His battlefield awareness was always at that level, we have yet to see what he's capable when the inherent psyker powers activate",autonomous surgery,Cautious or mixed about autonomous surgery,0.5504975318908691,2,https://reddit.com/r/HFY/comments/ivkbkx/first_contact_chapter_311/g5s1b6b/
comment,g5t3qua,g5s1b6b,HFY,Awkward_Tradition,1600519386.0,18,"Correct me if I'm wrong, but he used to only know the current positions of allies and enemies and extrapolated from that, now he knows where everyone will be 2 minutes in advance, and when his metal will follow his firing plans. Like knowing how long the vi and moo will talk before actually firing.",autonomous surgery,Cautious or mixed about autonomous surgery,0.376029372215271,3,https://reddit.com/r/HFY/comments/ivkbkx/first_contact_chapter_311/g5t3qua/
comment,g5s2a1u,ivkbkx,HFY,kwong879,1600486590.0,68,"The heat death of the universe will come, and trucker will still be calling fire plans.

One of which will be Hellbore round that will restart the universe with another BIG BANG. 

And on the otherside... he will still be riding Cry Little Sister",autonomous surgery,Cautious or mixed about autonomous surgery,0.4905206561088562,1,https://reddit.com/r/HFY/comments/ivkbkx/first_contact_chapter_311/g5s2a1u/
comment,g5s60si,g5s2a1u,HFY,johncalvinyoung,1600488710.0,29,"Oh dear. I don’t want to see Trucker joining that Black Antaeus Laager in the hatch of Cry, Little Sister!",autonomous surgery,Opposed to autonomous surgery,0.46102723479270935,2,https://reddit.com/r/HFY/comments/ivkbkx/first_contact_chapter_311/g5s60si/
comment,g5sok9j,g5s60si,HFY,Kayehnanator,1600503631.0,24,"Immortal Trucker joining the Antaeus Fleet? Please, I can only get so erect!",autonomous surgery,Cautious or mixed about autonomous surgery,0.49505001306533813,3,https://reddit.com/r/HFY/comments/ivkbkx/first_contact_chapter_311/g5sok9j/
comment,g5tajs7,g5s60si,HFY,itsetuhoinen,1600522816.0,18,But I'm betting that *Cry Little Sister* will rather enjoy being the size of an interstellar battleship. :-D,autonomous surgery,Cautious or mixed about autonomous surgery,0.43349120020866394,3,https://reddit.com/r/HFY/comments/ivkbkx/first_contact_chapter_311/g5tajs7/
comment,g5sh2hy,g5s2a1u,HFY,greenhorndzo,1600496407.0,10,"This is, as of now, a new part of headcannon for me.",autonomous surgery,Neutral or informational about autonomous surgery,0.4036811888217926,2,https://reddit.com/r/HFY/comments/ivkbkx/first_contact_chapter_311/g5sh2hy/
post,1d61i2x,,SurveyCircle,,1717289632.0,1,Autonomous robotic surgery,autonomous surgery,Neutral or informational about autonomous surgery,0.43938782811164856,0,https://reddit.com/r/SurveyCircle/comments/1d61i2x/autonomous_robotic_surgery/
comment,l6pd1f4,1d61i2x,SurveyCircle,surveycircle_bot,1717289636.0,1,"Participants needed for online survey!

>**Survey on autonomous robotic surgery**
>[https://www.surveycircle.com/J7P73M/](https://www.surveycircle.com/J7P73M/)

[#robotic]() [#surgery]() [#medicine]() [#survey]() [#surveycircle]()",autonomous surgery,Cautious or mixed about autonomous surgery,0.5991267561912537,1,https://reddit.com/r/SurveyCircle/comments/1d61i2x/autonomous_robotic_surgery/l6pd1f4/
post,4igjil,,EngineeringPorn,,1462744197.0,362,The first autonomous robotic surgeon that can perform surgeries on soft tissues.,autonomous surgery,Neutral or informational about autonomous surgery,0.46204158663749695,0,https://reddit.com/r/EngineeringPorn/comments/4igjil/the_first_autonomous_robotic_surgeon_that_can/
comment,d2xz6h4,4igjil,EngineeringPorn,deleted,1462750485.0,15,[deleted],autonomous surgery,Cautious or mixed about autonomous surgery,0.6064028143882751,1,https://reddit.com/r/EngineeringPorn/comments/4igjil/the_first_autonomous_robotic_surgeon_that_can/d2xz6h4/
comment,d2y88d4,d2xz6h4,EngineeringPorn,dembones01,1462766584.0,5,I am sure the end effector is custom.,autonomous surgery,Cautious or mixed about autonomous surgery,0.4601784944534302,2,https://reddit.com/r/EngineeringPorn/comments/4igjil/the_first_autonomous_robotic_surgeon_that_can/d2y88d4/
comment,d2y3oah,d2xz6h4,EngineeringPorn,frogminator,1462758614.0,2,Huh?,autonomous surgery,Cautious or mixed about autonomous surgery,0.46272408962249756,2,https://reddit.com/r/EngineeringPorn/comments/4igjil/the_first_autonomous_robotic_surgeon_that_can/d2y3oah/
comment,d2y57yp,d2y3oah,EngineeringPorn,hessianerd,1462761059.0,6,http://www.kuka-robotics.com/usa/en/,autonomous surgery,Neutral or informational about autonomous surgery,0.5175921320915222,3,https://reddit.com/r/EngineeringPorn/comments/4igjil/the_first_autonomous_robotic_surgeon_that_can/d2y57yp/
comment,d2yhcmt,4igjil,EngineeringPorn,stonebrew,1462795137.0,12,Cool sewing machine.,autonomous surgery,Neutral or informational about autonomous surgery,0.4536457657814026,1,https://reddit.com/r/EngineeringPorn/comments/4igjil/the_first_autonomous_robotic_surgeon_that_can/d2yhcmt/
comment,d2y9r8s,4igjil,EngineeringPorn,QuickStopRandal,1462769918.0,27,"Now *this* is proper engineering porn.

I swear, if someone posts woodworking or that Colin Furze kid again on this sub, I'm going to lose it.",autonomous surgery,Cautious or mixed about autonomous surgery,0.3497564196586609,1,https://reddit.com/r/EngineeringPorn/comments/4igjil/the_first_autonomous_robotic_surgeon_that_can/d2y9r8s/
comment,d2y5bm5,4igjil,EngineeringPorn,hessianerd,1462761222.0,6,This is interesting but looks way behind the curve for medical devices http://www.medtronic.com/covidien/products/surgical-stapling/circular-staplers,autonomous surgery,Neutral or informational about autonomous surgery,0.4789324998855591,1,https://reddit.com/r/EngineeringPorn/comments/4igjil/the_first_autonomous_robotic_surgeon_that_can/d2y5bm5/
comment,d2ya71m,d2y5bm5,EngineeringPorn,MontagneHomme,1462770975.0,10,"That's not a replacement for sutures in every scenario. In fact, it's a very limited use case. The important thing about this automated system is that the robot adapts to the contours of the tissue and has better precision for accurate suture placement than, supposedly, the best surgeons. I'm sure it's a lot of fluff for now, but it's still cool.",autonomous surgery,Neutral or informational about autonomous surgery,0.3341003954410553,2,https://reddit.com/r/EngineeringPorn/comments/4igjil/the_first_autonomous_robotic_surgeon_that_can/d2ya71m/
comment,d2yszdi,d2ya71m,EngineeringPorn,hessianerd,1462814249.0,2,"I get this is a research project, and undoubtedly it's cool.  I am just trying to add context to the discussion.

Yes it has benefits as a general use device, but there are plenty of other case specific medical staplers (I even worked on some) which out perform this in many different scenarios. 

I think the question becomes is it useful to have something that can do many things not super well or one thing (associated with a specific, common procedure) very well?

Extended anesthesia/ procedure time is a big deal.  Reducing time under the knife reduces a lot of risks.  Coming up with a fix all solution might miss the mark in this regard.

Food for thought.",autonomous surgery,Cautious or mixed about autonomous surgery,0.6052732467651367,3,https://reddit.com/r/EngineeringPorn/comments/4igjil/the_first_autonomous_robotic_surgeon_that_can/d2yszdi/
comment,d2y9rzp,d2y5bm5,EngineeringPorn,ReasonablyBadass,1462769966.0,6,It was a research project. They probably wanted something cheap they could easily modifiy or something.,autonomous surgery,Neutral or informational about autonomous surgery,0.5636663436889648,2,https://reddit.com/r/EngineeringPorn/comments/4igjil/the_first_autonomous_robotic_surgeon_that_can/d2y9rzp/
comment,d2ya41t,4igjil,EngineeringPorn,egrimes,1462770771.0,2,Full details: http://stm.sciencemag.org/content/8/337/337ra64.full,autonomous surgery,Cautious or mixed about autonomous surgery,0.3552781939506531,1,https://reddit.com/r/EngineeringPorn/comments/4igjil/the_first_autonomous_robotic_surgeon_that_can/d2ya41t/
post,shr9xi,,Futurology,,1643709145.0,98,Robot performs 1st abdominal surgery (on a pig) without human help,autonomous surgery,Neutral or informational about autonomous surgery,0.5085038542747498,0,https://reddit.com/r/Futurology/comments/shr9xi/robot_performs_1st_abdominal_surgery_on_a_pig/
comment,hv4532d,shr9xi,Futurology,izumi3682,1643709394.0,10,"Submission statement from OP.

Some amazing takeaways from the article.

>The STAR, short for Smart Tissue Autonomous Robot, operated on the soft tissue of pigs to reconnect two ends of an intestine, which is said to be one of the most intricate and delicate tasks in abdominal surgery. 

>""The STAR performed the procedure in four animals and it produced significantly better results than humans performing the same procedure,""

>""...their (Johns Hopkins University) latest experiment without human intervention is a ""significant step forward fully automated surgery on humans,"" the university wrote.

I wrote this submission statement that is related to this article the other day.

https://www.reddit.com/r/Futurology/comments/s4wdsz/huge_breakthrough_from_bcbased_company_could_lead/hszl3uz/

In my essay I stated that such a form of AI operated surgery on humans would be likely, but perhaps experimental by the year 2025. Do you think we might see this kind of autonomous robotic surgery on a human by say--2023 instead maybe?",autonomous surgery,Cautious or mixed about autonomous surgery,0.37247544527053833,1,https://reddit.com/r/Futurology/comments/shr9xi/robot_performs_1st_abdominal_surgery_on_a_pig/hv4532d/
comment,hv535g9,hv4532d,Futurology,ForProfitSurgeon,1643728498.0,5,Just fantastic news!,autonomous surgery,Neutral or informational about autonomous surgery,0.5271210670471191,2,https://reddit.com/r/Futurology/comments/shr9xi/robot_performs_1st_abdominal_surgery_on_a_pig/hv535g9/
comment,hv4c5xs,shr9xi,Futurology,Whitethumbs,1643714800.0,6,"Good job little bot! Also good job science team!  I've seen how advanced AI is getting watching 2 minute papers and if they are making the same leaps for robotic surgery as we are in 3d physics, sample shortening, time saving and operating through insane boundaries, then modern medicine is looking pretty hopeful.    I was watching a video where they had the AI driving a 2d car for some car game, but the researchers were taking away most of the visuals and the AI could still stay on course driving around enemies and making turns even with only 3% of the screen visible in micro slivers, nothing a normal person could ever hope to imagine navigating and the AI was doing it like a pro. It'll be nice when we can trust robots to fix us up.",autonomous surgery,Supportive of autonomous surgery,0.8271862864494324,1,https://reddit.com/r/Futurology/comments/shr9xi/robot_performs_1st_abdominal_surgery_on_a_pig/hv4c5xs/
comment,hv4obcq,shr9xi,Futurology,deleted,1643721979.0,7,"So.  Anyone have any recommendations on what my kids should study in college so they can have jobs?  Lol.  

And don’t tell me UBI is the answer.  It will have to happen first..",autonomous surgery,Cautious or mixed about autonomous surgery,0.6161295771598816,1,https://reddit.com/r/Futurology/comments/shr9xi/robot_performs_1st_abdominal_surgery_on_a_pig/hv4obcq/
comment,hv5zz6g,hv4obcq,Futurology,deleted,1643740618.0,4,"Something they are good at and love to do.  

No one can see the future, so they might as well enjoy the present.",autonomous surgery,Neutral or informational about autonomous surgery,0.386955201625824,2,https://reddit.com/r/Futurology/comments/shr9xi/robot_performs_1st_abdominal_surgery_on_a_pig/hv5zz6g/
comment,hv4pr1b,hv4obcq,Futurology,FTRFNK,1643722692.0,4,"Surgical robot maintenance technician. Or maybe ""on stage gyration expert and garment removing technician"".",autonomous surgery,Neutral or informational about autonomous surgery,0.6421801447868347,2,https://reddit.com/r/Futurology/comments/shr9xi/robot_performs_1st_abdominal_surgery_on_a_pig/hv4pr1b/
comment,hv4q5at,hv4pr1b,Futurology,deleted,1643722884.0,5,"Eh- if a robot can fix a pig, a robot can fix a robot. I’m not so sure in the stripper part.. where will the dolla dolla bills come from?",autonomous surgery,Cautious or mixed about autonomous surgery,0.5075223445892334,3,https://reddit.com/r/Futurology/comments/shr9xi/robot_performs_1st_abdominal_surgery_on_a_pig/hv4q5at/
comment,hv471y6,shr9xi,Futurology,FuturologyBot,1643710953.0,1,"The following submission statement was provided by /u/izumi3682:

---

Submission statement from OP.

Some amazing takeaways from the article.

>The STAR, short for Smart Tissue Autonomous Robot, operated on the soft tissue of pigs to reconnect two ends of an intestine, which is said to be one of the most intricate and delicate tasks in abdominal surgery. 

>""The STAR performed the procedure in four animals and it produced significantly better results than humans performing the same procedure,""

>""...their (Johns Hopkins University) latest experiment without human intervention is a ""significant step forward fully automated surgery on humans,"" the university wrote.

I wrote this submission statement that is related to this article the other day.

https://www.reddit.com/r/Futurology/comments/s4wdsz/huge_breakthrough_from_bcbased_company_could_lead/hszl3uz/

In my essay I stated that such a form of AI operated surgery on humans would possible, but perhaps experimental by the year 2025. Do you think we might see this kind of autonomous robotic surgery on a human by say--2023 instead maybe?

---

 Please reply to OP's comment here: https://old.reddit.com/r/Futurology/comments/shr9xi/robot_performs_1st_abdominal_surgery_on_a_pig/hv4532d/",autonomous surgery,Cautious or mixed about autonomous surgery,0.4047486484050751,1,https://reddit.com/r/Futurology/comments/shr9xi/robot_performs_1st_abdominal_surgery_on_a_pig/hv471y6/
comment,hv4iizi,shr9xi,Futurology,Change_petition,1643718910.0,2,"""Robot performs 1st abdominal surgery (on a pig) without human help "".... and learns to transplant the Pig's heart to a human ?!

Not too far fetched",autonomous surgery,Neutral or informational about autonomous surgery,0.5022991895675659,1,https://reddit.com/r/Futurology/comments/shr9xi/robot_performs_1st_abdominal_surgery_on_a_pig/hv4iizi/
post,1cjs2b8,,RobotRenaissance,,1714797382.0,1,"Exploring the Ethics of Autonomous Robots.
Robotics is revolutionizing healthcare, offering innovative solutions to complex medical challenges. Surgical robots, for example, are transforming surgeries with greater precision and improved outcomes. They perform minimally invasive procedures with smaller incisions, leading to reduced pain, shorter recovery times, and fewer complications.

Rehabilitation also benefits from robotics, with robotic exoskeletons helping patients regain mobility after injuries or strokes. These wearable robots assist with walking and movement, providing support and feedback for improved strength and coordination.

Beyond surgery and rehabilitation, robots aid in medication delivery, patient monitoring, and eldercare. While the benefits are clear, challenges include cost, integration, and ensuring patient safety and privacy. Despite these, the future of healthcare robotics looks promising, with continued advancements set to transform the industry further.

**Ethics: Exploring the Ethics of Autonomous Robots**

The rise of autonomous robots, such as vehicles and drones, raises important ethical questions. One key issue is accountability in accidents: who is responsible, the manufacturer, the programmer, or the robot itself?

Another concern is the decision-making algorithms used by autonomous robots. How do we ensure these decisions are ethical, especially in dilemmas like saving pedestrians versus vehicle occupants?

There are also concerns about the societal impact, such as job loss due to autonomous vehicles. Ensuring fair distribution of benefits and minimizing harm to certain groups is essential.

These complex questions require careful consideration and discussion as autonomous robots become more prevalent in our lives. Addressing these ethical issues is crucial to their responsible and ethical use.",autonomous surgery,Cautious or mixed about autonomous surgery,0.57581627368927,0,https://reddit.com/r/RobotRenaissance/comments/1cjs2b8/exploring_the_ethics_of_autonomous_robots/
post,jefi9l,,HFY,,1603156694.0,2617,"First Contact - Chapter 334
\[[first](https://www.reddit.com/r/HFY/comments/f94rak/oc_pthok_eats_an_ice_cream_cone/)\] \[[First Appearance](https://www.reddit.com/r/HFY/comments/fwfknw/first_contact_second_wave_chapter_one_hundred/)\] \[[Last Appearance](https://www.reddit.com/r/HFY/comments/fy5hbu/first_contact_second_wave_chapter_one_hundred/)\] \[[prev](https://www.reddit.com/r/HFY/comments/jdxn6j/first_contact_chapter_333/)\] \[[next](https://www.reddit.com/r/HFY/comments/jegw01/first_contact_chapter_335/)\]

The evening was warm, with a comfortable breeze that carried the scent of flowers across the lawn. Festivity lights were scattered about, providing decoration to the lawn. The fountain, which had borne silent witness to many plots, burbled as the water cascaded down, lit by different color lights to produce a pleasing effect.

The music was soft, tinkling, a comfortable counterpoint to the conversations, even though the majority of guests weren't used to music at all.

The guests mingled, many of them slowly overcoming their anxiety at the presence of the minority of guests. They trotted about the lawn, sipping at expensive wines and champagnes, nibbling on delicacies, the lawn comfortable beneath their hooves. Their sashes were ornamented, their vests expensive, their flank coverings lavish. The females wore jewelry that sparkled and glittered. The males wore their badges of rank and office.

Mingling through the crowd were the newcomers. Bipedal with only two arms, only two eyes, only facial hair adorning their flat faces. They were large, dense bone and muscle from evolving on a high gravity world, their two eyes forward facing and as intent as any predator's stare, made moreso by the intellect that shown in their eyes. Their mouths were full of meat tearing and plant grinding teeth, silent testimony that to them, anything that fit in their mouth was food. Their hands were strong, with firm, almost painful, grips. They were capable of grip strength to allow them to hold their entire body weight with their hands, and their arms were powerful enough to allow them to lift themselves up by their strong hands. Their legs were thick and muscled, power and endurance built into the muscle structure.

The majority, a four legged herbivore race, were very aware of the predators in their midst.

It was more than their physique. Their intellect was sharp, penetrating, and deductive. Many of the majority were surprised by the predator's ability to hold intelligent conversations on esoteric topics, from corporate profit margins to manufacturing techniques to military theory to philosophy and political thought.

The longer the party went on, the more nervous some became.

Not just because of the predators. They were enough to cause anxiety.

No, it was the host of the party, who stood with the primate predators, often laughing at their jokes, holding intricate conversations with them, and seemingly perfectly at ease with them.

They knew the System Most High was different.

Now they could see that he was not only different, he was their superior in every way.

From the way he treated the elderly party guests, to the way he paid attention to the children who he had insisted be allowed to attend, to the way he treated the primates. The party itself was lavish, an outward sign of his power even though he was in exile, but his attitude was less that of a conquered leader and more of a temporarily displaced noble.

The Lanaktallan at the party were in awe of their host.

Mana'aktoo slapped the Terran female on the back as he laughed at her joke. It was a dirty, profane joke, that had left several other Lanaktallan wide eyed with shock. The punchline of ""That's not my 256 pin superconductor connector!"" had been expected but still amusing to Mana'aktoo as well as the four representatives from the two local xenospecies, all of whom enjoyed a good earthy joke.

Making his apologies, Mana'aktoo trotted away from the low ranking grav-striker mechanic and wound his way through the party-goers, slowly making his way toward Admiral Schmidt. He knew that many high ranking officials, politicians, and hanger-ons disliked his insistence that low ranking beings be invited to his parties and treated well, but the two species that made up the majority of the system's population largely worked in factories, mines, and industrial centers.

They also loved ironic juxtaposition and earthy jokes.

As far as Mana'aktoo was concerned, nearly every being at the party with any ranking could be used for reactor mass and it would only improve the function of the system.

The Admiral was laughing at the joke about the bliss seeking meditative and the out of control ore hauler that had just been told by the Maktanan mining union leader.

Mana'aktoo had heard the joke before and found the fact that, for all of the meditative's claims of being above the physical world and material objects, the out of control ore hauler had crushed the being to death, to be sensibly amusing.

*A jocular way of reminding one another that we all live in the physical world despite our lofty claims,* Mana'aktoo thought to himself.

""Ah, Most High,"" the Maktanan said, bowing.

""Former Most High,"" Mana'aktoo corrected gently.

""Bah, that is polite fiction, even the illustrious Admiral would acknowledge that fact,"" the union boss chuckled, smoothing one ear. ""You are the leader that the Maktanan people desire. Even the Carikan have made their desire to allow you to continue your rule known to the Terrans.""

""I am honored and humbled,"" Mana'aktoo said, pressing his four hands together.

""Well, on that note, if you two high ranking beings will excuse me,"" the union boss said, making a motion toward a richly dressed female Maktanan. ""My wife wishes I attend to her wants and desires.""

""Of course,"" the Admiral said, nodding.

""Give your wife my admiration regarding her exquisite jewelry,"" Mana'aktoo said.

The union boss gave a pleased flick of his ears and hustled away.

""Your mother is looking well,"" Admiral Schmidt said, nodding toward where Mana'aktoo's mother was obviously enjoying herself talking to several female Space Force officers. ""I am gladdened to hear of her full recovery.""

""I thank you,"" Mana'aktoo answered.

His mother had developed a twisted intestine. While the Lanaktallan doctors wanted to do robotic assisted surgery the Terran Space Force had offered Mana'aktoo's mother the services of their own medical professionals.

The surgery had been entirely non-invasive. An injection of medical robots, all of them extremely tiny, two hours, and his mother had trotted out of the clinic exclaiming how she had hardly felt any discomfort.

""You mother choosing to use our medical facilities has eased a lot of anxiety toward our medical services,"" Schmidt said.

""Many of my people fear that you will treat them how they would treat you should the situation be reversed,"" Mana'aktoo said. ""Not the Maktanan or Carikan, they have much in common with your people.""

Schmidt made a non-committal noise, nodding slowly. The Admiral held up two fingers in a wait motion even though Mana'aktoo had recognized the expression on the Admiral's face. He knew it meant that the Admiral was processing a large amount of information through his implant.

Mana'aktoo felt a small shiver of concern but suppressed it, knowing that others were watching.

The Admiral blinked rapidly, turning to face Mana'aktoo, and again Mana'aktoo felt a slight bit of anxiety at the way the Terran's eyes glowed a soft amber.

They always had, but it had become more and more obvious even to the most unobservant over the last few months.

""Where is Most High Kulamu'u?"" the Admiral asked.

""His father became confused a little while ago, mistaking this gala for his retirement ceremony,"" Mana'aktoo said. ""Most High Kulamu'u took him home so he would be less agitated and confused.""

The Admiral nodded. ""Is his Second Most High present?""

Mana'aktoo nodded, pinging the Second Most High Plu'umo'o, letting the other Lanaktallan know he should present himself with all due haste.

""What is the situation?"" Mana'aktoo asked.

""Task Force Agwu just came in-system,"" Admiral Schmidt said. ""They've got casualties.""

Mana'aktoo frowned. The idea of another force inflicting casualties on the Terran Space Force seemed almost impossible. ""Who attacked them?""

""We should discuss this in private,"" Schmidt said. He looked at Mana'aktoo. ""This involves this system. As the Maktana and Carikan have made it plain they want you in charge, while you may be the Most High in Exile, you still wield enormous influence on the system.""

""I will meet you in my office,"" Mana'aktoo said. He sent a quick datalink message to his manservant to meet the Admiral at the double-doors and escort the Terran and his two bodyguards to Mana'aktoo's office.

Second Most High Plu'umo'o, commander of the system's military forces and one of Mana'aktoo's co-conspirators, came trotting up.

""Go with the Admiral. There is a situation,"" Mana'aktoo ordered.

The Second Most High saluted, trotting after the Admiral.

Mana'aktoo went looking for the two people he wanted to include. Shonvlin, the Maktana leader, and Sheechilk, the Carikan leader. Both had been put forward by their respective species to act as liaisons to the Terran Space Force, which held the system under martial law.

The two leaders followed Mana'aktoo with no argument, quickly excusing themselves from the conversations they were holding.

Mana'aktoo arrived in his office to see the Space Force Admiral standing by the desk, apparently looking out the window, but Mana'aktoo could see the red telltales on the side of the Admiral's datalink.

The Admiral was quite busy.

Mana'aktoo trotted behind his desk, sitting down and waiting for the arm rests and back rest to swing into position. Once it had he waited, bringing up the holoterminal in the middle of the room.

Finally the Admiral turned and faced everyone.

""Task Force Agwu was patrolling two of the systems nearby when they came under heavy attack by an overwhelming force of the new Precursor Autonomous War Machines,"" the Admiral said. ""They broke action twice, performing a fighting retreat.""

Everyone nodded. That was only logical, seeing as the Precursor AWM's were a fearsome opponent.

""Both times the clankers followed them, forcing them into action at the third location, which was between stellar masses,"" the Admiral said. He tossed up a hologram of the size of the Task Force.

Mana'aktoo didn't consider himself a military genius, but he had educated himself to the realities of the Terran military.

Eight carriers, twelve super-heavy warships, nearly a hundred attendant vessels, fifteen troop ships, two repair and refit ships.

One carrier was gone, two of the super-heavy, three of the troop ships, and sixteen of the attendant vessels.

""In return, Task Force Agwu managed to inflict serious casualties on the Precursors,"" The Admiral said.

Mana'aktoo looked at the numbers. For every Terran ship destroyed, they'd destroyed thirty-six point two two six of the Precursor ships.

""How many are expected to arrive?"" Mana'aktoo asked.

The Admiral nodded. ""They were heading this way already,"" the Admiral said. ""Task Force Agwu bought us a few days and are able to warn us of what would have been a significant ambush.""

Mana'aktoo could feel Plu'umo'o's tension and underlying anxiety.

""How many of them are coming?"" Mana'aktoo asked.

The Admiral tossed the force makeup of the Precursors into the holotank in the middle of the room.

Mana'aktoo stared at the numbers. He nodded slowly, realizing what he was seeing. He turned to Plu'umo'o slowly.

""With the Terran's permission, recall the troops,"" he stated. ""Prepare the shelters, coordinate with Civil Defense.""

""You have my permission to defend your world,"" the Admiral said. He stared at the holotank. ""Task Force Anvil is going to have its hands full.""

""We will stop them here. They will go no further, and they will kill no more,"" Mana'aktoo said, staring at the numbers. ""We stand against them.""

He turned and looked at the others.

""Together.""

In the middle of the room the enemy force estimates burned in cold amber light.

Two thousand harvester class.

Incoming.

ETA: Sixty-three hours.

\[[first](https://www.reddit.com/r/HFY/comments/f94rak/oc_pthok_eats_an_ice_cream_cone/)\] \[[First Appearance](https://www.reddit.com/r/HFY/comments/fwfknw/first_contact_second_wave_chapter_one_hundred/)\] \[[Last Appearance](https://www.reddit.com/r/HFY/comments/fy5hbu/first_contact_second_wave_chapter_one_hundred/)\] \[[prev](https://www.reddit.com/r/HFY/comments/jdxn6j/first_contact_chapter_333/)\] \[[next](https://www.reddit.com/r/HFY/comments/jegw01/first_contact_chapter_335/)\]",autonomous surgery,Cautious or mixed about autonomous surgery,0.3153516352176666,0,https://reddit.com/r/HFY/comments/jefi9l/first_contact_chapter_334/
comment,g9e1tyi,jefi9l,HFY,johncalvinyoung,1603157059.0,335,"Oh man. 

> We stand against them. Together.

He really is unlike the others, isn’t he?",autonomous surgery,Cautious or mixed about autonomous surgery,0.394571989774704,1,https://reddit.com/r/HFY/comments/jefi9l/first_contact_chapter_334/g9e1tyi/
comment,g9e3bi1,g9e1tyi,HFY,alchemist1248,1603157902.0,217,Stallion,autonomous surgery,Neutral or informational about autonomous surgery,0.4305543899536133,2,https://reddit.com/r/HFY/comments/jefi9l/first_contact_chapter_334/g9e3bi1/
comment,g9e5hzj,g9e3bi1,HFY,night-otter,1603159166.0,157,"Depending on what he has to go through, possibly a War Stallion by the end.",autonomous surgery,Cautious or mixed about autonomous surgery,0.3658375144004822,3,https://reddit.com/r/HFY/comments/jefi9l/first_contact_chapter_334/g9e5hzj/
comment,i26mibv,g9e1tyi,HFY,Thobio,1648296471.0,1,Standing together is the true herd way!,autonomous surgery,Neutral or informational about autonomous surgery,0.37783128023147583,2,https://reddit.com/r/HFY/comments/jefi9l/first_contact_chapter_334/i26mibv/
comment,g9e3rqd,jefi9l,HFY,NevynR,1603158163.0,147,"""Target rich environment?"" *deployed*

""Egress route?"" *unable to locate*

""Reinforcements?"" *unknown*

""Brown trousers?"" *equipped*

""Hold the line, gentle beings, shit is about to get... interesting.""",autonomous surgery,Cautious or mixed about autonomous surgery,0.5119067430496216,1,https://reddit.com/r/HFY/comments/jefi9l/first_contact_chapter_334/g9e3rqd/
comment,g9e7cx5,g9e3rqd,HFY,deleted,1603160240.0,63,"""They have us surrounded.  They can't possibly get away this time. . . """,autonomous surgery,Cautious or mixed about autonomous surgery,0.43046826124191284,2,https://reddit.com/r/HFY/comments/jefi9l/first_contact_chapter_334/g9e7cx5/
comment,g9emyua,g9e7cx5,HFY,tsavong117,1603170964.0,62,"Alright men! We've got them right where they want us! Pick a direction, ANY direction! The idiots think we're surrounded, proving the viability of the Reverse-Encirclement maneuver!",autonomous surgery,Supportive of autonomous surgery,0.4864773452281952,3,https://reddit.com/r/HFY/comments/jefi9l/first_contact_chapter_334/g9emyua/
comment,g9e8ycj,g9e3rqd,HFY,ack1308,1603161184.0,47,"""We have two thousand harvesters incoming!""

""Good! That means everyone's got something to shoot at!""",autonomous surgery,Cautious or mixed about autonomous surgery,0.3546206057071686,2,https://reddit.com/r/HFY/comments/jefi9l/first_contact_chapter_334/g9e8ycj/
comment,g9egjmm,g9e8ycj,HFY,reddittrooper,1603166030.0,23,„Just start shooting everywhere!“,autonomous surgery,Supportive of autonomous surgery,0.3433767855167389,3,https://reddit.com/r/HFY/comments/jefi9l/first_contact_chapter_334/g9egjmm/
comment,g9e3zt4,jefi9l,HFY,WillDissolver,1603158291.0,65,#*Deleted in protest of reddit's API changes*#,autonomous surgery,Cautious or mixed about autonomous surgery,0.4646497070789337,1,https://reddit.com/r/HFY/comments/jefi9l/first_contact_chapter_334/g9e3zt4/
comment,g9e93xu,g9e3zt4,HFY,ack1308,1603161278.0,50,"We sleep soundly in our beds because rough men stand ready in the night to visit violence on those who would do us harm. 

\-attributed to George Orwell",autonomous surgery,Cautious or mixed about autonomous surgery,0.5172317624092102,2,https://reddit.com/r/HFY/comments/jefi9l/first_contact_chapter_334/g9e93xu/
comment,ghobbbr,g9e93xu,HFY,Var446,1609474858.0,10,A simple truth many fail to remember and/or idealistically push aside,autonomous surgery,Cautious or mixed about autonomous surgery,0.35472598671913147,3,https://reddit.com/r/HFY/comments/jefi9l/first_contact_chapter_334/ghobbbr/
comment,g9e8rt4,g9e3zt4,HFY,kevlestid,1603161075.0,6,This is my favorite comment ever,autonomous surgery,Neutral or informational about autonomous surgery,0.37942102551460266,2,https://reddit.com/r/HFY/comments/jefi9l/first_contact_chapter_334/g9e8rt4/
comment,g9ehfp5,g9e3zt4,HFY,YesthatTabitha,1603166658.0,4,So Mote It Be.  No further.  We are the line.,autonomous surgery,Neutral or informational about autonomous surgery,0.645318329334259,2,https://reddit.com/r/HFY/comments/jefi9l/first_contact_chapter_334/g9ehfp5/
comment,g9enhs6,g9e3zt4,HFY,Computant2,1603171414.0,3,Remembering the line in Babylon 5.,autonomous surgery,Cautious or mixed about autonomous surgery,0.4024907350540161,2,https://reddit.com/r/HFY/comments/jefi9l/first_contact_chapter_334/g9enhs6/
comment,g9eqnjh,g9e3zt4,HFY,DWwolf888,1603174230.0,3,https://youtu.be/jFi7bWkyRpA,autonomous surgery,Neutral or informational about autonomous surgery,0.45113593339920044,2,https://reddit.com/r/HFY/comments/jefi9l/first_contact_chapter_334/g9eqnjh/
comment,g9e23j2,jefi9l,HFY,NevynR,1603157212.0,54,"I bet somebeing somewhere uttered the words ""at least its quiet...""",autonomous surgery,Cautious or mixed about autonomous surgery,0.5293152332305908,1,https://reddit.com/r/HFY/comments/jefi9l/first_contact_chapter_334/g9e23j2/
comment,g9eb0sc,g9e23j2,HFY,Bard2dbone,1603162432.0,67,"I've worked in the medical field since I got out of the navy in 88. Every job has its superstitions.  And most are bullshit. In the medical world,  the full moon would be one of those. It doesn't actually hold true. 

BUT...

There is another superstition that DOES hold up. I've seen it too many times. Never utter the ""Q"" word inside a hospital, or unspeakable evil will befall.

I had that demonstrated vividly to me back in the previous century. I had delivered someone to the ER at Parkland, the county hospital in Dallas. I'd never previously seen three empty beds in their ER at the same time. THAT day, I saw more than a dozen.  Without thinking, I said out loud ""Wow. It's really quiet here today."" The charge nurse's head snapped around. He looked me right in the eyes and said ""You son of a bitch..."" And the bio-tel radio immediately chimed in to announce they had a mass casualty wreck on the freeway right before the exit for this same hospital, and currently had fourteen trauma cases inbound. That was one more than the current number of empty beds in the ER.",autonomous surgery,Cautious or mixed about autonomous surgery,0.4436306357383728,2,https://reddit.com/r/HFY/comments/jefi9l/first_contact_chapter_334/g9eb0sc/
comment,g9e7cvi,g9e23j2,HFY,Gunman_012,1603160240.0,40,"Or the dreaded, ""It's going to be a good day/week/month/etc.""

One does not simply taunt the Universe so flippantly. At least not out loud.",autonomous surgery,Opposed to autonomous surgery,0.36665040254592896,2,https://reddit.com/r/HFY/comments/jefi9l/first_contact_chapter_334/g9e7cvi/
comment,g9e85gn,g9e7cvi,HFY,NevynR,1603160709.0,22,"Its almost as bad juju as showing the rest of the squad a picture of your sweetheart, or being the third one to light a cigarette from the same match.",autonomous surgery,Cautious or mixed about autonomous surgery,0.5057209730148315,3,https://reddit.com/r/HFY/comments/jefi9l/first_contact_chapter_334/g9e85gn/
comment,g9g0c4p,g9e23j2,HFY,SirVatka,1603209857.0,12,"Never utter the Q word ANYWHERE. Any sort of emergency or crisis response team, not just medical, is absolutely convinced that Murphy's Law is triggered by that word. Even synonyms or oblique allusions to that word are dangerous.",autonomous surgery,Opposed to autonomous surgery,0.5566248297691345,2,https://reddit.com/r/HFY/comments/jefi9l/first_contact_chapter_334/g9g0c4p/
comment,g9i6m3n,g9g0c4p,HFY,dbdatvic,1603248943.0,14,"""It's quintet ... two quintets.""

--Dave, just before the mysterious exploding-symphony incident",autonomous surgery,Cautious or mixed about autonomous surgery,0.4734756052494049,3,https://reddit.com/r/HFY/comments/jefi9l/first_contact_chapter_334/g9i6m3n/
comment,g9e1chl,jefi9l,HFY,insanedeman,1603156777.0,45,The tingles.,autonomous surgery,Cautious or mixed about autonomous surgery,0.45588216185569763,1,https://reddit.com/r/HFY/comments/jefi9l/first_contact_chapter_334/g9e1chl/
comment,g9e1do5,g9e1chl,HFY,Riotousblitz2013,1603156796.0,16,Gz on first,autonomous surgery,Neutral or informational about autonomous surgery,0.35816794633865356,2,https://reddit.com/r/HFY/comments/jefi9l/first_contact_chapter_334/g9e1do5/
comment,g9e27c5,g9e1do5,HFY,insanedeman,1603157271.0,14,"Ha! Didn't even realize it.

End of lime.",autonomous surgery,Neutral or informational about autonomous surgery,0.3837873935699463,3,https://reddit.com/r/HFY/comments/jefi9l/first_contact_chapter_334/g9e27c5/
post,1hcdgvq,,lazerpig,,1733978937.0,118,"Israel vs The Narrative
Probably I'll be downvoted to hell but screw it. It is what it is.

I've seen some replies to my posts lately, accusing Israel of being a war criminal and the root of all global issues while relying on ICC, ICJ, and B'tselem. These claims are not just misleading; they're absurd. Let's break this down rationally, starting with some context.

# October 7, 2023

Hamas launched an unprovoked and brutal attack on Israel, killing over 1,400 civilians in one day. Families, children, and ordinary people were massacred or kidnapped. The October 7 attack wasn't an act of resistance; it was pure terrorism. Israel responded, and soon after, Hezbollah in Lebanon and the Houthis in Yemen joined the fray. Let's be clear: Israel did not provoke them. These groups act as proxies for Iran, destabilizing the region under the guise of defending Palestine.

# ICC and ICJ

* Let's talk about the role of international organizations like the ICC (International Criminal Court) and ICJ (International Court of Justice) in perpetuating biased narratives against Israel. The ICC claims jurisdiction over Israel based on recognizing Palestine as a state, even though this recognition is far from universal, and Israel isn't a member of the court. Meanwhile, nations like Saudi Arabia, China, and Russia escape scrutiny despite significant human rights abuses because of their power and influence.
* The ICJ, often used as a political tool, accepts referrals from nations with questionable motives. For example, resolutions against Israel are often pushed by countries like Iran and Pakistan, regimes with abysmal human rights records of their own. This selective targeting raises questions about the bias of these bodies.

While Israel's actions are scrutinized under a global microscope, the actual atrocities in places like Syria, China, and Yemen are ignored. This inconsistency highlights the politicized nature of these institutions, undermining their credibility and objectivity.

# What About B'Tselem?

Some Redditors quote the Israeli human rights organization B'Tselem to support their claims against Israel. Here's the thing: B'Tselem is an ultra-left outlet that freely criticizes the Israeli government. Whether or not you agree with their perspective, their existence speaks volumes about Israel's openness and democracy. Think about it: Could such an organization operate freely in China, Saudi Arabia, or Iran, where dissenters are jailed or executed? The fact that B'Tselem can openly challenge Israel's policies shows that the Israeli press and society investigate and debate its actions, a hallmark of a progressive and democratic society.

# The Hypocrisy of Calling Israel the Problem

It's almost laughable to call Israel the main problem in the Middle East while ignoring what's happening elsewhere:

* China detains and kills over a million Uyghur Muslims in camps and suppresses pro-democracy movements in Hong Kong. Activists are jailed or silenced, but hey, they make your phones and TVs, so there are no ICC investigations here.
* Saudi Arabia has turned Yemen into a humanitarian disaster and assassinated a Saudi critic journalist, Jamal Khashoggi, in a consulate. Yet, it faces no significant repercussions because money talks.
* Syria, with the help of Russia, Iran, and Hezbollah, has killed over half a million people using chemical weapons and barrel bombs. Entire towns are rubble, and millions are displaced, but there is no accountability.
* Iran brutally oppresses minorities, executes protesters, and violently suppresses women's rights activists. Yet, somehow, it's still seen as credible enough to lecture others on justice and human rights.
* Palestinian Territories, governed by Fatah in the West Bank and Hamas in Gaza, are rife with human rights abuses against their people. Arbitrary arrests, suppression of protests, and crackdowns on dissent are routine. Women, minorities, and political opponents often suffer the most, but these violations rarely make headlines.
* Oh, and by the way, LGBT rights are non-existent in any of these countries; if you are gay, you either go to jail or be murdered.

# The Genocide Claim

The accusation that Israel is committing genocide is not only false but a distortion of the term. Genocide refers to the deliberate and systematic extermination of a people. In contrast:

* Population Growth: The Palestinian population in both Gaza and the West Bank has been steadily increasing. This alone contradicts any claim of genocide, as populations subjected to genocide do not grow; they diminish.
* Humanitarian Measures: Despite ongoing conflict, Israel provides humanitarian aid to Gaza, including medical supplies and electricity. Israel also treats Palestinians in Israeli hospitals, even during times of heightened tensions.
* Military Objectives, Not Ethnic Cleansing: Israel's military actions target Hamas, a terrorist organization that uses civilians as human shields rather than Palestinian civilians as a group. Precision targeting and efforts to warn civilians before strikes further demonstrate that Israel's actions are not aimed at extermination but at defense.

If Israel were truly committing genocide, you wouldn't see the kind of growth and international aid provided to Palestinian territories that exists today. This accusation diminishes the weight of actual genocides, such as those seen in Rwanda or Bosnia, by misusing the term.

# The Apartheid Claim

Calling Israel an apartheid state oversimplifies a complex situation. Arab citizens of Israel vote, serve in parliament, become judges, and have the same rights as Jews and other ethnicities and religions. Compare this to apartheid South Africa, where Black citizens were denied every fundamental right. The West Bank situation is challenging, but the apartheid label ignores decades of nuanced conflict.

# What Israel Brings to the World

While people scream ""Israel bad,"" they conveniently overlook Israel's contributions:

* Tech? Israel revolutionized healthcare with Mazor Robotics for spinal surgeries and leads in autonomous driving with Mobileye.
* Medicine? Breakthroughs like Exelon for Alzheimer's and cancer immunotherapy are saving lives globally. Israel's advancements in regenerative medicine, such as lab-grown organs, are shaping the future.
* Humanitarian Aid? Israeli disaster response teams, like those deployed after earthquakes in Turkey, save countless lives with cutting-edge equipment and expertise. They prioritize humanity, even aiding nations that deny diplomatic ties.

# The Bigger Picture

No country is perfect, not Israel, not any other one. Israel suffers from some levels of systemic corruption, and there is a huge divide internally on a lot of topics, especially on judiciary reforms and the lack of political stability; there is a lot to improve. But singling out Israel as the villain of the Middle East while giving a free pass to regimes like Iran, Saudi Arabia, and China is hypocritical. If you want to talk about human rights, let's at least apply the same standards to everyone.",autonomous surgery,Cautious or mixed about autonomous surgery,0.4293521046638489,0,https://reddit.com/r/lazerpig/comments/1hcdgvq/israel_vs_the_narrative/
comment,m1nbqnr,1hcdgvq,lazerpig,deleted,1733979240.0,91,[deleted],autonomous surgery,Cautious or mixed about autonomous surgery,0.6064028143882751,1,https://reddit.com/r/lazerpig/comments/1hcdgvq/israel_vs_the_narrative/m1nbqnr/
comment,m1sh7z0,m1nbqnr,lazerpig,Technical_Idea8215,1734053961.0,7,"> cycles of revenge 

That's 100% the Balkans. 

Trying to understand why the Balkans are *that way* takes like an undergraduate's worth of study just to get the basics. It's insanely nuanced and gray, just like y'all are talking about with Israel.

And when you're studying the Balkans, you pretty quickly see that core theme of cyclical revenge. When they're not screwing each other over for the previous screwings, they all get screwed over by outside nations like the Ottomans. And then they're even more bitter and angry, and they screw each other over even harder than before. It's absolutely depressing.",autonomous surgery,Opposed to autonomous surgery,0.42954152822494507,2,https://reddit.com/r/lazerpig/comments/1hcdgvq/israel_vs_the_narrative/m1sh7z0/
comment,m1slzsc,m1sh7z0,lazerpig,TemKuechle,1734055716.0,3,How do you think this forever violence can be stopped for many generations? What will end it?,autonomous surgery,Cautious or mixed about autonomous surgery,0.4696291983127594,3,https://reddit.com/r/lazerpig/comments/1hcdgvq/israel_vs_the_narrative/m1slzsc/
comment,m1r51dc,m1nbqnr,lazerpig,RoamingIntellect,1734037334.0,18,"Finally, a comment that acknowledges the complexity of these conflicts instead of reducing them to propaganda slogans. You're absolutely right. Most conflicts aren't black and white. But nuance shouldn’t be an excuse to blur accountability. For example, recognizing generational trauma or cycles of revenge doesn’t absolve groups like Hamas from using their own civilians as shields or investing billions in terror instead of development. Complexity matters, but so does calling out moral failures when they’re obvious.",autonomous surgery,Supportive of autonomous surgery,0.31175896525382996,2,https://reddit.com/r/lazerpig/comments/1hcdgvq/israel_vs_the_narrative/m1r51dc/
comment,m1t5uhg,m1nbqnr,lazerpig,sawser,1734063240.0,4,"I started reading about the middle east on October 8 and like most Americans had absolutely no frame of reference or context to start working from. Most people I talked to had a simplistic hot take that was very clear as to who was the bad or good guy. 

A dozen books later from both perspectives and now all I know that anyone who has a simple opinion on the topic doesn't know what the fuck they're talking about. Any anyone who claims their side is ""right"" and the other is ""wrong"" is either uninformed or disengenious.",autonomous surgery,Opposed to autonomous surgery,0.3761749267578125,2,https://reddit.com/r/lazerpig/comments/1hcdgvq/israel_vs_the_narrative/m1t5uhg/
comment,m1r5lqi,m1nbqnr,lazerpig,Jerryd1994,1734037510.0,4,I 100% agree with you especially on the Chinese aspect I think it’s deliberate propaganda on the part of the Chinese communist party. In the next decade you are going to hear we can’t go to war with China guys like how will we get new iPhones and stuff like they bombed our navy but how will we live without the iPhone 30 I’m not going to be drafted to fight and kill minorities in an unjust war. Started by imperialist war mongers like just let them have Taiwan.,autonomous surgery,Opposed to autonomous surgery,0.32171759009361267,2,https://reddit.com/r/lazerpig/comments/1hcdgvq/israel_vs_the_narrative/m1r5lqi/
comment,m1pm87s,m1nbqnr,lazerpig,bikesexually,1734020381.0,-27,"You don't have to study colonialism to know that Zionists stole Palestine and brutally oppressed and killed the Palestinians for 77+ years. It's all there plain as day. Frankly I'll leave it up to the people who studied or survived apartheid to tell me what that is and the people who studied or survived the holocaust to tell me what a genocide is. They all say Israel is doing both. It's not complicated. 

Also hilarious the anti-Russian invasion sentiment on this page doesn't logically flow to anti-Israeli sentiment. The mental gymnastics get a 9.5/10",autonomous surgery,Opposed to autonomous surgery,0.43544694781303406,2,https://reddit.com/r/lazerpig/comments/1hcdgvq/israel_vs_the_narrative/m1pm87s/
comment,m1q3g6d,m1pm87s,lazerpig,RoamingIntellect,1734025730.0,22,"If Gaza was under Egyptian rule and the West Bank under Jordanian rule until 1967, why weren't they called 'occupied Palestinian lands' back then? The truth is, the term only became an issue when Israel took control after defending itself in a war.

During Ottoman rule, the land wasn't 'Palestinian'. It was part of an empire. Large-scale development only began with Jewish pioneers in the late 19th century, which attracted waves of Arab migrants seeking economic opportunities.

So ask yourself, If no one called it 'Palestinian land' under Ottoman, Egyptian, or Jordanian rule, why is it suddenly an issue now? Because it's not about history, it's about politics and hypocrisy.",autonomous surgery,Opposed to autonomous surgery,0.35212984681129456,3,https://reddit.com/r/lazerpig/comments/1hcdgvq/israel_vs_the_narrative/m1q3g6d/
comment,m1pt2gv,m1pm87s,lazerpig,The_Thane_Of_Cawdor,1734022511.0,9,Is your argument that Palestine was a sovereign nation ? Please cite your source .,autonomous surgery,Cautious or mixed about autonomous surgery,0.5126986503601074,3,https://reddit.com/r/lazerpig/comments/1hcdgvq/israel_vs_the_narrative/m1pt2gv/
comment,m1qmlwl,m1pm87s,lazerpig,Ok_Caregiver1004,1734031609.0,5,"Well some of use have studied it and the logic of that all boils down to whether or not you think Israelis a right to live on that land.
The narrative of Israel and its people as colonist who moved in and displaced the native palestinians isn't false and is what actually happened during the British Mandate and later independence.

This is why the historic and current political position of many a Palestinian groups and their supporters like Hamas, Fatah and the Muslim brotherhood have had was the expulsion of the Israelis from Palestine.

But that's history, now after generations of living there, Israelis can't simply be displaced. Unlike Russia and Ukraine, Israelis genuinely live there now. 

Comparing it to the Russia Ukraine situation isn't remotely the same. Russia is a invading its neighbor. Another sovereign state under the claim of protecting Russian speaking Ukrainians (who don't claim to be Russian) from Nazis in Kyiv.

Israel and Palestine are two separate nationalities fighting over the land they both claim to belong to them.

Claims of apartheid and genocide by the palestinian side are propagandistic misrepresentation of reality to highlight Israeli maltreatment for Palestinian political gain. 

Aparthied implies their being mistreated under a system that elevates and favors one side over the other. Which would only work if Palestinians acknowledge themselves to be part of the same country as Israel. Which they don't. So called Aparthied is Palestinians in the west bank unable to stop settlers from displacing them. And Israel pressuring the PLO to not charge Israeli settlers entering the west bank doing this. Which is a gross violation of internationally recognized Palestinian sovereign territory but not Aparthied.

Furthermore the idea of Palestinians being merely victims of Zionism ignores all they've done for the sake of affirming their freedom and national goal. This was a people that nearly overthrew Jordan's king and picked sides in Lebanons civil war and got the Israelis to ruin their reputation trying to stamp them out of Lebanon. The settlement of the west bank is tragic but bear in mind they threw out the Israeli settlements in Gaza back in 2005.",autonomous surgery,Cautious or mixed about autonomous surgery,0.5024453997612,3,https://reddit.com/r/lazerpig/comments/1hcdgvq/israel_vs_the_narrative/m1qmlwl/
comment,m1pryqg,m1pm87s,lazerpig,soyyoo,1734022168.0,-9,💯,autonomous surgery,Cautious or mixed about autonomous surgery,0.33336764574050903,3,https://reddit.com/r/lazerpig/comments/1hcdgvq/israel_vs_the_narrative/m1pryqg/
comment,m1ndsg8,m1nbqnr,lazerpig,deleted,1733980203.0,-5,[deleted],autonomous surgery,Cautious or mixed about autonomous surgery,0.6064028143882751,2,https://reddit.com/r/lazerpig/comments/1hcdgvq/israel_vs_the_narrative/m1ndsg8/
comment,m1nho57,m1ndsg8,lazerpig,Knapping__Uncle,1733982144.0,11,"Seriously,  dude? Read the fucking room. Or. Go back to watching Joe Rogan. The adults are talking.",autonomous surgery,Cautious or mixed about autonomous surgery,0.3974817097187042,3,https://reddit.com/r/lazerpig/comments/1hcdgvq/israel_vs_the_narrative/m1nho57/
comment,m1q7qu0,1hcdgvq,lazerpig,sErgEantaEgis,1734027048.0,25,I don't know if Israel is doing a capital G genocide but I'd be more inclined to believe they're rather cavalier about collateral damage.,autonomous surgery,Opposed to autonomous surgery,0.43884652853012085,1,https://reddit.com/r/lazerpig/comments/1hcdgvq/israel_vs_the_narrative/m1q7qu0/
comment,m1rckoz,m1q7qu0,lazerpig,deleted,1734039673.0,19,"Not Genocide, but the settlements - beyond any doubt - meet the definition of Ethnic Cleansing

It is very Clearly done with the intention to change the ethnic makeup of an area",autonomous surgery,Cautious or mixed about autonomous surgery,0.6204156875610352,2,https://reddit.com/r/lazerpig/comments/1hcdgvq/israel_vs_the_narrative/m1rckoz/
comment,m1xvucj,m1rckoz,lazerpig,jimbobalinsky,1734133766.0,7,"Ethnic Cleansing is a substitute term for genocide created during the Rwandan Genocides in a vain attempt to redirect UN accountability. Intent determines Genocide, and it's apparent what Israel's intent is. Playing semantics isn't doing anyone favors; it's a tool used largely by bad actors with bad faith arguments.",autonomous surgery,Opposed to autonomous surgery,0.5109995007514954,3,https://reddit.com/r/lazerpig/comments/1hcdgvq/israel_vs_the_narrative/m1xvucj/
comment,m1ryxv2,m1rckoz,lazerpig,BoarHide,1734047306.0,9,"Yes, and “*Seeeee?* Their population is *growing* so it *can’t* be a genocide!!” is an absolutely wild take too. 

Literally “We’re not murdering them fast enough for it to count!!!!”. That’s a hell of a defense man",autonomous surgery,Cautious or mixed about autonomous surgery,0.40791964530944824,3,https://reddit.com/r/lazerpig/comments/1hcdgvq/israel_vs_the_narrative/m1ryxv2/
comment,m1s70vr,m1rckoz,lazerpig,Far_Introduction3083,1734050224.0,4,The Arabs ethnically cleansed jews from the west bank when they were in control. Turn about is a bitch.,autonomous surgery,Opposed to autonomous surgery,0.4444345533847809,3,https://reddit.com/r/lazerpig/comments/1hcdgvq/israel_vs_the_narrative/m1s70vr/
comment,m1rbw08,m1q7qu0,lazerpig,cant_think_name_22,1734039459.0,7,"That aligns with my perspective.  There are genocidal elements of t he Israeli government.  There are parts that give very little regard for civilians.  Not taking civilian casualties into account is a war crime, but there is an important difference between intentional destruction of a people and culture and disregard for the civilians in a combat area.",autonomous surgery,Cautious or mixed about autonomous surgery,0.3595338463783264,2,https://reddit.com/r/lazerpig/comments/1hcdgvq/israel_vs_the_narrative/m1rbw08/
comment,m1s38d9,m1rbw08,lazerpig,TheSoldierHoxja,1734048853.0,3,"The statements of Israeli officials speak for themselves. It’s genocide. 

“There are no innocent civilians in Gaza.” -Isaac Herzog, President of Israel — Intentional to targeting civilian population

“I have ordered a complete siege on the Gaza Strip. There will be no electricity, no food, no fuel, everything is closed.” - Yoav Gallant, Defense Minister — intentional starvation of the population of Gaza. 

Both of these statements and the actions carried out by Israel fulfill 3 of the threshold items to constitute genocide per the Convention.",autonomous surgery,Opposed to autonomous surgery,0.4310939311981201,3,https://reddit.com/r/lazerpig/comments/1hcdgvq/israel_vs_the_narrative/m1s38d9/
comment,m209xxm,m1q7qu0,lazerpig,RevolutionaryAge47,1734179555.0,3,"This is abject nonsense.  

Various Reddit subs are stuffed to the gills with close up videos of buildings bombed by Israel.  How do the Palestinians know which building is going to be bombed so that they can set up cameras and capture it from start to finish?  Israel ""knocks"" a building before they bomb it.  A ""knock"" is a very small explosive, enough to make a lot of noise, but very little damage if any at all.  A building is marked for demolition and Israel gives people time to get out it. Terrorist supplies obviously dont have time to be removed.",autonomous surgery,Opposed to autonomous surgery,0.38216230273246765,2,https://reddit.com/r/lazerpig/comments/1hcdgvq/israel_vs_the_narrative/m209xxm/
comment,m1wr53o,m1q7qu0,lazerpig,egg_woodworker,1734119763.0,0,"My personal feeling on “is it or isn’t it” genocide against the Palestinians is that a lot of people focus on European forms of genocide and ethnic cleansing. That’s fair, because European Jews were the subject of one of the worst atrocities humans ever carried out - and also the victims of a large number of atrocities that are in the top 50. And there are *for sure* evil people who want to repeat - just spend some time on X. Anti-semitism is real and commonplace.

Having said that, the American genocide of American Indians is probably more instructive. While there were untold horrific massacres, the Americans mainly *talked* about land - and manifest destiny (i.e., it’s about us white people, not you Indians). Regarding land there was a lot of “oh they abandoned it, so now it’s ours” or “oh they didn’t make good use of it, and we will use it productively”.

Naturally the Indians fought back and the Americans responded to these “terrorist attacks” with superior technology and overwhelming force and resettlements - to protect the “settlers” and create safe buffer zones. 

I support Israel’s right to exist. But I think many Israelis have not fully reconciled with their own history in an objective way.",autonomous surgery,Cautious or mixed about autonomous surgery,0.3882596790790558,2,https://reddit.com/r/lazerpig/comments/1hcdgvq/israel_vs_the_narrative/m1wr53o/
comment,m1sbldt,m1q7qu0,lazerpig,icantbelieveit1637,1734051902.0,-2,Ethnic cleansing for sure especially with their decisions to not welcome many back into northern Gaza clearly bulldozing communities,autonomous surgery,Opposed to autonomous surgery,0.5823737382888794,2,https://reddit.com/r/lazerpig/comments/1hcdgvq/israel_vs_the_narrative/m1sbldt/
comment,m1pm8s3,1hcdgvq,lazerpig,Ok_Caregiver1004,1734020386.0,29,"One thing that needs to be stated that gets glossed over or not even considered when your considering doing research on the history of the conflict between Israel and Palestine is that these two have been engaged in one of the longest and most intensive propaganda wars in the history of the world.

These two and their respective allies have spent the past 50 years trying to control the narrative to make themselves look just and the other not. Even the current propaganda and counter propaganda campaigns between Ukraine and Russia can't compare to how extensive the Israeli Palestine conflict has been politicised and propaganized by either side and how it has shaped public perceptions around the world.

I don't wish to go into to much detail about it but I will say that this is a rabbit hole that will take you everywhere from Magazines in Qatar to Ivy League campuses, lobbyist groups, charaties, NGOs, academia and political movements across various countries in Europe, North America and the Middle east.

This is the most politicised ongoing conflict in the world. Masterminded by generations of short sighted oppurtunistic fuck ups by both side's leadership.",autonomous surgery,Opposed to autonomous surgery,0.43396973609924316,1,https://reddit.com/r/lazerpig/comments/1hcdgvq/israel_vs_the_narrative/m1pm8s3/
comment,m1r2xxo,m1pm8s3,lazerpig,Esoteric_Derailed,1734036705.0,4,"Just here to point out that regardless of whatever may happen, Israel has the full military and political support of the USA.

So I guess negotiations are futile🤷‍♂️",autonomous surgery,Cautious or mixed about autonomous surgery,0.4275514483451843,2,https://reddit.com/r/lazerpig/comments/1hcdgvq/israel_vs_the_narrative/m1r2xxo/
comment,m1psfzc,m1pm8s3,lazerpig,soyyoo,1734022317.0,-14,But what’s r/israelexposed doing on 🇵🇸 land carrying out a horrific genocide?,autonomous surgery,Opposed to autonomous surgery,0.49797582626342773,2,https://reddit.com/r/lazerpig/comments/1hcdgvq/israel_vs_the_narrative/m1psfzc/
comment,m1q93wn,m1psfzc,lazerpig,Ok_Caregiver1004,1734027464.0,18,"I hate to break it to you mate, if what Israel is doing is literal genocide then the parts of Gaza that saw bombings and fighting would look less like Marawi and more like Mariinka or Mariupol. But that's war, and Hamas started that back in 2023. Its a lot more messy in the West bank were Israelis have been going out manifest destinying their way into internationally recognized Palestinian Land. 
To be honest seeing those Palestinians families get displaced by smug settlers moving in sucks more than bombs dropping on Gaza.

I don't justify Israeli excesses but bear in mind the current most active political order among the Palestinians is Hamas. Whose stated objective is to expel all the Israelis and claim the land as theirs. Their conduct last year shows their true colors. You can bet they'll gladly do to the Israelis what is done to them and more if they could. So in the case of destroying Hamas it can't really be done without putting civilian lives on the line when you consider how densily urbanized Gaza is.

The hatred in this conflict runs deep and both sides are gladly willing to lie to the world to demonize the other and sanctify their side.",autonomous surgery,Cautious or mixed about autonomous surgery,0.4075227379798889,3,https://reddit.com/r/lazerpig/comments/1hcdgvq/israel_vs_the_narrative/m1q93wn/
comment,m1q3sw7,1hcdgvq,lazerpig,roboterm,1734025839.0,7,Don’t forget to mention 7th of October is also Putins birthday.,autonomous surgery,Cautious or mixed about autonomous surgery,0.4532373547554016,1,https://reddit.com/r/lazerpig/comments/1hcdgvq/israel_vs_the_narrative/m1q3sw7/
comment,m1qyjr6,m1q3sw7,lazerpig,deleted,1734035350.0,5,Hamas got Putin a nice Birthday present back then,autonomous surgery,Cautious or mixed about autonomous surgery,0.530430257320404,2,https://reddit.com/r/lazerpig/comments/1hcdgvq/israel_vs_the_narrative/m1qyjr6/
comment,m1rm309,m1qyjr6,lazerpig,roboterm,1734042769.0,1,Dunno if I would call it like that.,autonomous surgery,Cautious or mixed about autonomous surgery,0.4552573263645172,3,https://reddit.com/r/lazerpig/comments/1hcdgvq/israel_vs_the_narrative/m1rm309/
comment,m1t3kla,1hcdgvq,lazerpig,ifunnywasaninsidejob,1734062344.0,5,"I hate both-sides-ing stuff like this, but both sides do horrendous shit. It’s really hard to compare and decide who is worse, because they’re both fucked up in vastly different ways.",autonomous surgery,Cautious or mixed about autonomous surgery,0.5514414310455322,1,https://reddit.com/r/lazerpig/comments/1hcdgvq/israel_vs_the_narrative/m1t3kla/
post,1d3drdn,,HFY,,1716993453.0,965,"The Nature of Predators 2-40
[First](https://www.reddit.com/r/HFY/comments/195q9rx/the_nature_of_predators_21/) | [Prev](https://www.reddit.com/r/HFY/comments/1d0d8dx/the_nature_of_predators_239/) | [Next](https://www.reddit.com/r/HFY/comments/1d5opdw/the_nature_of_predators_241/)

[Star Crossed \[Multiple Free Sample Chapters\]](https://www.patreon.com/posts/100228083?utm_campaign=postshare_creator) | [Patreon](https://www.patreon.com/spacepaladin15) | [Subreddit](https://www.reddit.com/r/NatureofPredators/) | [Discord](https://discord.gg/Dqj4HkRdpw) | [Paperback](https://www.amazon.com/dp/B0CQ5QNWBV) | [NOP2 Species Lore](https://www.reddit.com/r/NatureofPredators/s/G4hG1VS5wa)

**Memory Transcription Subject:** ***Elias Meier, Former UN Secretary-General***

*Date \[standardized human time\]: July 21, 2160*

Virnt paced on the sidewalk as we approached Kuemper’s convoy, lifting a segmented leg to wave farewell. He appeared to be on a holopad call, so I returned the gesture without saying a word. The Tilfish scientist was under a lot of scrutiny, after his leadership of the memory transcript project led to reviving me. There was additional pressure to extend the uploading capabilities beyond humans, though neuroscience from an Earth-based company was most advanced with our own kind. Legislators were keen to get involved, despite the fact that Austrian authorities and the UN had been apprised ahead of time. I intended to weigh in on that when the Sapient Coalition called, but securing aid for the war was a higher priority. Even synthetic bodies couldn't survive antimatter bombs; this endangered every being in our space.

“As I was saying, there’s been a vast uptick in the number of people participating in memory transcripts, ever since we announced Meier’s success. It’s insurance against death!” Virnt gushed to the person on the other end of the phone. “More machines are getting installed…some in public places. Everyone will be able to be reborn after death! It needs to be in every hospital, so we can scan anyone who passes through the doors or dies on the operating table.”

I turned to face Kuemper, as she slid into the back of the vehicle. “Is that what you’d want, if something happened to you now?”

“Yes. My specific consciousness would still end, granted, but a part of me would live on and get to see the future,” she answered. “I had a scan a few years ago. I plan to update my memories every so often, so they can restore me as I was.”

The Tilfish continued jabbering into the line. “Elias has been quite successful. He is truly immortal so long as our servers and data survive! If something happens, we have his program exactly as it was—it can be restored. I know he’s had his struggles, but I’m planning to swap out his eyes this week. It’ll be no different than surgery; go to sleep, wake up with modifications.”

I hesitated to close the car door. “*What* are you doing to my eyes?!”

“You wanted eyelids, so I’m going to give them to you. I’ll tell you later! Anyhow, as I was saying, we’re working to improve the sensory suites. Taste and smell are tricky. Proprioception, equilibrium, and motion detection are easier to fine-tune; they’re a bit rudimentary now. Humans are complicated and have a thousand chain reactions to different environments. I’d like Elias to test out things like…swimming underwater, standing on one leg, or typing with his eyes closed once we give him eyelids.”

*I’m learning new fears. I don’t want to hear any more of this conversation.*

“Start the car,” I grumbled, shutting the door. “Please. Covering my ears doesn’t work that well, and he’s talking pretty loud.”

Virnt’s mandibles parted with delight, likely because he’d been asked something about human senses. “Balance comes from inner ear fluid, sloshing around; that’s not so easy to replicate, so we’re more applying the predicted stimuli that would occur *if* that fluid was there! However, you also rely on your eyes and body awareness. Humans are remarkable—”

The vehicle started off down the road, leaving the overexcited Tilfish behind. The car ride was a perfect showcase of just why my three senses needed fine-tuning; the sensation that I wasn’t breathing escalated to levels of panic, while my “suffocating” body experienced waves of nausea. I *needed* to suck down oxygen to steady myself, to feel any of the input from my metal form as genuine. My limbs shook involuntarily, and I suddenly wished I walked down to Embassy Row, like I had during my visits to the Ulven and Racads. It hadn’t been as bad in a spaceship with inertial dampeners, where I’d had minimal view of my surroundings. Then again, I’d been curled up in a ball for that trip.

Kuemper’s eyebrows knitted together, before she placed a palm atop my hand to ground me. “After Virnt announced all that to the world, I think I can figure out what’s going on. Cars are no good?”

I shook my head, hating that I *could* feel sick to my non-existent stomach; it was phantom pain. The Secretary-General brought the car to a halt while I hugged the door, face pressed up to the window. The grating sensation that I was holding my breath was always present, but now, it felt like I was swallowing water by the bucketful. How could a car ride have sent my programming on such a cascade? The smallest, mundane experiences were now something I had to worry would set off my brain, and put me into a full state of panic from wrong signals. I wanted to apologize to Kuemper for creating such a scene, and pulling myself together for a few minutes. 

*Virnt, I know you’re reading this. Add this to your bug fix list…pun intended.*

There’d been zero ways to cope or find relief, in the thick of it. The general sensation of unwellness hung over me, along with a desperate desire to inhale through my nose. I found the strength to unhook the door—I had to get out of this car, or it would be my second coffin. Perhaps I could walk off the episode in the punishing July heat. Back when I was a human, diplomatic attire was punishing in these months, with sweat drenching me from head to toe. Looking down at my shoes, I could see the pavement shimmering as it reflected the scalding sun. Nobody without a robotic body should be out in this weather, and I’d meet Kuemper there. However, her car merely rolled alongside me, matching my pace.

“Go on without me,” I offered. “I’m sorry. I know the way to Embassy Row; I’ll catch up.”

Kuemper raised an unimpressed eyebrow. “You don’t know which one is the Leshee embassy, and there are 150-plus of them. I want to keep an eye on you anyway.”

“Ok. I’ll pick it up…it’s not like I can get tired. Hell, I won’t be out of breath if we talk while I run.”

“You’ve never been in better shape. The best persistence predator this planet has ever seen.”

“You have a good point. Even death couldn’t stop me.”

I started off at a light jog, not trusting my limbs not to do something zany. Gray-haired Elias hadn’t been a marathon runner—a contest I imagined our alien neighbors didn’t enjoy watching—but my present form could sprint without ceasing. There was no burning from lactic acid within muscles, only legs complying with the demands they were given. There were a multitude of stares and people recording, as they realized who I was; I supposed tearing down the streets of Vienna in July in a full suit-and-tie attracted attention. I found myself grinning at the absurdity. My pupils scanned to ensure I didn’t run into anyone, not wholly trusting my depth perception. 

The amusement died down as we neared the diplomatic entrance to Embassy Row, and I spotted a memorial park situated just shy of it. My legs slowed just long enough to read the entrance plaque, head turning to face it. It had a list of names of all humans who died *outside* of Earth during the Federation War, with several walls lined up within a cobblestone circle. That wasn’t what had caught my notice out of my periphery. It was the bronze statue that I’d registered, one with a face that I couldn't help but recognize. A cold feeling stirred within, gazing at a spitting replica of Elias Meier. They built…*statues* here to remember me. 

How did I even feel about that? *My name* was on the wall right alongside thousands of others, who hadn’t gotten any second chance. I picked up the pace with new urgency, all too eager to get away from my likeness. Maybe this new body was just a thinking statue to Elias, the pacifist icon of the UN. There was no time to fall back into such thoughts, since I didn’t want to cause our tardiness to the meeting. We were practically at the embassies, and from there, I could follow the Secretary-General’s car to the Leshee’s turf. Kuemper’s motorcade bypassed the stringent security, with the checkpoint gates opened ahead of our arrival. 

I’d zoned out as we wove to a domed building, where iridescent, frog-like beings waited for us. A gray blur appeared in my periphery, swooping down toward me; that proved enough to jolt me back to the present. Korajan had landed right next to us from the sky, gliding alongside me for a split second. Though I was startled at first, I managed to recover without flinching. The Secretary-General’s motorcade proceeded ahead of me to the reception area, where Leshee staff waited to greet us. I walked a few paces behind with the Duerten ambassador, taking on a calm amble and straightening myself up. The avian parted his beak, eyes curious.

“You’re going to ask for us to get you an audience in front of the Shield,” Korajan stated as a fact. “That’s what my UN contacts seemed to imply.”

I nodded. “We were hoping you’d help us.”

“No human has ever been allowed to visit during Shield meetings, Elias. Many feel that would be the beginning of us merging with the SC, rather than keeping an autonomous union. If I might be so frank, certain parties maintain communications with Earth because they see it as a necessity.”

“In what way? In case you need our assistance?”

“No, I’m afraid it’s rather impolite. You’re the  dominant power in our galactic neck of the woods, and they don’t want to war with you. They’d rather interact with the UN on some level, since it beats the perceived alternative. There would be great animosity toward an ‘intrusion’ in our halls.”

I clasped my hands behind my back. “What do *you* think, Korajan? Why are you telling me this?”

“I think you have proof now that the Sapient Coalition is threatened, and you believe you could rally us to your cause. My advice is not to look too far outside the Duerten Forum or the Leshee Junta. I do have great respect for humans, and I know *that* treatment hurts you more than you let on.”

“I’ve faced worse. I’m curious, Korajan, how you became an ambassador on Earth. Did you always have such favorable views of humans?”

“No,” the Duerten admitted. “I’ve seen the patterns in your social dynamics and customs over time. Originally, I was half-hoping the worst commentary about you was true. A part of me *wished* you would rip me to shreds or lose control while I was alone on your world. I wanted a human to swallow me whole before my grief did.”

“I’m so unspeakably sorry. It’s my sincere hope that your mental state has changed for the better.”

“It most certainly has. Honestly, what helped me most was visiting a live music bar, and listening to songs a local band wrote about Earth’s bombing. It reminded me of…a lot of things. They started to recognize me, and I understood their pain so intrinsically, Elias. I started playing the tambourine just so I could join their jam sessions. Even learned enough English to songwrite a little with them.”

“It’s wonderful that you found the right people, Korajan. If you ever feel inclined to share your songs with me, I’d be honored.”

“Perhaps I will. It might be unbecoming of an ambassador, but I’m offering all of this in the spirit of friendship. I’ll still help you, whatever you decide. Just be aware of what you’re getting into.”

The two of us fell in alongside Kuemper, who was exchanging pleasantries with Leshee Ambassador Yali. The amphibian looked a bit uncomfortable by my presence, which I found understandable; it wasn’t discrimination over my species, but my unique circumstances. I wondered about how long I’d be the sole revived brain scan. It was unfortunate to have nobody to talk to that was going through the same thing, as was often the therapeutic practice for other traumatic events. Then again, I didn’t want to bring anyone else back to this reality until Virnt had ironed out the flaws. My self-awareness heightened as I saw a Terran metal detector in the entrance, and hung back—knowing full well I’d trip it.

“Maybe I should stay here,” I whispered to Kuemper. “Are you okay with Virnt reading…sensitive state discussions? He has access to everything I see.”

The Secretary-General snorted. “That Tilfish has our top clearance level. He has to, with the important figures he’s done memory scans on. Not to mention he’s worked with the military and Project Chronicle.”

“Right. Give me a moment to, ah, collect my bearings.”

Korajan hopped through the detector, beckoning to me. “Elias is going to set off the security alarms, Ambassador Yali. You know, I shudder to think that resurrected Duerten might not be able to fly. I mean, we need light bones, and metal is quite the opposite.”

“What happens if a metal predator goes on a rampage? He’s unkillable,” Yali whispered to the Duerten, soft gums showing in her mouth.

*I don’t think the Leshee meant for me to hear that, but I suppose the exterminators wouldn’t have much impact on me.*

Fumbling for a way to reassure the amphibian, I strolled through the checkpoint, setting off a series of alarms. “It doesn’t seem a pleasant way to start a diplomatic meeting, weighing whether we can kill each other. I have always been an advocate of peace, and spent my tenure *avoiding* unnecessary bloodshed. We’re here in the hopes of banding together against a novel threat.”

“The United Nations recognizes how vital the Leshee are to the Shield. We hope to not only offer a warning, but to find a path forward that keeps civilians out of harm’s way,” Kuemper chimed in.

Yali hopped toward a seating area, eyes filled with anxiety. “I’ll hear what you have to say, but I would appreciate if we could keep this brief. I’m not accustomed to *this* type of human, Madam Secretary-General.”

“I’d be happy to recuse myself if it’d put your mind at ease,” I responded. “Believe me, Ambassador, I’m not used to this type of human either, yet I have to live in this body. Perhaps I belong on the sidelines, though I assure you, my only intent was to gather allies. Until I stay dead, I’ll never stop trying to find new friends for humanity, and achieve the harmonious future I’ve always dreamed of.”

“The Leshee are your friends, Mr. Elias Meier. We have helped you before in the hopes that you’d show up, if we ever needed it. However, my government is beginning to feel this is a bit one-sided. You seek aid often, without anything given in return.”

“If you seek monetary or material recompense, we can arrange that,” Kuemper stated. “However, we always considered our relations to be a mutual alliance.”

Korajan parted his beak. “The Duerten will not keep score, as we are forever in debt to Earth and her people. Humanity saved Kalqua, Yali, and they’d help you. Consider it fortunate your planet was not subjected to an orbital barrage.”

Sympathy glistened in the Leshee’s eyes. “We would never wish such a thing upon ourselves. My words are merely reflecting the uneven nature of our present arrangement, should the humans wish to call on us for a favor again.”

“Forgive me, but have you ever *asked* anything of us?” I chimed in. “If the roles were reversed, and you came to us for ten favors in a row, we wouldn’t be settling a ledger. We would extend a helping hand out of our goodwill and generosity. That is the definition of a friend: someone who is there no matter what, when you need them most.”

Kuemper cleared her throat. “We aren’t here for ourselves, and even the times we have been, it’s to save lives. We care for our citizens, and will always step in to resolve issues outside of Earth. I find it unfortunate that humans in Shield space are imperiled to this day, though we are grateful for any and all assistance the Leshee have given.”

“A question, if you’ll humor a ‘metal predator.’ For all the talk of our inherent violence and *rampages,* how many times have you needed to approach us regarding any of your people on Earth?”

“Once,” Yali replied, lowering her head. “There’d been a train accident, it turned out. Human rescue workers dug a little girl out of the rubble, resuscitated her twice…refusing to give up on saving her. The surgeons operated on her for hours, showing no appetite for her insides or the blood aromas swirling around them—only deep-rooted concern.”

“Perhaps such a story could buy us a bit more goodwill, my friend. It’s proof that we give to anyone in need, and seek nothing for it.”

Korajan fluttered his wings. “I can attest to their kindness. I’ve witnessed it. Their involvement in this disaster started to help the Sivkits, a party outside their organization, who’d turned away from us all for decades. Humanity heeded the call regardless.”

“Now, they’ve entered our space. Three massive drone contingents, on separate vectors, were detected on a stealthy route into the heart of our territory,” Erin Kuemper added. “We don’t know their destination, but we suspect Nishtal is a likely target. Help us protect the homeworld we just now rebuilt. The Shield knows what an arduous process that was.”

I nodded my head, turning my eyes toward the friendly Duerten. “I’ve absolutely heard what Korajan expressed, about risking your own assets on account of the Sapient Coalition. That takes tremendous nobility and courage. However, even the slightest contributions could make a difference. Count the fingers I have on a hand—that’s all the ships it would’ve taken to stop one bomber that hit Kalqua or Earth. That’s all it takes to save millions of lives.”

“When you put it like that…I’ll see if we can spare a small number. Every ship does make a difference,” the avian ambassador murmured. 

There was a brief spell of hesitation, as the Leshee ambassador pondered our words. Her species and ours shared the common link of being judged for biological requirements, as their tadpoles required water to survive. Since the Kolshians viewed that as a vector for disease, the amphibians were ostracized and considered unclean. They’d grown their influence as the Shield’s numbers grew, though they still clung to old Federation rhetoric—like most species in their organization. I hoped that they could put aside the dogma long enough to act for the common good.

“While the Krakotl have become dietarily contemptible…like many Coalition members, after being around you…I will recommend that my government intercedes on Nishtal’s behalf,” Yali decided. “Now if that’s all…”

“It’s not.”

The words tumbled from my mouth, reaching a snap decision after recalling my conversation with Korajan. I shifted my eyes back and forth between the Duerten and the Secretary-General, searching for approval. My old friend—a former SETI scientist having reached the top echelons of the UN—gave me a nod. While it would make a fractional difference to acquire any manner of aid, we couldn’t set our aim that low. My goal heading into this was to knock on every door I could, and Korajan’s warning only convinced me that galactic change was still a necessity. The Shield fearing us wasn’t something that we wanted; they weren’t our enemies, and it was high time their members realized that fully. 

If Noah had risked his literal head with a hostile audience, it fell on my shoulders to do the same. I was a diplomat that wasn’t in physical jeopardy, and like Virnt gushed on his call, my “program” could be restored in the worst case scenario. Someone had to start down the path of warming the Shield, as an entity, toward our cause.

“I would like to visit the Shield,” I stated with confidence. “I know the Leshee have the sway to arrange such a meeting. I’m well aware that you haven’t invited a human within your halls, since your formation. However, if you invite me, that will remain true. Any metal detector can tell you I’m not human.”

Yali seemed dumbfounded. “Then what are you?”

“I asked that same question when I woke in a lab, Ambassador. You know that I’m something beyond predator or prey…that we’re *all* moving toward something far outside the animal kingdom. Instead of worrying whether I’m unkillable, the Shield should be asking whether you could be too. You don’t want a golden age of progress to pass you by. You don’t want it not to come about at all because a war took us down.”

“Opening your doors could strengthen technological trade between our forums,” Kuemper tacked on. “If we can work together during wartime, there’s no reason we can’t better each other outside of it.”

“Is that why Elias came? You’re dangling your new discovery in front of us?” the Leshee ambassador asked. “I don’t see what we have to gain, aside from this elusive promise, by bringing you into our midst. I don’t see what *you* have to gain.”

I smiled, nostalgia flickering in my mind. “Good things happen when humanity reaches out. We entered a Federation meeting, and convinced dozens to abide our existence; we owe our survival to that. There was also a tiny portion that chose to befriend us because of our plea. I wish to speak a few words, and if one party warms to us for it, I’ll consider it worthwhile. We only *ever* reached out to the stars in search of friends, Ambassadors.”

“I searched tirelessly in the hopes that we weren’t alone,” Kuemper agreed. “We want to share the universe with others. Nothing more, nothing less.”

“I find that to be a beautiful notion,” Korajan interjected. “There have been a vast many positives that came from humanity’s survival and networking. We only know who we truly are because of them. The Leshee aren’t judged by your peers for your aquatic aptitudes, either.”

I gave the Duerten a nod of gratitude. “We have never once tried to force you to merge with us, or engage against your wishes. The Shield exists as a free entity today because our ambassador spoke at a meeting for a few minutes, twenty-four years ago. What could it hurt to give us the same opportunity today, and see what might come of it?”

After another lengthy pause, one where the tension gnawed at my mind, Yali heaved a flustered sigh. “Very well. I’ll approach my superiors about this, and tell them what you’ve said. Our embassy will be in contact if they grant you an audience. Please, leave now…before I change my mind.”

“Thank you. I’m deeply appreciative that you’ve heard our case, and have been receptive to our words. We won’t trouble you any longer.”

“Have a pleasant rest of your afternoon, Ambassador Yali,” Kuemper said, rising to her feet. “These will be historic steps toward a bright, prosperous future. I look forward to improving the dialogues between our species. My thanks as well to Ambassador Korajan for his supportive presence.”

The Duerten squawked in amusement. “Don’t thank me for speaking the truth. It’s a simple gesture.”

“I’ve always liked simple gestures.”

I felt a bit less off-putting and out of place upon our departure. With a solid chance at receiving an invitation to the Shield’s place of governance, I thought that the Leshee meeting had been a sweeping success. Flexing my diplomatic muscles paid dividends today, suggesting cyborg Meier still had enough charisma to stay in the game. In the spirit of optimism, it was time to plan just how I’d tackle my visit to the Shield. 

---

[First](https://www.reddit.com/r/HFY/comments/195q9rx/the_nature_of_predators_21/) | [Prev](https://www.reddit.com/r/HFY/comments/1d0d8dx/the_nature_of_predators_239/) | [Next](https://www.reddit.com/r/HFY/comments/1d5opdw/the_nature_of_predators_241/)

[Star Crossed \[Multiple Free Sample Chapters\]](https://www.patreon.com/posts/100228083?utm_campaign=postshare_creator) | [Patreon](https://www.patreon.com/spacepaladin15) | [Subreddit](https://www.reddit.com/r/NatureofPredators/) | [Discord](https://discord.gg/Dqj4HkRdpw) | [Paperback](https://www.amazon.com/dp/B0CQ5QNWBV) | [NOP2 Species Lore](https://www.reddit.com/r/NatureofPredators/s/G4hG1VS5wa)",autonomous surgery,Cautious or mixed about autonomous surgery,0.3849155902862549,0,https://reddit.com/r/HFY/comments/1d3drdn/the_nature_of_predators_240/
comment,l66mv79,1d3drdn,HFY,ZebraTank,1716995269.0,149,Is meier having some enjoyment of robo form while running? Kind of nice actually,autonomous surgery,Supportive of autonomous surgery,0.4468502998352051,1,https://reddit.com/r/HFY/comments/1d3drdn/the_nature_of_predators_240/l66mv79/
comment,l66rjod,l66mv79,HFY,SpacePaladin15,1716996916.0,117,"He might come to find some little things he appreciates like it 😅 it’s a huge adjustment, but it’s not all gloom and doom!",autonomous surgery,Neutral or informational about autonomous surgery,0.3846789002418518,2,https://reddit.com/r/HFY/comments/1d3drdn/the_nature_of_predators_240/l66rjod/
comment,l67jpjs,l66rjod,HFY,Flesh_A_Sketch,1717006612.0,63,"I have a mental image of him terminator running while 'dressed to kill' and I can't stop laughing because my mental projection is so out of line but also completely in character. He's not trying to look like a murder machine, he's just trying to find some comfort in a wierd sutuation.",autonomous surgery,Cautious or mixed about autonomous surgery,0.6220957636833191,3,https://reddit.com/r/HFY/comments/1d3drdn/the_nature_of_predators_240/l67jpjs/
comment,l66re3r,1d3drdn,HFY,TheGloomyStarfish,1716996862.0,90,"Well, this is an unsettling chapter.

Memory transcripts are installed in public spaces and maybe (in the future) even at the door of hospitals. What if someone who does not want to have a memory transcription but still needs medical attention goes to the hospital? Will they deactivate them before the person bleeds out?

Jesus, this is a mess waiting to happen.",autonomous surgery,Cautious or mixed about autonomous surgery,0.7961418032646179,1,https://reddit.com/r/HFY/comments/1d3drdn/the_nature_of_predators_240/l66re3r/
comment,l66xlxj,l66re3r,HFY,BXSinclair,1716999014.0,69,"From what we've seen so far, memory scans are an active thing, not passive, so if someone doesn't want one, they just don't use the machine",autonomous surgery,Cautious or mixed about autonomous surgery,0.3709203004837036,2,https://reddit.com/r/HFY/comments/1d3drdn/the_nature_of_predators_240/l66xlxj/
comment,l66z7hf,l66re3r,HFY,NERD_NATO,1716999566.0,42,"I assume there'll be documents for that stuff, like a DNR exists today.",autonomous surgery,Neutral or informational about autonomous surgery,0.4591749310493469,2,https://reddit.com/r/HFY/comments/1d3drdn/the_nature_of_predators_240/l66z7hf/
comment,l67a3sm,l66z7hf,HFY,TauTau_of_Skalga,1717003323.0,48,"""Do not respawn"" ""Do not resuscitate"" ""Do not roast in an oven"" (for fedbrains)",autonomous surgery,Opposed to autonomous surgery,0.5653449296951294,3,https://reddit.com/r/HFY/comments/1d3drdn/the_nature_of_predators_240/l67a3sm/
comment,l67a77h,l66z7hf,HFY,WCR_706,1717003356.0,28,DNR/DNR Do not resuscitate/Do not resurrect.,autonomous surgery,Opposed to autonomous surgery,0.5911008715629578,3,https://reddit.com/r/HFY/comments/1d3drdn/the_nature_of_predators_240/l67a77h/
comment,mdo6wgi,l66z7hf,HFY,The-unknown-poster,1739994457.0,2,Do Not Robotify?,autonomous surgery,Cautious or mixed about autonomous surgery,0.48268184065818787,3,https://reddit.com/r/HFY/comments/1d3drdn/the_nature_of_predators_240/mdo6wgi/
comment,l68nwn9,l66re3r,HFY,Flesh_A_Sketch,1717020692.0,18,"They'll be installed there.

There is a hand sanitizer dispenser installed at the front door of my work too.

Trust me, it doesn't wash your hands for you. You still have to go wave at it.",autonomous surgery,Cautious or mixed about autonomous surgery,0.5005170106887817,2,https://reddit.com/r/HFY/comments/1d3drdn/the_nature_of_predators_240/l68nwn9/
comment,l8qteyt,l66re3r,HFY,kriddon,1718470857.0,7,"Eh as a writer SP15 does not seem too interested in any of the negative connotations of brains scans and cyber resurrection.

I'm not saying that's a bad thing. I'm just saying that appears to be the case. Seeing how more or less everyone is already on board with the idea of cyber resurrection.",autonomous surgery,Cautious or mixed about autonomous surgery,0.4624974727630615,2,https://reddit.com/r/HFY/comments/1d3drdn/the_nature_of_predators_240/l8qteyt/
comment,llaqgrs,l8qteyt,HFY,deleted,1725367753.0,2,"Yeah... why introduce a concept that is very obviously terrifying, if your going to treat it like some romantic scientific endevour? Goodness. M boy Meier feels like hes being gaslit or mind-fucked into this. Are we sure Virnt isn't messing wiht his thoughts?",autonomous surgery,Cautious or mixed about autonomous surgery,0.6824355125427246,3,https://reddit.com/r/HFY/comments/1d3drdn/the_nature_of_predators_240/llaqgrs/
comment,l66p9a0,1d3drdn,HFY,ErinRF,1716996115.0,62,"Yesss more cybermeier! 

Interesting thing, the way that our inner ear sends signals to the brain is via pulse density modulated nerve activations. These are actually fairly straightforward to implement electronically and there are implants being developed to stimulate these nerves to restore balance in those who have inner ear problems.",autonomous surgery,Supportive of autonomous surgery,0.3715960383415222,1,https://reddit.com/r/HFY/comments/1d3drdn/the_nature_of_predators_240/l66p9a0/
comment,l66s5yq,l66p9a0,HFY,SpacePaladin15,1716997133.0,44,That’s very interesting! We are paving the way forward now with all sorts of neat biotech 😅,autonomous surgery,Supportive of autonomous surgery,0.4578649699687958,2,https://reddit.com/r/HFY/comments/1d3drdn/the_nature_of_predators_240/l66s5yq/
comment,l6803a2,l66s5yq,HFY,ErinRF,1717012262.0,10,"Indeed we are, medical tech is quite amazing imho. 

Heck brain implants are already a thing, they just tend to not work for long until scar tissue forms and degrades signal integrity.

What I’d love to see is something like, a gene therapy or something to create light sensitive and light emitting neural cells for optical interfaces.",autonomous surgery,Cautious or mixed about autonomous surgery,0.5064204931259155,3,https://reddit.com/r/HFY/comments/1d3drdn/the_nature_of_predators_240/l6803a2/
comment,l679sus,l66s5yq,HFY,TauTau_of_Skalga,1717003218.0,6,b-b-b-biotech? AAAA- *psychotic wander: Tautau*,autonomous surgery,Cautious or mixed about autonomous surgery,0.6222601532936096,3,https://reddit.com/r/HFY/comments/1d3drdn/the_nature_of_predators_240/l679sus/
comment,l66lt8d,1d3drdn,HFY,cira-radblas,1716994891.0,47,"Virnt is really getting ahead of himself. First he has to sort out Meier before he can even think about making Respawns of any other species. 

Poor Meier can’t even ride in a car without his various sensors spiraling into the worst carsickness.",autonomous surgery,Cautious or mixed about autonomous surgery,0.5653519630432129,1,https://reddit.com/r/HFY/comments/1d3drdn/the_nature_of_predators_240/l66lt8d/
comment,l66rt32,l66lt8d,HFY,SpacePaladin15,1716997007.0,39,"Virnt really needs to figure out the right sensor medley. He’s basically torturing Meier at times by accident! And other species would have different wiring altogether, so it’s starting from ground zero",autonomous surgery,Cautious or mixed about autonomous surgery,0.6301591992378235,2,https://reddit.com/r/HFY/comments/1d3drdn/the_nature_of_predators_240/l66rt32/
comment,l673yk3,l66rt32,HFY,K_H007,1717001205.0,20,"I feel like biomimicry will help out a lot in this regard. Making the machines mimic the actions of the organic body should go a long way to assist in that regard... and a pair of accelerometers in the head just inwards of the ""ears"" would help to mimic the balance-keeping aspect of the cochleae.",autonomous surgery,Cautious or mixed about autonomous surgery,0.3871209919452667,3,https://reddit.com/r/HFY/comments/1d3drdn/the_nature_of_predators_240/l673yk3/
comment,l68hbj9,l66rt32,HFY,liveart,1717018284.0,13,"It's not just that though. The very concept of autonomy and consent are being *constantly* violated. I hope Elias gets his chance to talk about his specific state of being to the UN soon so they can write laws protecting his rights to autonomy (both mental and bodily), privacy, protecting his general welfare and consent, and ensuring his equal status as a sapient being. You couldn't just inform a human you had *decided*, on your own, to replace their eyes.

You know as much as I dislike what they've done to Meier I've been giving Virnt the benefit of the doubt. Like maybe he is just a well meaning technophile who just doesn't get it. But hearing how *blatantly* he's dismissing Meier's suffering and pushing for *more people to be subjected to it* I'm now convinced not only is he a terrible person for this, but he's dangerous and needs to be stopped. He's *already* gone too far. We need some serious oversight on this project and someone needs to hit the breaks hard before this gets even more out of hand.",autonomous surgery,Cautious or mixed about autonomous surgery,0.5373727679252625,3,https://reddit.com/r/HFY/comments/1d3drdn/the_nature_of_predators_240/l68hbj9/
comment,l66htk1,1d3drdn,HFY,SpacePaladin15,1716993462.0,59,"Part 40! Virnt discusses future “bug fixes” for Elias, before our glitching, carsick narrator spots his own statue as he ditches his ride. Meier is joined by none other than Korajan as he finally reaches the Leshee embassy; the Duerten explains his journey to playing the tambourine with human folk bands, and supports Elias after Yali expresses her doubts over a “metal predator.” The Leshee ambassador agrees to advise her government to step in on Nishtal’s behalf, and also is persuaded to move the request to speak to the Shield up the chain of command.

What do you think of the relationship between humanity and the Leshee/wider Shield? Will the Shield grant our cyborg narrator an audience, and if so, what should Elias say in his address to their assembly? Do you agree that every bit of support makes a difference in the war with the KC?

As always, thank you for reading!",autonomous surgery,Cautious or mixed about autonomous surgery,0.4274913966655731,1,https://reddit.com/r/HFY/comments/1d3drdn/the_nature_of_predators_240/l66htk1/
comment,l66mvqq,l66htk1,HFY,Unanimoustoo,1716995274.0,58,"Ah yes, jump to ""unkillable metal predator"" instead of ""Oh, he's artificial. Can he even eat food at all?"" How many herbivore species, in both the shield and in the fed remnants, made that jump of logic instead of the more obvious one.",autonomous surgery,Cautious or mixed about autonomous surgery,0.4374341368675232,2,https://reddit.com/r/HFY/comments/1d3drdn/the_nature_of_predators_240/l66mvqq/
comment,l66rebd,l66mvqq,HFY,SpacePaladin15,1716996864.0,34,Some things never change!,autonomous surgery,Neutral or informational about autonomous surgery,0.49029627442359924,3,https://reddit.com/r/HFY/comments/1d3drdn/the_nature_of_predators_240/l66rebd/
comment,l67m0zt,l66mvqq,HFY,ShasOFish,1717007413.0,11,"Me thinks the aliens were introduced to the Terminator franchise without the context of what the first one was a play on (granted, stalker films probably aren’t much of a better context for herbivores).",autonomous surgery,Cautious or mixed about autonomous surgery,0.4917905330657959,3,https://reddit.com/r/HFY/comments/1d3drdn/the_nature_of_predators_240/l67m0zt/
comment,l66x7kz,l66htk1,HFY,hedgehog_dragon,1716998875.0,18,"The Leshee seem at least a little receptive which is nice. Hopefully if Elias gets a meeting with the Shield they'll warm up.

Unless there's a powerful party within the Shield that really hates humanity that I'm aware of, I think they'll get the meeting, between the Durten and Leshee seeming... accepting.


As for what Elias could say, probably best to talk about how the Shield has been left in peace, maybe focus on any positive interactions that there have been between SC and Shield members. Maybe what Humanity can offer in trade.",autonomous surgery,Cautious or mixed about autonomous surgery,0.4132566750049591,2,https://reddit.com/r/HFY/comments/1d3drdn/the_nature_of_predators_240/l66x7kz/
comment,l66lgu5,l66htk1,HFY,cira-radblas,1716994768.0,31,"It’s nice to see some of the Shield actually does care, however the Shield still seems to think Humans can brainwash with a few words.

The Shield should definitely grant Elias an opportunity to speak. Everyone remembers that even the Kolshians gave humans 5 Minutes. What Elias says in that great meeting is beyond my foresight.

I do agree that every bit counts to help beat back the Krev Consortium. Even 1 Bomber stopped saves multiple lives, and the enemy destroyed quickly by concentrated fire can’t destroy you.",autonomous surgery,Cautious or mixed about autonomous surgery,0.5213339328765869,2,https://reddit.com/r/HFY/comments/1d3drdn/the_nature_of_predators_240/l66lgu5/
comment,l66s1ef,l66lgu5,HFY,SpacePaladin15,1716997088.0,29,"One bomber stopped is worth it. That’s an innocent child who doesn’t have to die!

It’s much like how Sovlin believed we had a “charm ability.” Cognitive dissonance is a hell of a drug",autonomous surgery,Neutral or informational about autonomous surgery,0.3517202138900757,3,https://reddit.com/r/HFY/comments/1d3drdn/the_nature_of_predators_240/l66s1ef/
post,171i8vl,,IndustrialPharmacy,,1696612985.0,1,The Needle’s Edge: Autonomous Robotic Surgery And Its Implications For Medicine,autonomous surgery,Cautious or mixed about autonomous surgery,0.8319495320320129,0,https://reddit.com/r/IndustrialPharmacy/comments/171i8vl/the_needles_edge_autonomous_robotic_surgery_and/
post,11w93mv,,AskReddit,,1679288378.0,2,On what conditions would you accept surgery if it was conducted by a fully autonomous AI robot if cost isn’t an issue?,autonomous surgery,Cautious or mixed about autonomous surgery,0.6692125797271729,0,https://reddit.com/r/AskReddit/comments/11w93mv/on_what_conditions_would_you_accept_surgery_if_it/
comment,jcwz4px,11w93mv,AskReddit,shellofbiomatter,1679288495.0,3,If it's as good as a human doctor with atleast the same failure rate.,autonomous surgery,Neutral or informational about autonomous surgery,0.49632519483566284,1,https://reddit.com/r/AskReddit/comments/11w93mv/on_what_conditions_would_you_accept_surgery_if_it/jcwz4px/
comment,jcwzapv,11w93mv,AskReddit,Specialist-Crazy1466,1679288611.0,3,If it's My only option,autonomous surgery,Neutral or informational about autonomous surgery,0.4463790953159332,1,https://reddit.com/r/AskReddit/comments/11w93mv/on_what_conditions_would_you_accept_surgery_if_it/jcwzapv/
comment,jcwzn2y,11w93mv,AskReddit,RedneckNerf,1679288851.0,2,If there was an override that could be triggered to let a human surgeon finish the operation if something went wrong.,autonomous surgery,Cautious or mixed about autonomous surgery,0.49804064631462097,1,https://reddit.com/r/AskReddit/comments/11w93mv/on_what_conditions_would_you_accept_surgery_if_it/jcwzn2y/
comment,jcx1q7g,11w93mv,AskReddit,throwaway_0x90,1679290360.0,2,"At this day & age, nothing would get me to accept that.

But, if say this particular surgery has been done by this A.I. bot on thousands of people, of high diversity, over 10 years and not once has there ever been any issues, .....then.... I guess I'd be okay.",autonomous surgery,Cautious or mixed about autonomous surgery,0.4929453432559967,1,https://reddit.com/r/AskReddit/comments/11w93mv/on_what_conditions_would_you_accept_surgery_if_it/jcx1q7g/
comment,jcxa1mc,11w93mv,AskReddit,Phoenix-624,1679297215.0,2,"If it was really simple and non life threatening. Laser tattoo removal, stitching of a wound, etc.",autonomous surgery,Neutral or informational about autonomous surgery,0.5155841708183289,1,https://reddit.com/r/AskReddit/comments/11w93mv/on_what_conditions_would_you_accept_surgery_if_it/jcxa1mc/
post,1out7hv,,exmuslim,,1762914537.0,103,"Islam Is An Error
All of these alone are strong reasons not to be a literalist Muslim, but jointly they are devastating. 

And remember: *one error* is enough to falsify the hypothesis.

**Preliminary**:  
There are thousands of religions worldwide so you have to start with an extremely low probability of Islam being specifically the right one before you even start the analysis. 

 Also, the Quran makes thousands of distinct claims. Conjunctions of thousands of claims are less likely than single claims. So again this makes Islam extremely low probability before you *even start* the analysis.

Now let’s get into it.

**1)  The Inheritance Problem** 

There’s a mathematical error in the Quran. It directly instructs you to do a mathematical thing that’s impossible. (Surah An-Nisa 4:11-12)

If you die and have two daughters, two parents, and a wife, you literally cannot divide up the estate the way the Quran commands.

It’s not plausible that God would make a simple math mistake.

(The fact that the Shia and Sunni disagree on how to interpret the inheritance verses proves that it’s not obvious from the text how you should handle this error.)

**2)  Scientific Errors** 

* Stars/meteors are lamps used to pelt devils — *Surah Al-Mulk 67:5*
* Babies come from an an \*ejected\* fluid between the backbone and ribs — *Surah At-Tariq 86:6–7*
* The Earth can talk — *Surah Fussilat 41:11  /  Az-Zalzalah 99:4*
* Ants can talk and have human concepts — *Surah An-Naml 27:18–19*
* The Quran describes lightning praising God.  *Surah Ar-Ra’d 13:13 (Why do humans require years of education to learn to speak and think but lightning* requires *a second?)*
* Mountains are like pegs to stabilize the Earth that’s flattened like a bed — *Surah An-Naba 78:6–7 and  Surah An-Nahl  16:15*
* Bones form first, then get clothed in muscle (rather than forming in parallel) — *Surah al-Muʾminūn 23:12–14*
* A flock of birds destroyed an army of elephants by dropping clay stones on them — *Surah al-Fil, 105:1–5*. (more on this later)
* The Sun sets in a muddy spring *—  Surah Al-Kahf 18:86*
* The Quranic flood story (*Surah Hud 11:40–44*) involves rain covering the world. But mixing freshwater rain with saltwater oceans would disrupt salinity levels and kill most marine life. Noah would’ve needed aquariums to save the fish. Also, how are you gonna fit over a million species on a boat and how do you explain why basically all the marsupials ended up in Australia?
* The Quran claims Lot’s peers are the first gay men. — *Surah Al-A'raf 7:80*
* The Quran presents Adam and his wife as the literal first humans, created directly from clay, with all people descending from them (e.g. 55:14, 38:71–72) (*Modern biology disproves this*.)
* In Surah 6:143–144, the Quran lists only four kinds of livestock—sheep, goats, camels, and cattle—and calls them *“eight pairs.”* This implies these are the only types God created for human use. But other domesticated species like llamas, alpacas, and reindeer existed long before Islam. 
* The Quran describes God having a literal physical throne.  *Surah Ghafir 40:7 (Why does an immaterial being need this?)* 
* The Quran describes there being seven heavens or skies.  *Surah al-Mulk 67:3*
* The Quran describes the sky as a roof. — Surah Al-Anbiya 21:32
* The Earth is described in ways that suggest flatness: Surah An-Naba 78:6

These are *clearly* the views of an uneducated pre-scientific person.

**3)  Many Reliable Hadiths are Comical**  
Many literalist Muslims treat the Sahih hadiths—especially those in Bukhari and Muslim—as effectively infallible or nearly so, believing them to be highly reliable and authoritative sources of religious guidance, second only to the Quran

* Dates (the fruit) make you not affected from magic or poison — *Sahih al-Bukhari 5445*
* If a fly lands in your drink, dip it fully because one wing has poison and the other the cure — *Sahih al-Bukhari 3320*
* Whoever orgasms first determines the baby’s sex — *Sahih Muslim 315a* / *Sahih al-Bukhari 3329*
* Adam was \~90 feet tall and humanity has been shrinking since — *Sahih al-Bukhari 3326*
* Trees can talk and are racist — *Sahih Muslim 2922a*
* Drinking camel urine is good medicine — *Sahih al-Bukhari 5686* 
* Some rats are transformed Jews and you can tell because they follow kosher diets – *Sahih al-Bukhari 3305*
* Angels avoid houses with dogs — *Sahih al-Bukhari 3322*
* Satan sleeps in your nose and ties your hair into knots when you are sleeping — *Sahih al-Bukhari 1142 / Sahih al-Bukhari 3295*
* Most people in Hell are women and their intelligence is deficient – *Sahih al-Bukhari 304* (Which is funny because most rape and murder is commited by men.)
* Monkeys stone other monkeys for adultery. - *Sahih al-Bukhari 3849*
*  Satan farts when the call to prayer happens because he is running away so quickly. - *Sahih al-Bukhari 608*
* Drink sitting down, if you drink while standing then puke it up. — *Sahih Muslim 2026*
*  Both of God’s hands are right hands — *Sunan an-Nasa'i 5379*
* You should wipe your butt with odd numbers of stones. — *Sahih Muslim 239*
* It’s good to kill dogs, especially black dogs which are devils. — *Sahih Muslim 1572 / Sahih Muslim 510a*
* If a wife turns down sex, angels will curse her until morning — *Sahih al-Bukhari* 5193 
* Angels hate onions — *Sahih muslim 564a*  
* Angels cause thunder — *Jami\` at-Tirmidhi 3117*
* You should kill lizards — *Sahih al-Bukhari 3359 / Sahih Muslim 2238* (He blames all lizards for the crimes of some lizards which is racist.)
* There are seven Earths that you can fall into. — *Sahih al-Bukhari 2454*  
* If Jews did not exist, meat would not decay — *Sahih al-Bukhari 3399*
* A literal rock/stone can steal clothing and run away —*Sahih al-Bukhari 3404*
* Do not eat with your left hand, because Satan eats with his left hand. — *Sahih Muslim 2019*  (If Satan doing stuff means you shouldn’t do it, it implies that you shouldn’t talk, sleep, run, laugh etc.) 
*  Don’t lie on your back with feet on top of each other. *—* *Sahih Muslim 2099e*
* Black seed (Nigella sativa) cures every disease except death *—  Sahih al-Bukhari 7:591*
* Don’t wipe your butt with camel poop. *— Sahih Muslim 263 (Why does this need to be said?)*
* The Sun prostrates under God's throne after it sets. *— Sahih al-Bukhari 4802*
* Tailbones don’t decay. *— Sahih Muslim 2955a*
* Backgammon is evil. *—*  *Sunan Ibn Majah 3763* 
* Talking wolves exist and are into Islam. *-  Musnad Ahmad 11792.*
* Pus is better than poetry. — Sahih al-Bukhari 6154
* Muslims are at war with all snakes (some of which are jinns)*. — Sunan Abu Dawud 5250, Al-Tabarani, Al-Mujam al-Kabir 11946*

If you think these are metaphors, what is drinking camel piss a good metaphor for?

**4)**  **There are Literal Contradictions** 

Which was made first, the Earth or the Heavens?

* Option 1 – Earth first: Earth created, then mountains, then heavens — Surah Fussilat 41:9–12 / 2:29
* Option 2 – Heavens first: Heavens built, then Earth spread — Surah An-Nazi’at 79:27–30

Is Hell forever?

* Option 1 – Proportional punishment: “Whoever does an evil deed will not be recompensed except with the like thereof...” — Surah Ghafir 40:40
* Option 2 – Eternal punishment: ""Abiding eternally therein. The punishment will not be lightened for them, nor will they be reprieved."" — Surah Al-Baqarah 2:39, 2:81, 2:217; Al-Imran 3:88; Al-Jinn 72:23

Do all good people of the book go to Heaven?

* Option 1 – Yes: “Those who believe (in the Quran), and those who follow the Jewish (scriptures), and the Christians and the Sabians,- any who believe in Allah and the Last Day, and work righteousness, shall have their reward with their Lord; on them shall be no fear, nor shall they grieve.” — Surah Al-Baqarah 2:62
* Option 2 – No: “Whoever seeks a religion other than Islam, it will never be accepted by him and in the Hereafter they will be among the losers” — Surah Al-Imran 3:85

How Long is God’s Day?

* Option 1 – A day with Allah equals 1,000 years: “And indeed, a day with your Lord is like a thousand years of what you count.” — Surah Al-Hajj 22:47
* Option 2 – A day with Allah equals 50,000 years: “The angels and the Spirit ascend to Him in a day whose measure is fifty thousand years.” — Surah Al-Ma’arij 70:4

How Long Did Creation Take?

* Option 1 – Six Days: “Indeed, your Lord is Allah, who created the heavens and the earth in six days…” — Surah Al-A'raf 7:54, Surah Yunus 10:3, Surah Hud 11:7, Surah Al-Furqan 25:59
* Option 2 – Eight Days Total (when adding the steps): “He who created the earth in two days… then placed on it firmly set mountains above it and blessed it and determined therein its \[creatures'\] sustenance in four days… Then He directed Himself to the heaven… and He completed them as seven heavens in two days…” — Surah Fussilat 41:9–12 → 2 days (earth) + 4 days (mountains & sustenance) + 2 days (heavens) = 8 days total. (It's weird that an omnipotent being takes multiple days to do anything.)

It’s also weird that heavens which are quadrillions of times bigger than earth took way less time.

Individual vs. Collective Justice

*  Option 1 – Individual accountability only: ""No soul shall bear the burden of another"" — Surah 6:164, 35:18, 39:7, 53:38
* Option 2 – Collective destruction: The People of Thamud destroyed by earthquake — Surah 7:73-79

→ Did every infant in Thamud reject the prophet?

You might say, “You’re just misinterpreting the verses. Scholars have answers for all of this.” Yes, and Hindu, Mormon, and Christian scholars all have answers for their texts too. The question isn’t whether apologetics exist—it’s whether they’re persuasive and plausible.

**5)  A Perfect Book Wouldn’t be this Ambiguous**  
“*These are the verses of the clear Book*.” *(Surah Ash-Shu‘ara  26:2)*

Sometimes the Quran says “*God is light*” (Surah An-Nur 24:35), sometimes that “*the Earth talked*” (Surah Fussilat 41:11). Sometimes it says there are “*locks on people’s hearts*.” (Surah Muhammad 47:24) There’s no clear note about whether these are metaphorical or literal. It would have been *trivial* to clear up such ambiguities. How can a literally perfect book not be clear?

If there is a miscommunication between two people, the fault is on *both people* unless the speaker is maximally clear or the listener was maximally perceptive. It would have been trivial to make the Quran clearer so it isn’t maximally clear. So it’s not perfect.

*There should be no ambiguity on whether beating your wife or aggressive holy war are allowed.* Obviously.

Scholars have spent centuries debating what many verses mean without reaching consensus. If even the scholarly and faithful can’t agree after centuries of debate, it could have been written more clearly. And if it could have been written more clearly, it’s not perfect.

Also, major Islamic schools (e.g., Hanafi vs. Hanbali) do not agree how to handle unmentioned things. Which is a pretty big deal! Something that could have easily been cleared up by a single line.

The Quran also admits that some verses are unclear: Quran 3:7 “some verses are precise… while others are ambiguous.” Why not make all verses *clear*? The Quran (16:89) also says, “We have sent down to you the Book as clarification for all things and as guidance.“ Which leads to a contradiction.

.**6)  Obviously** 

You obviously shouldn't believe a guy who tells you that God said he's allowed to have more wives than you.

**7)  Petty Vindictiveness** 

Roughly 10 percent of verses in the Quran insult or threaten non-believers. I am not making that up. 10 percent. They’re called fools, blind, arrogant, or are told they’ll burn in hell. Oh, you think a perfectly wise and intelligent being is going to spend 10 percent of his holy text, his last testament to man, talking crap to the haters?

*Why not persuade the unbelievers rather than threaten and insult them?* 

**8)  Abrogation**

According to most Muslim scholars, later verses cancel earlier ones. *Why would God not plan out his verses better so that you didn't need a principle of abrogation?*

1. Surah Qaf 50:29 says, “My Word cannot be changed.” 
2. Surah Al-Baqarah 2:106 says, “If We ever abrogate a verse or cause it to be forgotten, We replace it with a better or similar one.”

*How can both of these both be true?*

Also, if abrogations exist, why was the Quran dynamically changing in the 20ish years of Muhammad’s preaching, but no dynamic changes were needed in the roughly 1400 years since Muhammad’s life? 

**9)  Missing Guidance** 

The Quran has three different verses on alcohol. But it has nothing on artificial intelligence, cloning, nuclear war, social media, germs/washing hands before surgery, environmental damage/climate change, vaccines, teleportation, transhumanism, aliens, mind uploading, robots, bioweapons, or exploring other planets.

Why is liquor more important than those? Why would God not want to give us ethical and prudential advice on issues more complicated and consequential than liquor?

Why give *three verses* on alcohol, but none on these?

**10)  Why Not Trivially Prove Itself From God** 

God could have proven divine authorship easily.

God could have listed the next 10,000 visible-from-Earth supernovas with their exact dates and coordinates. Why didn't God do something that would make it obvious that the Quran is not made by a human? **The Quran contains no information a human at that time couldn't have known or guessed which is super suspicious**. Like even just including an accurate description of Australia or South America would be eyebrow raising. Or mentioning dinosaurs or kangaroos.

The Quran says, “He makes the signs clear so that you may be certain of the meeting with your Lord.” (Ar-R’ad 13:2) Yet he didn’t make it certain when he trivially could have.

**11)  Occam’s Razor** 

Occam’s razor is brutal to religious texts. To believe the Quran is divine, you have to jointly accept thousands of distinct claims. (Any of which could be wrong.) It's a really complicated hypothesis. Just think about probability: A and B and C and D all happening is going to be less likely than just A happening. 

Suppose each verse has a .999 percent chance of being true:

* Multiplying .999 times itself 6236 times 0.00194      
* Multiplying .9999 times itself 6236 times is  0.5357 

Analogously, even if each item in the phone book has an extremely high probability of being correct when you have thousands of items in the phonebook it becomes likely that there’s a mistake somewhere. 

Now, suppose you doubt this above iterated multiplication procedure, you should still accept that the more complicated the hypothesis, the lower the prior probability. For example, it’s obvious that “God exists” is, a priori, more likely than “God exists and is named Bob and likes playing bananagrams on Thursdays and likes the smell of goose eggs and likes vacationing in Cuba.”

And ignoring all these subtle points about parsimony and probability, what’s more likely without any other info? A guy made up a story, or God wrote this specific book with these thousands of claims and there are no errors in it?

**12)  Splitting the Moon** 

The Quran says Muhammad split the moon, but no one outside Arabia noticed this? No one in China or Byzantium wrote this down?

**13)  Fitna** 

There were two civil wars immediately after Muhammad’s death. (Ridda Wars/Fitna) If Muhammad truly gave divine guidance, why did it immediately lead to bloodshed? I'd sort of expect peace and love to be the result of divine revelation.

(I also wouldn’t expect the Islamic slave trade and the conquest of Byzantium and the Sassanids. Nor would I expect the general poverty in Islamic countries today.)

**14)  Dhul-Qarnayn** 

This character in the Quran Dhul-Qarnayn matches Alexander the Great myths that were floating around Arabia at the time (e.g., the Syriac Alexander Legend). If the Dhul-Qarnayn story were the real history of Alexander, you’d expect it to match earlier, more accurate Alexander writings. But it in fact aligns with later fantastical Alexander stories. When have legends gotten more accurate over time? 

Also, the Quranic passages containing Dhul-Qarnayn also claim Gog and Magog and their people are blocked behind a wall between two mountains until the end of time. Where are they? Why haven’t we found them? You think humans would have found a giant gate between mountains enclosing an army.

**15)  Don’t Show Up Early For Dinner**  

Do you really think a perfect, infinitely intelligent timeless God would take up valuable space in his final holy book to say, ""Hey, don’t show up early to the Prophet’s house for dinner""? (Surah Al-Ahzab 33:53)

Isn't believing this kind of ridiculous? Don’t you think that within the limited space of the Quran, there was a more important point to make than that?

**16)  Hell** 

There is a strong tension between these two verses: 

* “We will cast them into the Fire. Whenever their skin is burnt completely, We will replace it so they will ˹constantly˺ taste the punishment.” (Surah An-Nisa 4:56)

and

* “Do not lose hope in Allah’s mercy, for Allah certainly forgives all sins. He is indeed the All-Forgiving, Most Merciful.” (Surah Az-Zumar  39:53)

Why would the most merciful being torture someone like this for an eternity? Like you are saying after a quadrillion years of torture they haven’t had enough? They need another quadrillion years? And this is merciful? People who say this are just not imagining what a quadrillion years of torture actually is.

It’s just childish to call someone who tortures someone for quadrillions of years a merciful being.

**17)  The Quran Gives a Falsifiability Test—and Fails It** 

“And if you are in doubt… produce a surah like it…” (Surah Al-Baqarah 2:23)

Shortest surah is:

*“We have granted you al-Kawthar. So pray and sacrifice. Indeed, your enemy is the one cut off.”*

This is not some unbeatable literary miracle. It’s not hard to write something more profound. Compare it to this fake  Surah I invented.

Surah al-Falaḥ (The Flourishing)

*Verily, do not kill, for life is sacred in the sight of the Most High.* 

*Do not steal, for the provision of your Lord is sufficient for those who walk upright.* 

*Do not rape, for the body is a trust, and to violate it is a crime before the heavens.* 

*Do not torture, for your Lord is the Most Merciful, and loves not the oppressors.* 

*Do not enslave for freedom is beloved in the mind of Most Righteous.* 

*Do not lie, for falsehood is the path of ruin, and truth is the light upon the straight path.* 

*And love your fellow man, and strive to bring flourishing to the earth,*

*For your Lord made you stewards, not tyrants, and blessed are those who sow peace and righteousness.*  
 

But at the end of the day, evaluating which text is ‘better’ is a subjective, non-truth-apt exercise. If the Quran stakes its truth on that kind of subjective test, the test is ill-posed—and that, by itself, makes God look like a moron. 

**18)  The Satanic Verses Incident** 

Early Islamic sources (al-Tabari, Ibn Ishaq) record Muhammad delivering verses praising pagan gods (Allāt, Al-Uzza, and Manāt) — then retracting the verses claiming they were Satanic deception.

If Satan could trick Muhammad once, why assume he didn’t succeed more often? It proves that Muhammad is fallible, and can be tricked about what is from God and what is not from God.

I know some modern Muslims want to deny this event happened, but earlier Muslims thought it happened, and *why would you know better than them*?

 

**19)  Hadiths are an Unreliable Method** 

In Islam, many Muslims say the hadiths are necessary for interpreting the Quran. Why is God using an unreliable method—a game of Chinese whispers—to give you mandatory information for how to practice the faith? If it’s mandatory for the faith, why not just put it into the Quran itself?

If God wanted to guide people clearly and unambiguously, why not stick to a single, safeguarded text? Why allow a bunch of opaque oral reports to become central to the religion, despite obvious risks of error and confusion.

If hadith scholars who graded the reliability of hadiths are fallible, the whole system based on this is fallible.

**20)  Inside View vs Outside View** 

From the inside view, your religion might feel incredibly compelling—emotionally resonant, logically sound, or simply self-evident. This personal perspective provides powerful subjective evidence.

But from the outside view, however, billions throughout history have felt equally certain about other rival contradictory beliefs. Religious adherents cannot all be correct despite similar confidence levels.

Just as a startup founder must balance internal optimism with the reality that 70% of startups fail, religious believers should weigh their personal confidence against the broader pattern of billions of religious people being wrong despite their similar certainty through history.

Humans are very capable of **incorrectly, confidently** thinking they have sacred text from God. And *you know humans are like this*. You could be the kind of person that mistakenly thinks your holy text is right given that you know people do this all the time. 

**21)  Morally Problematic Teachings** 

* The Quran permits wife-beating as a final step to discipline disobedient wives. *(Surah An-Nisa 4:34)*
* The Quran permits sex with female slaves—without their consent or marriage. *(Surah Al-Mu’minun 23:5–6; An-Nisa 4:24; Al-Ahzab 33:50)*
* The Quran prescribes cutting off the hands of thieves. *(Surah Al-Ma’idah 5:38)*
* The Quran recommends crucifixion and cutting off hands and feet on opposite sides for rebels. *(Surah Al-Ma’idah 5:33)*
* The Quran commands Muslims to kill polytheists wherever they find them. *(Surah At-Tawbah 9:5) (Why not include a sunset clause if this is temporary.)*
* The Quran says a woman’s testimony is worth half a man’s in financial matters. *(Surah Al-Baqarah 2:282)*
* The Quran allows marriage and divorce of girls who haven’t yet menstruated. *(Surah At-Talaq 65:4)*
* The Quran endorses a story where a boy is killed—**not** for anything he did, but because he would have sinned in the future. *(Surah Al-Kahf 18:80)*
* The Quran shames people for being bastards *(Surah Al-Qalam 68:13)*

Even the “nice” lines can collapse into cruelty  
The Quran’s famous kind slogan — *“Whoever kills a soul, it is as if he killed all mankind”* (5:32) — is immediately followed by 5:33 prescribing crucifixion and maiming. The book seemingly can’t even let its most quoted “peaceful” verse breathe without pivoting straight back to brutality.

Sort of surprising God would endorse or recommend things so vicious.

Also, **obviously** any sacred text that doesn't explicitly ban slavery is not plausibly from God. 

**22)  Muhammad’s Character isn’t Plausibly Divinely Guided** 

He had sex with a 9-year-old (*Aisha*), owned a sex slave (*Maria the Copt*), married a woman right after killing her husband (*Safiyya bint Huyayy*), initiated aggressive military actions (*Khaybar*), owned slaves (*Sahih Muslim 115*), and traded two black slaves for one Arab slave (Sahih Muslim 1602a). He stopped visiting his second wife because she was too old and visited Aisha instead (*Saudah bint Zamʿah*). He tongue kissed a young boy (*Hakim 4791 and Mufrad 1183*). Muhammad said to a girl she shouldn't have freed her slavegirl and that she should have given the slavegirl to her uncle. (*Sahih al-Bukhari 2592*) He married his step-daughter and arguably ended the practice of adoption merely so he could do that. (Zaynab) He declared the person who *stabbed to death* a woman, who disparaged him, shouldn't be punished. (*Sunan Abi Dawud 4361*) Muhammad attacked the Quraysh caravan at Nakhlah during the sacred month of Rajab, which shattered the pan-Arab taboo against warfare in a holy month.  Muhammad endorsed the execution of all pubescent males of the Banu Qurayza tribe and the enslavement of the women and children. Finally, Muhammad didn’t set up a stable succession system which led to awful turmoil.

**23)  The Scribe who Caught Muhammad Copying Him** 

“*If Muhammad is truthful then I receive the revelation as much as he does*.” - ʿAbdullah ibn Saʿd

One of Muhammad’s scribes, ʿAbdullah ibn Saʿd, left Islam after realizing Muhammad repeated his phrasings of verses as revelation (*Ibn Ishaq, Sirat Rasul Allah; al-Tabari, Tarikh al-Rusul wa al-Muluk*). In at least one case, after the scribe added a flourish like “So blessed be Allah, the best of creators!”, Muhammad reportedly agreed and said it should be part of the verse.

ʿAbdullah ibn Saʿd thought: “Wait, this isn’t divine, I said that—he’s just going with whatever sounds good.” He also messed around with word orderings to see if Muhammad would notice.

He left, told people, and Muhammad ordered him killed and he was only pardoned because he was family with one of Muhammad's close companions, Uthman.

**24)  The Injustice of Geography**  
Why did Arabs get this blessing of divine knowledge? Why didn’t God send a Muhammad type prophet to the Cambodians, Nigerians, Dutch, and Apache? Why did they have to wait hundreds of years to receive God’s blessing of the Quran? Isn’t that unfair? This fact of the Quran showing up once in Arabia makes total sense if Muhammad made up the book. It makes less sense if God wanted to give all of humanity his divine instruction. 

Also, most people stay in the religion they’re raised in. Yet under traditional Islam, salvation depends on accepting Islam—meaning a Hindu child in India is, by many interpretations, far more likely to go to hell than a Muslim born in Arabia, simply due to birthplace. If eternal torment depends on such chance, Islam starts to look less like justice and more like a cosmic lottery (with *infinite pain* as a consequence) rigged by geography.

**25)  Miscellaneous Errors**

**2:6** – “Indeed, those who disbelieve — it is all the same whether you warn them or do not warn them — they will not believe.”  
→ False. Some disbelievers do respond to warnings. This is an overgeneralization. If it’s just saying “stubborn people are stubborn,” there’s no reason to bring it up.

**2:120** – “The Jews and Christians will never be pleased with you until you follow their religion.”  
→ False. Jews don’t try to convert people in general; it’s not a proselytizing faith. Historically, many Jews and Christians have admired Muhammad or respected Muslims without requiring conversion.

**107:1–2** – “Have you seen the one who denies the final Judgment? That is the one who repulses the orphan.”  
→ False. Not all who deny judgment repulse orphans. Many atheists and agnostics care for them and are loved.

**21:104** – “On that Day We will roll up the sky like a scroll of writings.”  
→ False. You cannot roll up the sky—it’s made of air and space, with nothing physical to roll.

**2:2** – “This is the Book about which there is no doubt…”  
→ False. People do doubt it; atheists and others openly reject it.

**5:67** – “And Allah will protect you from the people.”  
→ False. Muhammad was wounded in battle and poisoned,

**4:82** – “If it were from any other than Allah, they would have found many discrepancies in it.”  
→ False. Plenty of books not from God—short novels, instruction manuals, even some history books—are entirely free of discrepancies.

**54:40** “And We have certainly made the Quran easy to remember.”  
→ False. Memorizing the Quran is not easy.

**25:53** “And He is the One Who merges the two bodies of water: one fresh and palatable and the other salty and bitter, placing between them a barrier they cannot cross.”  
→ False. Salt water and freshwater mix all the time. Brackish water exists. 

**62:6** – “Say, O Jews, if you claim to be Allah’s chosen people, then wish for death if you are truthful.”  
→ Irrational. Claiming divine favor doesn’t imply a wish for death; suicide is forbidden in Judaism and instinctively feared by all humans.

**26)  Smartest People** 

*“He makes the signs clear so that you may be certain of the meeting with your Lord.” (Ar-R’ad 13:2)*

All of these people knew about Islam and WERE NOT PERSUADED.

Albert Einstein, Isaac Newton, Carl Friedrich Gauss, Gottfried Wilhelm Leibniz, David Hume, Immanuel Kant, Ludwig Wittgenstein, Bertrand Russell, Kurt Gödel, John von Neumann, Richard Feynman, Stephen Hawking, Roger Penrose, Noam Chomsky, Charles Darwin, Francis Crick, Blaise Pascal, Baruch Spinoza, Alan Turing, Terence Tao, Saul Kripke, Willard Van Orman Quine, Karl Popper, Ed Witten, Carl Sagan, Marvin Minsky, Alexander Grothendieck, James Clerk Maxwell, Leonhard Euler, Derek Parfit, John Stuart Mill, E.O. Wilson, William James, Douglas Hofstadter, Emile Durkheim, Nikola Tesla, Erwin Schrödinger, Hilary Putnam, Alfred Tarski, Carl Jung, Viktor Frankl, Ramanujan, Al-Razi, Al-Maʿarri, Ibn al-Rawandi.

These were among the most curious, reflective minds in history — and not one of them was persuaded by Islam.The elites converge on round Earth, old Earth, evolution, and heliocentrism. Why don’t they converge on this? The smartest aren’t convinced by Islam and yet the Quran says Allah gives clear signs.

**27)  Elephant Army** 

Surah Al-Fil 105 (*The Elephant*) says:

1. Have you not seen how your Lord dealt with the companions of the elephant?
2. Did He not make their plan go astray?
3. And He sent against them flocks of birds,
4. Striking them with stones of baked clay,
5. And He made them like chewed-up straw.

An entire elephant army gets wrecked by birds dropping pebbles? You expect me to believe armored men and literal war elephants got shredded by flying birds dropping clay pellets? Which, by the way, have a low terminal velocity. Dropping a penny off of the Empire State Building won’t kill people, that’s a myth.

Why would God only make birds do stuff like this before cameras and videos were invented?

**28)  Free Will?** 

*  “*You will not will unless Allah wills.”* (Surah At-Takwir 81:29) → This verse strongly suggests a form of divine determinism: human will itself is contingent on God's will. You literally cannot choose unless God chooses that you choose.
*  “*Indeed, Allah will not change the condition of a people until they change what is in themselves*.” (Surah Ar-Ra’d 13:11) → This verse implies the opposite: that people must take the initiative to change, and then Allah will respond. That presupposes that people can change by their own will.

These two verses seem fundamentally incompatible. Either humans have autonomous willpower that can bring about change, or their will is wholly subject to God’s will.

And if the Quran’s stance on free will is clear, why have Muslims theologians and philosophers debated this for centuries?

**29)  Why Does It Look So Parochial?**

Heaven in Quran is not like optional bodies, mind melding, a large variety of totally new emotions, memory transfers, parallel universe creation, multiple time dimensions, extra spatial dimensions. No, it's gardens with attractive ladies. Why does it look like the imagination of a 7th century human?

It’s also striking that God’s morality isn’t the savage brutality of cavemen, nor the enlightened values of modern people, nor the unimaginable ethics of some far-future or alien society. Out of the full spectrum of possibilities, it ends up looking only slightly more refined than the norms of 7th-century Arabia. If divine morality could have been anything, the fact that it mirrors the moral intuitions (e.g. slavery) of Muhammad’s own time and place is awfully suspicious. It’s way better explained by people writing down their norms.

Or to put it another way, if God could have revealed any morality out of a trillion possibilities, why does scripture’s morality land so close to the cultural norms of its time? That’s what you’d expect from human authors. Imagine drawing numbers from a hat: if your friends could only write down 1–10, and God could write down 1–1,000,000,000,000, and the number drawn from the hat is “4,” it’s overwhelmingly more likely you chose your friend’s number not God’s.

**30)  Problem of Animal Suffering**  
There’s so much pain happening to innocent animals in the world. Why is a merciful God permitting this? There have been like septillions of animals that have ever lived and most of them had a painful death. 

The classic problem of evil is a problem for theists, and if theism is false, literalist Islam is false.

**31)  Problem of Divine Hiddenness**    
God either wants us to know him or not. *If not, he wouldn’t give us the Quran*. If yes, he would have made it more obvious. (He could write stuff in the stars.) If he doesn’t want it obvious, why do miracles?

The classic problem of divine hiddenness is a problem for theists and if theism is false, literalist Islam is false.

Remember, the Quran says, “He makes the signs clear so that you may be certain of the meeting with your Lord.” (Ar-R’ad 13:2) 

Then he hides himself.

**32)  Narcissism**   
Why the heck would God want and demand praise? Do you care if ants praise you?

**33)  Why Did God Cause Mass Extinctions?** 

Why would God cause the Permian and Cretaceous mass extinctions? Killing a whole planet worth of life twice? Isn’t this kind of a wasteful method for an all powerful God to make humans? 

**34)  Alcohol And Slavery**

Why does the Quran clearly and explicitly ban usury and alcohol but is unclear on child marriage and slavery?

Millions of Muslims have thought slavery was okay, but they didn’t think alcohol was okay. Why would God not make it way, way clearer? If you are going to make alcohol clear, why not make slavery clear? 

Isn’t slavery way more important?

**35)  Biblical Confusions**  
The Quran confuses Moses & Aaron’s sister Miriam with Jesus’ mother Mary. Surah Maryam 19:28 calls Jesus’ mother “*sister of Aaron*,” and Surah At-Taḥrīm 66:12 labels her “*daughter of ʿImrān*.”Yet Aaron and his father Amram (ʿImrān) lived around 1,300 years before Mary. Early Jews in Medina reportedly mocked this genealogical mix-up. If Muslims argue that these titles are merely honorifics, it’s striking that, out of the entire range of possible honorific comparisons for Mary, the ones used just happen to resemble a Mary/Miriam confusion.

The Quran blames a “Samaritan” (*al-Samiri*) for the golden calf incident (20:85–95), but Samaritans didn’t exist until centuries after when Moses purportedly lived. That’s a major historical anachronism. It’s most likely an error from someone mishearing Jewish traditions.

The Qurans claim Jews think Ezra is the son of God which is false. (Surah At-Tawbah 9:30)

Also Quranic versions of Bible stories tend to be shorter and simpler. This is exactly what you'd expect if someone was half-remembering them. It's not what you'd expect if God (who knows the millimeter length of the eyelashes of everyone on Earth) was actually telling you the truth.

**36) Jesus vs. Muhammad:**

It’s strange to think that the peaceful ascetic who died telling people to love is not the main character of the religion, but the main character of the religion is the guy who sought young women and secular power. 

It’s also strange that in the Quran, Jesus is born of a virgin and raised alive to heaven, while Muhammad has an ordinary birth and dies an ordinary death. Strange that the “greater” prophet, the centerpiece of the religion, has the less miraculous entrance and exit.

**37)  Pairs** 

Surah Adh-Dhariyat 51:49 says,“And of everything We have created pairs: That ye may receive instruction”

False, not everything exists in pairs. There’s only one universe, one Earth, one Muhammad. There are hermaphroditic (Leeches) and asexual reproducing species (Bdelloid rotifers). If the Quran meant “most things,” it could have used the Arabic word mu‘ẓam (معظم)—but it didn’t.

Surah Ar-Ra'd 13:3 says Allah “created fruits of every kind in pairs.” But most fruiting plants are hermaphrodites, not male and female. 

**38)  Uncle Abu Lahab**  
Surah Al-Masad (111) is a whole surah dedicated to crap talking Muhammad’s uncle, Abu Lahab. You think this is divine? 

*May the hands of Abu Lahab be ruined, and ruined is he!*

*His wealth will not avail him or that which he gained!*

*He will enter to burn in a Fire of flame!*

*And his wife as well - the carrier of firewood!*

*Around her neck is a rope of twisted fiber!*

It doesn’t even tell you what Abu Lahab did! So it can’t be for moral instruction. It’s arguably blasphemy to think God would write something that sounds like Hulk Hogan talking smack in a WWE promo.

Do you actually think God would spend an entire chapter of his final testament to mankind talking crap to one man and not explain what he did?

**39**) **False prophecies**

Muhammad told a young boy the world would end when he’s somewhat old. (Sahih Muslim 2953b)

Also, Muhammad said, ""*This matter (caliphate) will remain with the Quraysh even if only two of them were still existing.”* Sahih al-Bukhari 7140

**40) ​​ Selective-Charity Double Standard** 

The interpretive flexibilities and metaphorical re-definitions that literalist Muslims might deploy to rescue Quranic difficulties are precisely the maneuvers they would dismiss if Christians defended the Gospels, Hindus justified the Vedas, or Mormons excused the Book of Mormon. If the same elastic toolkit were granted to every scripture, any text could be declared flawless.

**41) Actually Imagine a Perfect Book**  
Imagine a book that you could read both forwards and backwards. As in, the letters in all the words just so happen to be arranged such that the book could be meaningfully read both ways with different messages. That alone would be insane. But then also the chapter titles formed an acrostic and the whole book rhymed.

Oh and imagine this book contains so much scientific and mathematical knowledge that it would make scientists and mathematicians irrelevant for millenia.

Oh and imagine this book is so beautifully written that human beings 99% of the time cry and convert upon reading it.

Imagine a book that not only gives fantastic advice on current issues, with all their nuances and sub-nuances, but gives detailed advice about situations that will not occur for thousands of years.

Oh and it gives detailed advice about how to interpret it, so there are literally no feuds about the correct way to interpret it.

An infinitely intelligent God could definitely write such a book.

So why would he give us... the Quran?

**P.S)  Many of these Objections are Independent of Each Other**  
Addressing one argument does not resolve the others. Each independent criticism stands alone and reduces the probability and plausibility of literalist interpretations of Islam. Since the claim is that the Quran is perfect, demonstrating even a *single* flaw is sufficient to falsify the assertion.

We have two competing hypotheses:

*1) God gave Muhammad the Quran* 

*2) Muhammad made it up*

Given the amount of independent flaws we have found, “Muhammad made it up” is overwhelmingly the preferred hypothesis. 

**In summary**:  

*Sometimes showing a claim to be false is like killing an ant with a bazooka.*

We've found logical contradictions, scientific errors, aesthetic failures, self-serving motives, mathematical mistakes, factual blunders, moral atrocities, and signs of both ineptitude and pettiness. We've seen useless content, plagiarism, historical anachronisms, failed tests, probabilistic implausibility, character flaws, philosophical issues, false prophecies, unreliable transmission, childishness, boringness, incoherent structure, cultural narrowness, and ambiguity. At this point, it's hard to imagine in principle what kind of flaw a text could have that this one doesn't. And you’re telling me this is the perfect word of God?",autonomous surgery,Neutral or informational about autonomous surgery,0.3272438049316406,0,https://reddit.com/r/exmuslim/comments/1out7hv/islam_is_an_error/
comment,noe2l1d,1out7hv,exmuslim,AutoModerator,1762914538.0,1,"If your post is a meme, image, TikTok etc... and it isn't Friday, it violates the rule against low effort content. Such content is ONLY allowed on (Fun@fundies) FRIDAYS.
Please read the [Rules and Posting Guidelines](https://redd.it/1anoje0) for further information. If you are unsure about anything then feel free to message the mods.
Please participate on /r/exmuslim in a civil manner. Discuss the merits of ideas - don't attack people. Insults, hate speech, advocating physical harm can get you banned.
If you see posts/comments in violation of our rules, please be proactive and report them.

*I am a bot, and this action was performed automatically. Please [contact the moderators of this subreddit](/message/compose/?to=/r/exmuslim) if you have any questions or concerns.*",autonomous surgery,Cautious or mixed about autonomous surgery,0.3860998749732971,1,https://reddit.com/r/exmuslim/comments/1out7hv/islam_is_an_error/noe2l1d/
comment,noe2ve3,1out7hv,exmuslim,Edwin_Quine,1762914640.0,21,"**It's Boring and Repetitive** 

The Quran obsessively repeats the same threats of the same vague praises of Allah’s greatness, the same stock phrases (""He is the Most Merciful, the Most Wise"")—over and over. And over. And over. 



Oh they will burn.  
  
The Quran twice calls unbelievers cattle? Maybe a verse about germ theory of disease which would save tens of thousands of lives would be better than a repetition of a cattle insult. Or like when the Quran says in 3:42  **“Allah has chosen you,** **purified you, and** **chosen you**” couldn’t the second chosen have been dropped?  
  
Scholars estimate that roughly **23–53%** of the Quran is formulaic repetition (reused phrases/stock formulas), based on a computerized oral-formulaic analysis of the text.[^(\[68\])](https://docs.google.com/document/u/0/d/1clf6bjBldzv6SoYe-FY_D61-DKY--_hD9mJY8z9q3_M/mobilebasic#ftnt68) (Why does God’s words have the marks of oral tradition?)  
  
If you think this is merely subjective and worthless as evidence, what if the Quran just said the word Muhammad a million times and that’s it. Or what if it just said the word banana one million times in the last chapter of the Quran. Wouldn’t that count as evidence that this was not from God?",autonomous surgery,Cautious or mixed about autonomous surgery,0.3519296646118164,1,https://reddit.com/r/exmuslim/comments/1out7hv/islam_is_an_error/noe2ve3/
comment,noggbwk,noe2ve3,exmuslim,throwaway-aaaggghhh,1762956136.0,7,"This is why I believe anyone who reads the Quran,  completes it having understood all verses, and still comes out believing in Islam, is **intellectually deficient** in some way 

My opinion is subjective and may sound harsh but it’s how I see it",autonomous surgery,Cautious or mixed about autonomous surgery,0.589465320110321,2,https://reddit.com/r/exmuslim/comments/1out7hv/islam_is_an_error/noggbwk/
comment,nof8pqd,noe2ve3,exmuslim,Commercial_Trash24,1762934221.0,3,You say this is a document against literalist Islam; I agree. Do you view this as refuting non-literal (but still permissive) interpretations? Do you have separate arguments there? My issue is that you’re (very cogently) refuting a usually illiterate subsection of Islam which gets by on stoning each other: the greater calling is to address popular modern Islam in ALL its slimy wordplay,autonomous surgery,Cautious or mixed about autonomous surgery,0.5890782475471497,2,https://reddit.com/r/exmuslim/comments/1out7hv/islam_is_an_error/nof8pqd/
comment,nog64ix,nof8pqd,exmuslim,Edwin_Quine,1762952437.0,5,I mean all the moral horrors in the quran and all the goofiness in the quran should make one skeptical that God had anything to do with it.,autonomous surgery,Cautious or mixed about autonomous surgery,0.5057772994041443,3,https://reddit.com/r/exmuslim/comments/1out7hv/islam_is_an_error/nog64ix/
comment,noetq1c,noe2ve3,exmuslim,deleted,1762925870.0,-5,[removed],autonomous surgery,Cautious or mixed about autonomous surgery,0.3730466067790985,2,https://reddit.com/r/exmuslim/comments/1out7hv/islam_is_an_error/noetq1c/
comment,nof3r17,noetq1c,exmuslim,deathbysounding,1762931273.0,8,"The truth does not need to be reminded constantly to keep belief. Once you learn 2 + 2 = 4, you don’t need to constantly read a textbook that says 2 + 2 = 4.",autonomous surgery,Supportive of autonomous surgery,0.31865623593330383,3,https://reddit.com/r/exmuslim/comments/1out7hv/islam_is_an_error/nof3r17/
comment,nogoypt,noetq1c,exmuslim,muhammadthepitbull,1762959042.0,4,"> if Allah was revealing a message meant to be memorised by desert dwellers 

That's a very big assumption",autonomous surgery,Cautious or mixed about autonomous surgery,0.45533713698387146,3,https://reddit.com/r/exmuslim/comments/1out7hv/islam_is_an_error/nogoypt/
comment,noe2zid,1out7hv,exmuslim,Edwin_Quine,1762914681.0,10,"**Sealed Hearts**  
  
Surah Al-Baqarah 2:7 says “*Allah has sealed their hearts and their hearing, and their sight is* *covered. They will* *suffer a tremendous punishment.”*  
  
So:

1. There are unbelievers.
2. Allah seals the hearts and eyes of the unbelievers so they remain unbelievers.
3. Upon death Allah then punishes the unbelievers for remaining unbelievers.

Allah could just have easily left the heart and eyes unsealed so that unbelievers can eventually believe but Allah does the opposite. Does this make any sense?",autonomous surgery,Opposed to autonomous surgery,0.36616864800453186,1,https://reddit.com/r/exmuslim/comments/1out7hv/islam_is_an_error/noe2zid/
comment,noeq1c5,1out7hv,exmuslim,deleted,1762924056.0,9,Damn bro awesome work,autonomous surgery,Neutral or informational about autonomous surgery,0.46795210242271423,1,https://reddit.com/r/exmuslim/comments/1out7hv/islam_is_an_error/noeq1c5/
comment,noett68,noeq1c5,exmuslim,deleted,1762925914.0,-7,[removed],autonomous surgery,Cautious or mixed about autonomous surgery,0.3730466067790985,2,https://reddit.com/r/exmuslim/comments/1out7hv/islam_is_an_error/noett68/
comment,noeu8tw,noett68,exmuslim,mk1392,1762926134.0,11,"Petty insults, isn't gonna win you any points in this sub mate.",autonomous surgery,Opposed to autonomous surgery,0.39189010858535767,3,https://reddit.com/r/exmuslim/comments/1out7hv/islam_is_an_error/noeu8tw/
comment,noexs3z,noett68,exmuslim,deleted,1762927978.0,14,Camel urine drinker?,autonomous surgery,Cautious or mixed about autonomous surgery,0.5562655329704285,3,https://reddit.com/r/exmuslim/comments/1out7hv/islam_is_an_error/noexs3z/
comment,noezl22,noett68,exmuslim,thatsta-1,1762928961.0,8,Stone worshipper?,autonomous surgery,Cautious or mixed about autonomous surgery,0.5796309113502502,3,https://reddit.com/r/exmuslim/comments/1out7hv/islam_is_an_error/noezl22/
comment,noe2pe9,1out7hv,exmuslim,Edwin_Quine,1762914581.0,9,"Full document with citations and footnotes

[https://docs.google.com/document/u/0/d/1clf6bjBldzv6SoYe-FY\_D61-DKY--\_hD9mJY8z9q3\_M/mobilebasic](https://docs.google.com/document/u/0/d/1clf6bjBldzv6SoYe-FY_D61-DKY--_hD9mJY8z9q3_M/mobilebasic)",autonomous surgery,Cautious or mixed about autonomous surgery,0.33570119738578796,1,https://reddit.com/r/exmuslim/comments/1out7hv/islam_is_an_error/noe2pe9/
post,1ph8avn,,nextfuckinglevel,,1765186728.0,99619,Fully autonomous valet robot that parks on its own,autonomous surgery,Neutral or informational about autonomous surgery,0.39031919836997986,0,https://reddit.com/r/nextfuckinglevel/comments/1ph8avn/fully_autonomous_valet_robot_that_parks_on_its_own/
comment,nswu46w,1ph8avn,nextfuckinglevel,N7LP400,1765186947.0,15684,That thing is strong,autonomous surgery,Neutral or informational about autonomous surgery,0.3768444359302521,1,https://reddit.com/r/nextfuckinglevel/comments/1ph8avn/fully_autonomous_valet_robot_that_parks_on_its_own/nswu46w/
comment,nswwd6c,nswu46w,nextfuckinglevel,InfiniteLife2,1765188347.0,4414,Would it beat a gorilla though,autonomous surgery,Cautious or mixed about autonomous surgery,0.48945924639701843,2,https://reddit.com/r/nextfuckinglevel/comments/1ph8avn/fully_autonomous_valet_robot_that_parks_on_its_own/nswwd6c/
comment,nswxgkj,nswwd6c,nextfuckinglevel,Blackops606,1765189000.0,1772,Needs 99 more friends for that,autonomous surgery,Cautious or mixed about autonomous surgery,0.419278621673584,3,https://reddit.com/r/nextfuckinglevel/comments/1ph8avn/fully_autonomous_valet_robot_that_parks_on_its_own/nswxgkj/
comment,nsxhbsd,nswwd6c,nextfuckinglevel,verbify,1765199136.0,40,"Gorillas are poor at parallel parking, so probably.",autonomous surgery,Cautious or mixed about autonomous surgery,0.4741508960723877,3,https://reddit.com/r/nextfuckinglevel/comments/1ph8avn/fully_autonomous_valet_robot_that_parks_on_its_own/nsxhbsd/
comment,nsx38cs,nswwd6c,nextfuckinglevel,Do_You_Pineapple_Bro,1765192381.0,55,"I don't think it has hands

So no, it probably can't beat off a gorilla",autonomous surgery,Cautious or mixed about autonomous surgery,0.40705642104148865,3,https://reddit.com/r/nextfuckinglevel/comments/1ph8avn/fully_autonomous_valet_robot_that_parks_on_its_own/nsx38cs/
comment,nsx2k7s,nswwd6c,nextfuckinglevel,confusedjake,1765192004.0,25,I bet it could park a gorilla,autonomous surgery,Neutral or informational about autonomous surgery,0.3804505467414856,3,https://reddit.com/r/nextfuckinglevel/comments/1ph8avn/fully_autonomous_valet_robot_that_parks_on_its_own/nsx2k7s/
comment,nsx10hz,nswwd6c,nextfuckinglevel,ThirdAltAccounts,1765191114.0,9,Would it beat a Florida man ?,autonomous surgery,Cautious or mixed about autonomous surgery,0.48612120747566223,3,https://reddit.com/r/nextfuckinglevel/comments/1ph8avn/fully_autonomous_valet_robot_that_parks_on_its_own/nsx10hz/
comment,nsyq69a,nswwd6c,nextfuckinglevel,MidnightSun77,1765213656.0,3,Robot appendages out for Harambe,autonomous surgery,Neutral or informational about autonomous surgery,0.35732248425483704,3,https://reddit.com/r/nextfuckinglevel/comments/1ph8avn/fully_autonomous_valet_robot_that_parks_on_its_own/nsyq69a/
comment,nsy0b46,nswwd6c,nextfuckinglevel,epicenter69,1765205900.0,2,"A gorilla, maybe.  But definitely not a [Trunk Monkey](https://youtu.be/XW8iAVwt_Yc?si=HNkQ5o4k4UbbJOAh).",autonomous surgery,Cautious or mixed about autonomous surgery,0.46473151445388794,3,https://reddit.com/r/nextfuckinglevel/comments/1ph8avn/fully_autonomous_valet_robot_that_parks_on_its_own/nsy0b46/
comment,nswztb4,nswu46w,nextfuckinglevel,trixel121,1765190414.0,551,"im pretty sure ive seen videos of japanesse police using them to move cars blocking fire hydrants. which is a bit more impressive then doing it on flat concrete.


https://www.reddit.com/r/Damnthatsinteresting/comments/17p18o9/the_valet_robot_is_a_low_extendable_cart_with/

was china, my bad.",autonomous surgery,Cautious or mixed about autonomous surgery,0.576490044593811,2,https://reddit.com/r/nextfuckinglevel/comments/1ph8avn/fully_autonomous_valet_robot_that_parks_on_its_own/nswztb4/
comment,nsx26tp,nswztb4,nextfuckinglevel,ingusmw,1765191791.0,341,"funny thing is, there was a viral vid about chinese cops using this to move legally parked cars into illegal places and ticketing the car after. the tech pays for itself! :D",autonomous surgery,Cautious or mixed about autonomous surgery,0.5454134345054626,3,https://reddit.com/r/nextfuckinglevel/comments/1ph8avn/fully_autonomous_valet_robot_that_parks_on_its_own/nsx26tp/
comment,nsxxl1w,nswztb4,nextfuckinglevel,faberkyx,1765205017.0,2,where i live it would be stuck after 10 seconds on the first pot hole,autonomous surgery,Cautious or mixed about autonomous surgery,0.4774373471736908,3,https://reddit.com/r/nextfuckinglevel/comments/1ph8avn/fully_autonomous_valet_robot_that_parks_on_its_own/nsxxl1w/
comment,ntfe3qi,nswztb4,nextfuckinglevel,Otherwise_Internet71,1765435226.0,2,"Police,Japan🥵

Police,China😡",autonomous surgery,Cautious or mixed about autonomous surgery,0.5815308094024658,3,https://reddit.com/r/nextfuckinglevel/comments/1ph8avn/fully_autonomous_valet_robot_that_parks_on_its_own/ntfe3qi/
comment,nsx1pjo,nswu46w,nextfuckinglevel,Just-Sock-4706,1765191516.0,44,But how fast can it go? Can I ride it downhill like a skateboard?,autonomous surgery,Cautious or mixed about autonomous surgery,0.7144332528114319,2,https://reddit.com/r/nextfuckinglevel/comments/1ph8avn/fully_autonomous_valet_robot_that_parks_on_its_own/nsx1pjo/
comment,nsyhald,nsx1pjo,nextfuckinglevel,murfburffle,1765211042.0,39,Can I just leave my car on it and let it drive for me while I nap?,autonomous surgery,Supportive of autonomous surgery,0.35139450430870056,3,https://reddit.com/r/nextfuckinglevel/comments/1ph8avn/fully_autonomous_valet_robot_that_parks_on_its_own/nsyhald/
comment,nt9kjvs,nsx1pjo,nextfuckinglevel,Justifiably_Bad_Take,1765360540.0,2,This vid is clearly very sped up,autonomous surgery,Neutral or informational about autonomous surgery,0.4834313690662384,3,https://reddit.com/r/nextfuckinglevel/comments/1ph8avn/fully_autonomous_valet_robot_that_parks_on_its_own/nt9kjvs/
comment,nsxthy2,nswu46w,nextfuckinglevel,_Neoshade_,1765203616.0,17,"It lifts the car by squeezing rollers against the tires. It has a lot of leverage and this is probably done with a small
motor that is geared way down. Little power needed to roll around on that perfectly flat level surface. I’d guess that each panel has two cordless drill motors.  
It would be very impressive to see something like this work on rough city street or on a hill.",autonomous surgery,Cautious or mixed about autonomous surgery,0.45349249243736267,2,https://reddit.com/r/nextfuckinglevel/comments/1ph8avn/fully_autonomous_valet_robot_that_parks_on_its_own/nsxthy2/
comment,nswwp6t,nswu46w,nextfuckinglevel,qqqqqaa,1765188546.0,18,Stronger than Superman,autonomous surgery,Supportive of autonomous surgery,0.44486308097839355,2,https://reddit.com/r/nextfuckinglevel/comments/1ph8avn/fully_autonomous_valet_robot_that_parks_on_its_own/nswwp6t/
comment,nswyz70,nswwp6t,nextfuckinglevel,M3629,1765189920.0,14,Stronger than giantess sized cat woman?,autonomous surgery,Cautious or mixed about autonomous surgery,0.3431907594203949,3,https://reddit.com/r/nextfuckinglevel/comments/1ph8avn/fully_autonomous_valet_robot_that_parks_on_its_own/nswyz70/
comment,nsxse8c,nswu46w,nextfuckinglevel,Immature_adult_guy,1765203234.0,11,Probably only works on completely flat smooth surfaces,autonomous surgery,Neutral or informational about autonomous surgery,0.4985543191432953,2,https://reddit.com/r/nextfuckinglevel/comments/1ph8avn/fully_autonomous_valet_robot_that_parks_on_its_own/nsxse8c/
comment,nswuvso,1ph8avn,nextfuckinglevel,Case_Blue,1765187428.0,1476,"While impressive, it probably only really works reliably and well on a perfectly flat floor. Hence the demo starts when the car is already on the tiles.",autonomous surgery,Cautious or mixed about autonomous surgery,0.4098058342933655,1,https://reddit.com/r/nextfuckinglevel/comments/1ph8avn/fully_autonomous_valet_robot_that_parks_on_its_own/nswuvso/
comment,nsx29hg,nswuvso,nextfuckinglevel,LaconicSuffering,1765191834.0,34,Makes it perfect for a car dealership that sells very expensive cars. The changes of damaging a car while moving it goes down significantly.,autonomous surgery,Neutral or informational about autonomous surgery,0.3547862470149994,2,https://reddit.com/r/nextfuckinglevel/comments/1ph8avn/fully_autonomous_valet_robot_that_parks_on_its_own/nsx29hg/
comment,nsxfaup,nsx29hg,nextfuckinglevel,kanst,1765198290.0,15,"Exactly, you prevent one ding on a Bugatti and you've paid off the device. Plus I imagine if you're buying a supercar, you want it showing up with 000000 on the odometer.",autonomous surgery,Neutral or informational about autonomous surgery,0.41733425855636597,3,https://reddit.com/r/nextfuckinglevel/comments/1ph8avn/fully_autonomous_valet_robot_that_parks_on_its_own/nsxfaup/
comment,nsx01h4,nswuvso,nextfuckinglevel,caribb,1765190545.0,36,I’d bet it’s only used exclusively for parking cars in a parking garage. I remember seeing a video clip of this a while ago showcasing one at Dubai Airport. It wouldn’t  likely be as useful in a real world street environment.,autonomous surgery,Cautious or mixed about autonomous surgery,0.5126879215240479,2,https://reddit.com/r/nextfuckinglevel/comments/1ph8avn/fully_autonomous_valet_robot_that_parks_on_its_own/nsx01h4/
comment,nsxf4hq,nsx01h4,nextfuckinglevel,kanst,1765198216.0,7,"Juggling cars around a showroom floor seems the most likely use case. 

If you're a luxury car dealership who wants to juggle the cars around on the showroom but don't want any of the employees driving the cars or putting any mileage on them, this thing makes perfect sense. 

This thing + one dude supervising and you can probably re-arrange the entire showroom overnight.",autonomous surgery,Supportive of autonomous surgery,0.3174259662628174,3,https://reddit.com/r/nextfuckinglevel/comments/1ph8avn/fully_autonomous_valet_robot_that_parks_on_its_own/nsxf4hq/
comment,nsx7eiu,nsx01h4,nextfuckinglevel,Pugs-r-cool,1765194612.0,13,"Parking garages don't have perfectly smooth, polished floors either.

This bot would be amazing for dealerships and showrooms though. Those already have smooth floors, and a bot that can position a car exactly where it needs to be would be useful for them.",autonomous surgery,Cautious or mixed about autonomous surgery,0.442440927028656,3,https://reddit.com/r/nextfuckinglevel/comments/1ph8avn/fully_autonomous_valet_robot_that_parks_on_its_own/nsx7eiu/
comment,nszimb5,nsx01h4,nextfuckinglevel,SamuelVimesTrained,1765221989.0,4,I did see a clip on YT some time ago with cops using this to move badly parked cars…,autonomous surgery,Cautious or mixed about autonomous surgery,0.4774453639984131,3,https://reddit.com/r/nextfuckinglevel/comments/1ph8avn/fully_autonomous_valet_robot_that_parks_on_its_own/nszimb5/
comment,nswx08i,nswuvso,nextfuckinglevel,airforcezero,1765188729.0,348,"not only that, after a few hundred trips, the floor will dent from the small wheels/high pressure point and it would scrape and be useless",autonomous surgery,Cautious or mixed about autonomous surgery,0.5052786469459534,2,https://reddit.com/r/nextfuckinglevel/comments/1ph8avn/fully_autonomous_valet_robot_that_parks_on_its_own/nswx08i/
comment,nsx36bc,nswx08i,nextfuckinglevel,-Clean-Sky-,1765192349.0,161,\+ battery drains after 5min,autonomous surgery,Cautious or mixed about autonomous surgery,0.4754316806793213,3,https://reddit.com/r/nextfuckinglevel/comments/1ph8avn/fully_autonomous_valet_robot_that_parks_on_its_own/nsx36bc/
comment,nsxt91m,nswx08i,nextfuckinglevel,getikule,1765203531.0,13,"That assumes it's got 4 little wheels, we don't see it's undercarriage so could be a bunch of wheels that spread the pressure, or even wide rollers that span the width of the device.",autonomous surgery,Cautious or mixed about autonomous surgery,0.5378362536430359,3,https://reddit.com/r/nextfuckinglevel/comments/1ph8avn/fully_autonomous_valet_robot_that_parks_on_its_own/nsxt91m/
comment,nsx9js9,nswx08i,nextfuckinglevel,just_the_comments,1765195677.0,22,"*Cloudflare goes down*
*You have to walk home*",autonomous surgery,Cautious or mixed about autonomous surgery,0.5088328123092651,3,https://reddit.com/r/nextfuckinglevel/comments/1ph8avn/fully_autonomous_valet_robot_that_parks_on_its_own/nsx9js9/
comment,nsy5k91,nswx08i,nextfuckinglevel,Brilliant-Prior6924,1765207546.0,2,"ok so we put offroad tires on it, small bumps are more easily absorbed and rolled over",autonomous surgery,Neutral or informational about autonomous surgery,0.4114047884941101,3,https://reddit.com/r/nextfuckinglevel/comments/1ph8avn/fully_autonomous_valet_robot_that_parks_on_its_own/nsy5k91/
comment,nsy73zy,nswx08i,nextfuckinglevel,sniper1rfa,1765208021.0,3,">  the floor will dent 

This looks like a commercial space, it's gonna be tile on concrete. No dents.",autonomous surgery,Cautious or mixed about autonomous surgery,0.33848682045936584,3,https://reddit.com/r/nextfuckinglevel/comments/1ph8avn/fully_autonomous_valet_robot_that_parks_on_its_own/nsy73zy/
comment,nsxq0ut,nswx08i,nextfuckinglevel,BenevolentCheese,1765202396.0,2,They need to put it on treads.,autonomous surgery,Cautious or mixed about autonomous surgery,0.4451633393764496,3,https://reddit.com/r/nextfuckinglevel/comments/1ph8avn/fully_autonomous_valet_robot_that_parks_on_its_own/nsxq0ut/
comment,nsx7rqc,nswuvso,nextfuckinglevel,Atypical_Mammal,1765194794.0,3,You could probably up the wheel size and still fit under most cars,autonomous surgery,Neutral or informational about autonomous surgery,0.42653292417526245,2,https://reddit.com/r/nextfuckinglevel/comments/1ph8avn/fully_autonomous_valet_robot_that_parks_on_its_own/nsx7rqc/
comment,nsxop1b,nsx7rqc,nextfuckinglevel,philn256,1765201928.0,3,You could also make it use a continuous track to reduce pressure on the surface.,autonomous surgery,Neutral or informational about autonomous surgery,0.49776872992515564,3,https://reddit.com/r/nextfuckinglevel/comments/1ph8avn/fully_autonomous_valet_robot_that_parks_on_its_own/nsxop1b/
comment,nsxsmw7,nswuvso,nextfuckinglevel,Recursiveo,1765203318.0,2,…and? Plenty of upscale hotels that offer valet services have very flat floors in the run up to the entrance like this.,autonomous surgery,Cautious or mixed about autonomous surgery,0.4600030183792114,2,https://reddit.com/r/nextfuckinglevel/comments/1ph8avn/fully_autonomous_valet_robot_that_parks_on_its_own/nsxsmw7/
comment,nsywbgk,nsxsmw7,nextfuckinglevel,YobaiYamete,1765215481.0,2,"B-b-b-but that won't get me karma for being a doomer on reddit????? 

This thing was built to work perfectly in the scenario it's used in, but IT WON'T WORK IN A DESERT IN SAND???? LIKE UM HELLO?",autonomous surgery,Cautious or mixed about autonomous surgery,0.6239251494407654,3,https://reddit.com/r/nextfuckinglevel/comments/1ph8avn/fully_autonomous_valet_robot_that_parks_on_its_own/nsywbgk/
comment,nsxuihy,nswuvso,nextfuckinglevel,Urndy,1765203967.0,2,"Show me it working on bumpy, uneven ground with a Vista Cruiser and Ill trust it 100%",autonomous surgery,Neutral or informational about autonomous surgery,0.3465174436569214,2,https://reddit.com/r/nextfuckinglevel/comments/1ph8avn/fully_autonomous_valet_robot_that_parks_on_its_own/nsxuihy/
comment,nsykrqx,nswuvso,nextfuckinglevel,ledfrog,1765212069.0,2,"I think it's purpose built for only these scenarios. My first thought was that they wanted a way to park the cars indoors and since they wouldn't be able to drive gas-powered cars in an enclosed space, this was the next best thing besides having to push it in.",autonomous surgery,Cautious or mixed about autonomous surgery,0.5100104212760925,2,https://reddit.com/r/nextfuckinglevel/comments/1ph8avn/fully_autonomous_valet_robot_that_parks_on_its_own/nsykrqx/
comment,nswudn2,1ph8avn,nextfuckinglevel,Penguings,1765187113.0,9026,Low key this invention at scale could change some urban populations for the better. We might not need self driving cards as much as we just need this.,autonomous surgery,Cautious or mixed about autonomous surgery,0.37588196992874146,1,https://reddit.com/r/nextfuckinglevel/comments/1ph8avn/fully_autonomous_valet_robot_that_parks_on_its_own/nswudn2/
comment,nswv53k,nswudn2,nextfuckinglevel,Voloxe,1765187592.0,5851,There are numerous comments about this device being used for potential car theft.. Then there is your wholesome comment good sir.,autonomous surgery,Cautious or mixed about autonomous surgery,0.456831693649292,2,https://reddit.com/r/nextfuckinglevel/comments/1ph8avn/fully_autonomous_valet_robot_that_parks_on_its_own/nswv53k/
comment,nsww8eq,nswv53k,nextfuckinglevel,reedypetey,1765188266.0,128,The cost of one of these alone is probably that of a car and not to mention that it needs a network infrastructure to support it.,autonomous surgery,Neutral or informational about autonomous surgery,0.3861694931983948,3,https://reddit.com/r/nextfuckinglevel/comments/1ph8avn/fully_autonomous_valet_robot_that_parks_on_its_own/nsww8eq/
comment,nsx4zbd,nswv53k,nextfuckinglevel,ckakka2,1765193342.0,35,"Do people realize that the tow trucks already exists, how do they think repo companies work?",autonomous surgery,Cautious or mixed about autonomous surgery,0.37647461891174316,3,https://reddit.com/r/nextfuckinglevel/comments/1ph8avn/fully_autonomous_valet_robot_that_parks_on_its_own/nsx4zbd/
comment,nsxaalu,nswv53k,nextfuckinglevel,violetevie,1765196036.0,16,"How the hell would you steal a car with a thing that goes like, 1 mile an hour. It'd be easier and more practical to jack it or tow it or something",autonomous surgery,Cautious or mixed about autonomous surgery,0.49042829871177673,3,https://reddit.com/r/nextfuckinglevel/comments/1ph8avn/fully_autonomous_valet_robot_that_parks_on_its_own/nsxaalu/
comment,nswwl7i,nswv53k,nextfuckinglevel,WorkingSecond9269,1765188480.0,1634,"Ikr? Lmao, Americans coming in here with how this could be used for a crime. It speaks a lot of the type of environment they live in. Just thinking about it is sad.",autonomous surgery,Cautious or mixed about autonomous surgery,0.7007425427436829,3,https://reddit.com/r/nextfuckinglevel/comments/1ph8avn/fully_autonomous_valet_robot_that_parks_on_its_own/nswwl7i/
comment,nsx8jca,nswv53k,nextfuckinglevel,cleon80,1765195175.0,3,Easily addressed with bollards or good old humps,autonomous surgery,Neutral or informational about autonomous surgery,0.5711560845375061,3,https://reddit.com/r/nextfuckinglevel/comments/1ph8avn/fully_autonomous_valet_robot_that_parks_on_its_own/nsx8jca/
comment,nsww1oj,nswudn2,nextfuckinglevel,JD_Kreeper,1765188152.0,328,"Hear me out

Train.",autonomous surgery,Cautious or mixed about autonomous surgery,0.41891375184059143,2,https://reddit.com/r/nextfuckinglevel/comments/1ph8avn/fully_autonomous_valet_robot_that_parks_on_its_own/nsww1oj/
comment,nswy1cz,nsww1oj,nextfuckinglevel,Mr_Baronheim,1765189345.0,378,No matter how much I train I'll never be able to lift and move a car like this.,autonomous surgery,Cautious or mixed about autonomous surgery,0.41828811168670654,3,https://reddit.com/r/nextfuckinglevel/comments/1ph8avn/fully_autonomous_valet_robot_that_parks_on_its_own/nswy1cz/
comment,nsxaskc,nsww1oj,nextfuckinglevel,MustangBarry,1765196271.0,7,But *pods*,autonomous surgery,Cautious or mixed about autonomous surgery,0.3355487585067749,3,https://reddit.com/r/nextfuckinglevel/comments/1ph8avn/fully_autonomous_valet_robot_that_parks_on_its_own/nsxaskc/
comment,nsxlvck,nsww1oj,nextfuckinglevel,No_Atmosphere8146,1765200900.0,19,A train will never be waiting outside my front door to take me directly to my destination whenever I want.,autonomous surgery,Neutral or informational about autonomous surgery,0.3859741687774658,3,https://reddit.com/r/nextfuckinglevel/comments/1ph8avn/fully_autonomous_valet_robot_that_parks_on_its_own/nsxlvck/
comment,nsy3nk6,nsww1oj,nextfuckinglevel,bug-hunter,1765206960.0,2,Yeah. This would make it easier to take your car on a high speed train.,autonomous surgery,Neutral or informational about autonomous surgery,0.4651872217655182,3,https://reddit.com/r/nextfuckinglevel/comments/1ph8avn/fully_autonomous_valet_robot_that_parks_on_its_own/nsy3nk6/
comment,nswvhi1,nswudn2,nextfuckinglevel,deleted,1765187805.0,81,[deleted],autonomous surgery,Cautious or mixed about autonomous surgery,0.6064028143882751,2,https://reddit.com/r/nextfuckinglevel/comments/1ph8avn/fully_autonomous_valet_robot_that_parks_on_its_own/nswvhi1/
comment,nswx3ra,nswvhi1,nextfuckinglevel,Penguings,1765188788.0,47,"My home of Brooklyn, NY. We have surprising large amounts of industrial space- feet away from some of the worst gridlock, traffic, and parking congestion. 

Allowing people to bring their cars- and just leave them where the gridlock is- park, and let a few of these things do their job. Having a car here is extremely stressful- this would be a huge value to me.",autonomous surgery,Cautious or mixed about autonomous surgery,0.35780876874923706,3,https://reddit.com/r/nextfuckinglevel/comments/1ph8avn/fully_autonomous_valet_robot_that_parks_on_its_own/nswx3ra/
comment,nswvktm,nswudn2,nextfuckinglevel,TJohns88,1765187863.0,27,Can you elaborate on how this would help?,autonomous surgery,Cautious or mixed about autonomous surgery,0.4513239860534668,2,https://reddit.com/r/nextfuckinglevel/comments/1ph8avn/fully_autonomous_valet_robot_that_parks_on_its_own/nswvktm/
comment,nsww018,nswvktm,nextfuckinglevel,JohnnyQuickdeath,1765188125.0,33,I for one would love to pull up somewhere and not have to worry about finding parking in the city,autonomous surgery,Neutral or informational about autonomous surgery,0.3493475317955017,3,https://reddit.com/r/nextfuckinglevel/comments/1ph8avn/fully_autonomous_valet_robot_that_parks_on_its_own/nsww018/
comment,nswwmqf,nswvktm,nextfuckinglevel,JimmyNewcleus,1765188506.0,5,Parking in busy cities can be quite challenging.,autonomous surgery,Cautious or mixed about autonomous surgery,0.5108529329299927,3,https://reddit.com/r/nextfuckinglevel/comments/1ph8avn/fully_autonomous_valet_robot_that_parks_on_its_own/nswwmqf/
comment,nswzvg6,nswudn2,nextfuckinglevel,Westdrache,1765190449.0,9,How is that in any way more practicale then the car driving itself?,autonomous surgery,Neutral or informational about autonomous surgery,0.41004040837287903,2,https://reddit.com/r/nextfuckinglevel/comments/1ph8avn/fully_autonomous_valet_robot_that_parks_on_its_own/nswzvg6/
comment,nsx148b,nswzvg6,nextfuckinglevel,ppuk,1765191172.0,25,"This thing is infinitely more maneuverable than a car.

If you had a fleet of these operating a parking area you could fit way more cars in than if they were self driving.",autonomous surgery,Cautious or mixed about autonomous surgery,0.5758305191993713,3,https://reddit.com/r/nextfuckinglevel/comments/1ph8avn/fully_autonomous_valet_robot_that_parks_on_its_own/nsx148b/
comment,nswui4x,1ph8avn,nextfuckinglevel,Acceptable-Stick-135,1765187190.0,3550,Lmao imagine how fast you could steal a car with this.,autonomous surgery,Cautious or mixed about autonomous surgery,0.416832834482193,1,https://reddit.com/r/nextfuckinglevel/comments/1ph8avn/fully_autonomous_valet_robot_that_parks_on_its_own/nswui4x/
comment,nswvhvy,nswui4x,nextfuckinglevel,GlykenT,1765187812.0,1979,It's shown operating on a perfectly smooth polished floor. I wonder how well it does on a normal road surface.,autonomous surgery,Neutral or informational about autonomous surgery,0.47283104062080383,2,https://reddit.com/r/nextfuckinglevel/comments/1ph8avn/fully_autonomous_valet_robot_that_parks_on_its_own/nswvhvy/
comment,nswx4px,nswvhvy,nextfuckinglevel,BrokenPokerFace,1765188804.0,468,"Man that's a good point, I wonder if it's worth the effort for people to add and maintain such an area to their facility.",autonomous surgery,Cautious or mixed about autonomous surgery,0.5571372509002686,3,https://reddit.com/r/nextfuckinglevel/comments/1ph8avn/fully_autonomous_valet_robot_that_parks_on_its_own/nswx4px/
comment,nswyhus,nswvhvy,nextfuckinglevel,machine_six,1765189629.0,15,It wouldn't do well. At all.,autonomous surgery,Cautious or mixed about autonomous surgery,0.459545761346817,3,https://reddit.com/r/nextfuckinglevel/comments/1ph8avn/fully_autonomous_valet_robot_that_parks_on_its_own/nswyhus/
comment,nsx9nj2,nswvhvy,nextfuckinglevel,BenoNZ,1765195727.0,2,Crazy how many people can't see that this is the issue. As soon as you add terrain and uneven surfaces the whole idea changes.,autonomous surgery,Cautious or mixed about autonomous surgery,0.41330817341804504,3,https://reddit.com/r/nextfuckinglevel/comments/1ph8avn/fully_autonomous_valet_robot_that_parks_on_its_own/nsx9nj2/
comment,nswvsry,nswui4x,nextfuckinglevel,palk0n,1765188000.0,122,i mean it move very slow. people would instantly notice if someone is stealing a car in 2mph,autonomous surgery,Neutral or informational about autonomous surgery,0.4525556266307831,2,https://reddit.com/r/nextfuckinglevel/comments/1ph8avn/fully_autonomous_valet_robot_that_parks_on_its_own/nswvsry/
comment,nsww5fv,nswvsry,nextfuckinglevel,Acceptable-Stick-135,1765188216.0,51,"I have a dream where all cars around my block sneakily slides away, slowly.",autonomous surgery,Cautious or mixed about autonomous surgery,0.5016944408416748,3,https://reddit.com/r/nextfuckinglevel/comments/1ph8avn/fully_autonomous_valet_robot_that_parks_on_its_own/nsww5fv/
comment,nsxbouh,nswvsry,nextfuckinglevel,literated,1765196685.0,11,"Gone In 600 Seconds, the much less thrilling sequel, but if it gets us more Nic Cage, I'm all for it.",autonomous surgery,Cautious or mixed about autonomous surgery,0.4590573310852051,3,https://reddit.com/r/nextfuckinglevel/comments/1ph8avn/fully_autonomous_valet_robot_that_parks_on_its_own/nsxbouh/
comment,nsx065k,nswvsry,nextfuckinglevel,0masterdebater0,1765190621.0,19,"Box truck. Pull up in front of super car, open back of box truck, lower ramp, robot goes down under car, drives car up ramp into box truck. 😎",autonomous surgery,Neutral or informational about autonomous surgery,0.5667650699615479,3,https://reddit.com/r/nextfuckinglevel/comments/1ph8avn/fully_autonomous_valet_robot_that_parks_on_its_own/nsx065k/
comment,nsxbnuo,nswvsry,nextfuckinglevel,stahlern,1765196672.0,2,But what if I attach a rocket booster to the back of it.,autonomous surgery,Cautious or mixed about autonomous surgery,0.6078142523765564,3,https://reddit.com/r/nextfuckinglevel/comments/1ph8avn/fully_autonomous_valet_robot_that_parks_on_its_own/nsxbnuo/
comment,nswwoh5,nswui4x,nextfuckinglevel,Funny_Cucumber_9818,1765188534.0,38,The video is quite sped up.. must be at least 5km/h,autonomous surgery,Cautious or mixed about autonomous surgery,0.44639280438423157,2,https://reddit.com/r/nextfuckinglevel/comments/1ph8avn/fully_autonomous_valet_robot_that_parks_on_its_own/nswwoh5/
comment,nsyf6g6,nswwoh5,nextfuckinglevel,SamuelL421,1765210422.0,16,"I think it is moving MUCH slower than it appears, that whole process probably took 10 minutes in real-time. There's a good reason why this isn't a thing.",autonomous surgery,Cautious or mixed about autonomous surgery,0.4628918170928955,3,https://reddit.com/r/nextfuckinglevel/comments/1ph8avn/fully_autonomous_valet_robot_that_parks_on_its_own/nsyf6g6/
comment,nsx1cu0,nswui4x,nextfuckinglevel,ppuk,1765191311.0,19,Not as fast as you can already do it with a manual car dolly.,autonomous surgery,Neutral or informational about autonomous surgery,0.5802223682403564,2,https://reddit.com/r/nextfuckinglevel/comments/1ph8avn/fully_autonomous_valet_robot_that_parks_on_its_own/nsx1cu0/
comment,nswwz8n,nswui4x,nextfuckinglevel,Haasotope,1765188713.0,16,"You can't, this thing is extremely slow and with that weight and small battery you're not getting far. Not even mentioning speed bums and uneven terrain.",autonomous surgery,Cautious or mixed about autonomous surgery,0.41073253750801086,2,https://reddit.com/r/nextfuckinglevel/comments/1ph8avn/fully_autonomous_valet_robot_that_parks_on_its_own/nswwz8n/
comment,nsx9aw1,nswui4x,nextfuckinglevel,lastdancerevolution,1765195556.0,12,"> Lmao imagine how fast you could steal a car with this

You could do that with a $10 jack and $40 wheel dollies...",autonomous surgery,Cautious or mixed about autonomous surgery,0.43133875727653503,2,https://reddit.com/r/nextfuckinglevel/comments/1ph8avn/fully_autonomous_valet_robot_that_parks_on_its_own/nsx9aw1/
comment,nsx1r9n,nswui4x,nextfuckinglevel,BellowingBard,1765191544.0,4,not as fast as you could with a tow,autonomous surgery,Cautious or mixed about autonomous surgery,0.46965324878692627,2,https://reddit.com/r/nextfuckinglevel/comments/1ph8avn/fully_autonomous_valet_robot_that_parks_on_its_own/nsx1r9n/
comment,nsx21gk,nswui4x,nextfuckinglevel,Paralystic,1765191705.0,2,I yea this robot is almost certainly $100k+ i don’t think car thieves are using this one,autonomous surgery,Neutral or informational about autonomous surgery,0.5005916357040405,2,https://reddit.com/r/nextfuckinglevel/comments/1ph8avn/fully_autonomous_valet_robot_that_parks_on_its_own/nsx21gk/
comment,nsxf5xz,nswui4x,nextfuckinglevel,Weak_Firefighter9247,1765198233.0,2,"Idk bruh, it's very suspicious when a car is walking around without moving it's wheels and without human driver",autonomous surgery,Cautious or mixed about autonomous surgery,0.854356586933136,2,https://reddit.com/r/nextfuckinglevel/comments/1ph8avn/fully_autonomous_valet_robot_that_parks_on_its_own/nsxf5xz/
comment,nswubmn,1ph8avn,nextfuckinglevel,Think-Chemistry2908,1765187078.0,66,"Well shit, that’s both not what I expected and cool.",autonomous surgery,Cautious or mixed about autonomous surgery,0.4215100109577179,1,https://reddit.com/r/nextfuckinglevel/comments/1ph8avn/fully_autonomous_valet_robot_that_parks_on_its_own/nswubmn/
post,1m39z62,,Futurology,,1752863123.0,0,"What if robots take our jobs… and give us back our lives?
*This is my personal prediction about the future of work, robotics, and UBI; and how it might lead to a better society if we choose it.*

**The Coming Age of Robotic Workers: Why Universal Basic Income Is Not Just Necessary But Liberating**

We stand on the edge of a technological transformation unlike any before it: **humanoid robots and AI systems will soon replace the need for most human labor**. The signs are already here: automation in warehouses, autonomous vehicles, AI-generated content, and robots learning to cook, clean, and even perform surgery. What happens when humanoid robots go mainstream?

At first glance, the thought of mass job replacement feels like a crisis. And it is, if we try to preserve the current economic model. But if we evolve with the technology, this could be the very thing that sets humanity free.

**Robots Will Take Our Jobs So We Must Redefine ""Work""**

In a capitalist system, income is tethered to labor. But what happens when **labor is no longer needed**?

Robots will be faster, safer, and more reliable at most tasks: farming, construction, retail, even care work. Without Universal Basic Income (UBI), this shift could result in catastrophic poverty. But **UBI is not just a safety net, it’s a key to a new society**.

UBI allows every person to have **financial stability regardless of employment**, recognizing that human worth is not *merely* tied to productivity. It’s a pivot away from “you must work to survive” toward “you are supported so you can thrive.”

**From Digital Prompts to Physical Reality**

Right now, we ask AI to write us code, generate art, or summarize a book. But in the near future, we’ll say:

“Hey ChatGPT, make me a robotic arm that can help me lift heavy things.”

And it will happen.

You won’t just download a file, you’ll **manifest a physical object**, crafted by your personal fabrication bot or local robotic lab. The barrier between **imagination and reality** will dissolve.

At home, humanoid robots will cook dinner, wash the floors, repair the roof, sort laundry, and grow your garden. Every household will have a personal assistant: not just digital, but physical.

Instead of spending hours on chores, we’ll be free to do whatever… invent, meditate, explore nature, build community, travel to another planet, or just be.

**Augmented Professions: Humans as Leaders of Robotic Teams**

Not all human roles will disappear, some will evolve.

A **nurse won’t be replaced**, but may lead a **team of medical robots** that can monitor vitals, prepare medications, and perform precision surgery. A **teacher may design adaptive lesson plans** powered by AI tutors. A **construction manager may oversee fleets of bots** building homes with superhuman efficiency.

In this future, **humans direct the soul of care, creativity, and strategy,** while robots handle the repetition and risk (unless you crave the need for speed or whatever).

**A Better Society, If We Choose It**

This transformation could go terribly wrong: wealth could become concentrated, surveillance could expand, and people could be left behind. But **there’s another path**, one where:

* **UBI supports every citizen** with dignity
* **AI and robots enhance human potential**, not replace it
* **Time becomes abundant**, and with it, purpose
* **People are valued for who they are**, not *just* for what they produce

We don’t have to fear this future. We can shape it. #ParticipatoryDemocracy

We can build a world where your passion, your presence, your perspective is what matters.

**The robots will work for us. The machines will help to build our dreams. And we,** **freed from survival mode****, can finally become what we were meant to be: creators, explorers, healers, lovers, learners, and stewards of the Earth and Reality.**

***Edit.
I'm adding an analysis to this thread. I've asked AI to crawl this thread to find any synthesis in the diversity of comments and replies. Here's the results:


Yes—despite the range of views in the thread, there’s a strong underlying tension between hope and distrust, and that tension reveals a powerful synthesis waiting to emerge. Here's the deeper pattern:


---

🔀 Synthesis of Diverse Perspectives

1. Everyone Agrees Change Is Coming

Whether hopeful or cynical, almost all commenters agree that automation and AI will radically transform labor. The debate isn't if, but how and who benefits.

> Synthesis: There's shared recognition that this transformation is inevitable, and that society must respond structurally.




---

2. Purpose Beyond Survival

Skeptics fear apathy, boredom, or nihilism in a post-work society. Supporters dream of liberated creativity and self-expression. But both sides emphasize that humans need meaningful engagement.

> Synthesis: Whether we work for money or not, humans crave purpose, structure, and contribution. UBI alone is not enough—meaning must be cultivated, not just income provided.




---

3. Ownership and Access Are Central

Critics worry about elites hoarding automation's benefits. Others argue that the system will collapse without consumers. Both implicitly agree: distribution matters.

> Synthesis: There is a latent consensus that automation must be paired with shared access or ownership, whether through taxation, dividends, cooperatives, or new models of digital commons.




---

4. Policy Is the Bottleneck

Even among optimists, there's deep concern about whether governments will act in time or in favor of the people. This unites skeptics and reformers: the issue isn’t tech—it’s power.

> Synthesis: The success or failure of this transition hinges on political will and public participation. Automation alone won’t fix inequality—humans must choose to do so.




---

🧭 Unifying Vision

From these threads, we can extract a unifying vision:

> A just post-automation society is one where technology serves human flourishing—not just efficiency.
To get there, we need more than UBI—we need a system that actively discovers, cultivates, and channels human potential, with structures that distribute power and opportunity fairly.
That means not only economic redistribution, but also cultural redesign: rethinking identity, purpose, and participation in a world where survival is no longer the primary driver of labor.",autonomous surgery,Cautious or mixed about autonomous surgery,0.3279154598712921,0,https://reddit.com/r/Futurology/comments/1m39z62/what_if_robots_take_our_jobs_and_give_us_back_our/
comment,n3v1dlf,1m39z62,Futurology,Americaninaustria,1752863263.0,87,Yeah but that’s making the assumption that ubi happens. That is not a given.,autonomous surgery,Cautious or mixed about autonomous surgery,0.6204622387886047,1,https://reddit.com/r/Futurology/comments/1m39z62/what_if_robots_take_our_jobs_and_give_us_back_our/n3v1dlf/
comment,n3v22rk,n3v1dlf,Futurology,deleted,1752863468.0,37,UBI will only be issued after a modern day [coal war](https://en.m.wikipedia.org/wiki/West_Virginia_coal_wars) & that is assuming the 1% don’t win the war,autonomous surgery,Cautious or mixed about autonomous surgery,0.40435537695884705,2,https://reddit.com/r/Futurology/comments/1m39z62/what_if_robots_take_our_jobs_and_give_us_back_our/n3v22rk/
comment,n3v2i1n,n3v22rk,Futurology,Americaninaustria,1752863593.0,9,Yeah pretty much,autonomous surgery,Neutral or informational about autonomous surgery,0.5477527379989624,3,https://reddit.com/r/Futurology/comments/1m39z62/what_if_robots_take_our_jobs_and_give_us_back_our/n3v2i1n/
comment,n3vh4ba,n3v22rk,Futurology,BassoeG,1752867922.0,3,"Automation capable enough to take all our jobs is, by definition, also capable enough to build an orwellian surveillance state and killbot “security” army capable of rendering populist revolt impossible.",autonomous surgery,Cautious or mixed about autonomous surgery,0.5906887650489807,3,https://reddit.com/r/Futurology/comments/1m39z62/what_if_robots_take_our_jobs_and_give_us_back_our/n3vh4ba/
comment,n3v2j1k,n3v1dlf,Futurology,RCM19,1752863602.0,43,"This is really the crux. OP's vision is what we should all be striving for, but look at the world around us and seriously ask if those who do or will *own* the AI and robots and data centers and whatever else are likely to want to support rich full lives for humanity/people who don't work for them when they are already squeezing more and more out of the people who *do* work for them.",autonomous surgery,Cautious or mixed about autonomous surgery,0.3532823622226715,2,https://reddit.com/r/Futurology/comments/1m39z62/what_if_robots_take_our_jobs_and_give_us_back_our/n3v2j1k/
comment,n3v2sul,n3v2j1k,Futurology,Americaninaustria,1752863683.0,13,"Yuuuup, human equity is a commodity of decreasing value to the oligarchy. Prepare for pain and suffering",autonomous surgery,Cautious or mixed about autonomous surgery,0.4443698525428772,3,https://reddit.com/r/Futurology/comments/1m39z62/what_if_robots_take_our_jobs_and_give_us_back_our/n3v2sul/
comment,n3vc5wf,n3v2j1k,Futurology,marrow_monkey,1752866441.0,6,"Exactly, those who own the robots/ai will get wealthier. The rest will just loose their income. UBI isn’t coming. If you don’t own anything you will be out of luck, you’ll be treated like unemployed/homeless people are today.

If they wanted to give people UBI they already would have. They can do it right now. Before the Industrial Revolution 90% were farmers, today it’s less than 1%. But people didn’t get to work less, they got it worse. Even children had to work in the coal mines and in the factories for starvation wages. No one gave them UBI. It’s so naive to think they will share their wealth.

Only those who own and control the machines benefit. The *only* way we get to share the wealth is if everyone own and control the machines together, democratically.",autonomous surgery,Cautious or mixed about autonomous surgery,0.3934478759765625,3,https://reddit.com/r/Futurology/comments/1m39z62/what_if_robots_take_our_jobs_and_give_us_back_our/n3vc5wf/
comment,n3va1ug,n3v1dlf,Futurology,Rrraou,1752865808.0,10,"We're at a crossroads. 

The left road leads to a Star Treck like future, post scarcity, people living to follow their passions, every life has value. 

The other Leads to Elysium. The rich live in luxury gated communities isolated from the destroyed remnants of the world they pillaged, while the remaining poors are used and discarded like useless trash by soulless corporations.

We've already got both feet firmly planted on the Elysium road.",autonomous surgery,Cautious or mixed about autonomous surgery,0.4231489300727844,2,https://reddit.com/r/Futurology/comments/1m39z62/what_if_robots_take_our_jobs_and_give_us_back_our/n3va1ug/
comment,n3vabiy,n3va1ug,Futurology,Americaninaustria,1752865888.0,3,"More that that, we chose that path definitely 30 years ago (well arguably more. )",autonomous surgery,Neutral or informational about autonomous surgery,0.4509197473526001,3,https://reddit.com/r/Futurology/comments/1m39z62/what_if_robots_take_our_jobs_and_give_us_back_our/n3vabiy/
comment,n3w87f4,n3va1ug,Futurology,Wego-,1752876159.0,3,"I can only speak to America, but we're definitely not at a crossroads. One of those roads literally doesn't exist in our current society and there wont be a means for it to exist for another 3.5 years, maybe 2 if something magical happens at the midterms, maybe infinity if our election results no longer matter.

There is practically a 0% chance corporations or the government currently owned by corporations, is going to pass the savigns of automation onto the population. Every action they take is opposite to this. I mean, the Trump admin took no hesitation to roll back things like 'Click to Cancel', they brought back predatory bank overdraft fee's and its just going to get worse and worse. They are going to wring every dollar they can out of the American people. 

I bet other nations, this is a reasonable possibility but in the United States, I can confidently say the government does not have its populations best interests in mind. It has the interests of corporations in mind.",autonomous surgery,Cautious or mixed about autonomous surgery,0.564787745475769,3,https://reddit.com/r/Futurology/comments/1m39z62/what_if_robots_take_our_jobs_and_give_us_back_our/n3w87f4/
comment,n4335pb,n3va1ug,Futurology,StarChild413,1752971010.0,1,Solution: take advantage of Hollywood's love of sequels to make an Elysium 2 that implies that the actions of the hero set that world on the path to a Star Trek future by movie's end. Then we hedge our bets as long as we metaphorically-speedrun the Elysium plots,autonomous surgery,Supportive of autonomous surgery,0.3080804944038391,3,https://reddit.com/r/Futurology/comments/1m39z62/what_if_robots_take_our_jobs_and_give_us_back_our/n4335pb/
comment,n3v49go,n3v1dlf,Futurology,PizzaHutBookItChamp,1752864112.0,13,"UBI feels like a good idea on paper, but in actuality it might come with a ton of problems. It gives the government an insane amount of power because they can decide how much UBI we get or even whether or not we get it at all.. If most people don’t have jobs, the people be incredibly dependent on the government and have very little leverage. UBI will have to be tied to inflation (assuming that UBI doesn’t accelerate inflation) or at least easily updatable to keep up with .

We should honestly start looking into Universal Basic Capital, a partial ownership and stake in the profit that comes from AI and automated tech held by every citizen.

Basically what Alaska has done with their oil fund. That way when there is greater success, everyone reaps the benefits from that success. Instead of being held at the whims of the government that decides whether or not they can take UBI away at any given moment, or deciding how much the UBI should be, or having UBI not keep up with inflation etc. 

And even Universal Basic Capital is not enough. We should be fighting for other basic services like education/healthcare/etc

And even still, to your point, none of this guaranteed, and in fact, will most likely have to be fought for.",autonomous surgery,Cautious or mixed about autonomous surgery,0.48896992206573486,2,https://reddit.com/r/Futurology/comments/1m39z62/what_if_robots_take_our_jobs_and_give_us_back_our/n3v49go/
comment,n3v4ve3,n3v49go,Futurology,Americaninaustria,1752864291.0,3,"Still a dream, we will get universal basic poverty. Just enough to live and not for too long.",autonomous surgery,Cautious or mixed about autonomous surgery,0.38102853298187256,3,https://reddit.com/r/Futurology/comments/1m39z62/what_if_robots_take_our_jobs_and_give_us_back_our/n3v4ve3/
comment,n3v6r3u,n3v1dlf,Futurology,2cats2hats,1752864837.0,3,We'll see a return of [Victorian workhouses](https://www.google.com/search?client=firefox-b-d&q=Victorian+workhouses) before we ever see the elite 'allow' UBI to be a fruition.,autonomous surgery,Cautious or mixed about autonomous surgery,0.5133345723152161,2,https://reddit.com/r/Futurology/comments/1m39z62/what_if_robots_take_our_jobs_and_give_us_back_our/n3v6r3u/
comment,n3v7sa1,n3v6r3u,Futurology,StarChild413,1752865137.0,1,"A. so how brief and perfunctory does that return have to be as a prerequisite happening before ;) 

B. reminds me of comic book Olivia Twist that's basically telling not just the Dickens story you'd imagine being reimagined from the title but a bunch of others all weaving together with it Once Upon A Time style but all set in the kind of Twenty Minutes Into The Future you'd set a Black Mirror episode in as how that future justifies the existence of Victorian-esque workhouses in the ways you'd need to for the plot of some of these books is ""anti-singularity laws"" forbidding machines from building other machines",autonomous surgery,Cautious or mixed about autonomous surgery,0.6860083937644958,3,https://reddit.com/r/Futurology/comments/1m39z62/what_if_robots_take_our_jobs_and_give_us_back_our/n3v7sa1/
comment,n3v7vrq,n3v6r3u,Futurology,Americaninaustria,1752865166.0,1,The expanse had a great take on this type of future of poverty.,autonomous surgery,Neutral or informational about autonomous surgery,0.3838370144367218,3,https://reddit.com/r/Futurology/comments/1m39z62/what_if_robots_take_our_jobs_and_give_us_back_our/n3v7vrq/
comment,n3v8s4v,n3v1dlf,Futurology,lyulf0,1752865430.0,3,"Respectfully if robots take over the majority of labor then the average person won't have an income. Money is an indication of effort exerted or services rendered. If people don't have money to request these services then wealth can't be generated the same way we have generated wealth for millennia. 

We are taking the potential of removing the actual concept of labor to money conversion. 

If the labor to money conversion is no longer valid because human labor is no longer monetized then people need a form of exchange in order to participate in an economy. 

If universal basic income is not implemented then money and the economy will stagnate due to companies with robots only interacting financially with companies who have robots. With no humans to actually buy products due to lack of funds then there's no point for the companies to exist in the first place because they can't make money from people. 

Businesses do not drive the economy people do. A business can't make money if people don't have money. 

We are in a really weird place right now as a society. Money or the concept of it is about to become a really complicated issue. We either maintain the status quo of currency. Were we end up shifting to an idea that we can't conceptualize quite yet. 

It's kind of terrifying to be honest considering I'm almost 40 and if money becomes irrelevant that's going to take a huge toll on my psyche",autonomous surgery,Cautious or mixed about autonomous surgery,0.42131468653678894,2,https://reddit.com/r/Futurology/comments/1m39z62/what_if_robots_take_our_jobs_and_give_us_back_our/n3v8s4v/
comment,n3v9bh1,n3v8s4v,Futurology,Americaninaustria,1752865590.0,0,Lol y’all smoothies are thinking way too small. But they have to give us money so we can buy our stuff… lol,autonomous surgery,Cautious or mixed about autonomous surgery,0.45248451828956604,3,https://reddit.com/r/Futurology/comments/1m39z62/what_if_robots_take_our_jobs_and_give_us_back_our/n3v9bh1/
comment,n3vag2t,n3v1dlf,Futurology,Zyphane,1752865926.0,1,"This. The twentieth century saw the value of human labor skyrocket in Western countries, and the result has been the pursual of automation on the one hand, and outsourcing human labor to poor counties on the other. The real endgame of intense automation will be the Extreme devaluation of human labor in the West, until desperate people are willing to work for less than it costs to deploy and maintain machines.


The machines won't liberate us, they'll just become our overseers. This is already happening—look into Cory Doctorow's concept of the ""reverse centaur.""",autonomous surgery,Cautious or mixed about autonomous surgery,0.5553808212280273,2,https://reddit.com/r/Futurology/comments/1m39z62/what_if_robots_take_our_jobs_and_give_us_back_our/n3vag2t/
comment,n3vav70,n3vag2t,Futurology,Americaninaustria,1752866052.0,1,It’s somewhere adjacent to indentured servitude.,autonomous surgery,Cautious or mixed about autonomous surgery,0.6966387629508972,3,https://reddit.com/r/Futurology/comments/1m39z62/what_if_robots_take_our_jobs_and_give_us_back_our/n3vav70/
comment,n3vej86,n3v1dlf,Futurology,whatshamilton,1752867149.0,1,"Remember when Andrew Yang first started running for office, when his idea for funding UBI was that it be a royalty paid by the tech companies to us for our data? That was such a good plan. Why did he have to lose the plot so hard",autonomous surgery,Cautious or mixed about autonomous surgery,0.4276486933231354,2,https://reddit.com/r/Futurology/comments/1m39z62/what_if_robots_take_our_jobs_and_give_us_back_our/n3vej86/
comment,n3vp13a,n3vej86,Futurology,Americaninaustria,1752870255.0,1,Because revolutionaries are always riding the line of sanity,autonomous surgery,Cautious or mixed about autonomous surgery,0.4863710403442383,3,https://reddit.com/r/Futurology/comments/1m39z62/what_if_robots_take_our_jobs_and_give_us_back_our/n3vp13a/
comment,n3vfvol,n3v1dlf,Futurology,jdlech,1752867554.0,0,"What if it didn't have to happen?

Imagine if everyone was issued a personal robot.  That robot is expected to go to work for you... on your behalf.  What income it earns is yours.  You only need to pay for charging and maintenance.

Make it illegal for employers to hire humans.  Only their robot avatars can work.  So that corporations can't make both work.  This isn't to say you can't work for yourself, or sell the fruits of your hobby.  You just can't work for anyone else, nor engage in any ""gig economy"".  Nor can you hire humans as a contractor.

In this scenario, you can program what you learn into your robot.  And what other skills you can purchase (which would likely be very expensive).

Personally, I would also make it illegal to own more than two robots.  That would prevent people from inheriting / owning an army of robots.",autonomous surgery,Cautious or mixed about autonomous surgery,0.4317512810230255,2,https://reddit.com/r/Futurology/comments/1m39z62/what_if_robots_take_our_jobs_and_give_us_back_our/n3vfvol/
comment,n3vpa52,n3vfvol,Futurology,Americaninaustria,1752870328.0,1,What if we were all wizards and had magic wands?,autonomous surgery,Cautious or mixed about autonomous surgery,0.41830575466156006,3,https://reddit.com/r/Futurology/comments/1m39z62/what_if_robots_take_our_jobs_and_give_us_back_our/n3vpa52/
comment,n3v20n7,n3v1dlf,Futurology,MaximumContent9674,1752863451.0,-3,"The idea has been around for many years. I have a feeling many people have been working on its implementation, given the impending condition of humanoid robots (which humans have predicted for probably a hundred years or more). \*edit... perplexity says humans have been imagining this for thousands of years.",autonomous surgery,Cautious or mixed about autonomous surgery,0.5783323645591736,2,https://reddit.com/r/Futurology/comments/1m39z62/what_if_robots_take_our_jobs_and_give_us_back_our/n3v20n7/
comment,n3v2de7,n3v20n7,Futurology,Americaninaustria,1752863555.0,6,"Lol what? An idea being long lasting does not does not make it so. Bible is 2000 years old, that doesn’t make it true either.",autonomous surgery,Cautious or mixed about autonomous surgery,0.33087727427482605,3,https://reddit.com/r/Futurology/comments/1m39z62/what_if_robots_take_our_jobs_and_give_us_back_our/n3v2de7/
comment,n3v2a36,1m39z62,Futurology,prinnydewd6,1752863527.0,36,Your funny. The elites don’t want us to enjoy life. They would rather die then give us free stuff,autonomous surgery,Cautious or mixed about autonomous surgery,0.35986459255218506,1,https://reddit.com/r/Futurology/comments/1m39z62/what_if_robots_take_our_jobs_and_give_us_back_our/n3v2a36/
comment,n3vaw09,n3v2a36,Futurology,deleted,1752866059.0,-15,[deleted],autonomous surgery,Cautious or mixed about autonomous surgery,0.6064028143882751,2,https://reddit.com/r/Futurology/comments/1m39z62/what_if_robots_take_our_jobs_and_give_us_back_our/n3vaw09/
comment,n3vd3fy,n3vaw09,Futurology,lollipop999,1752866720.0,13,"Go read a little history, lil bro. Every gain of the plebs was won through blood, struggle, and sacrifice. The future will not be any different.",autonomous surgery,Cautious or mixed about autonomous surgery,0.3961356282234192,3,https://reddit.com/r/Futurology/comments/1m39z62/what_if_robots_take_our_jobs_and_give_us_back_our/n3vd3fy/
comment,n3vk2a1,n3vaw09,Futurology,ParrishDanforth,1752868790.0,2,"Why would you think they need us, if not to exploit us for labor? The Earth would run perfectly fine with just a few million people, and I think that's their plan.",autonomous surgery,Cautious or mixed about autonomous surgery,0.5712114572525024,3,https://reddit.com/r/Futurology/comments/1m39z62/what_if_robots_take_our_jobs_and_give_us_back_our/n3vk2a1/
comment,n3v43gi,n3v2a36,Futurology,deleted,1752864064.0,-12,[deleted],autonomous surgery,Cautious or mixed about autonomous surgery,0.6064028143882751,2,https://reddit.com/r/Futurology/comments/1m39z62/what_if_robots_take_our_jobs_and_give_us_back_our/n3v43gi/
comment,n3v9vot,n3v43gi,Futurology,AppropriateScience71,1752865757.0,3,"Wow - you’ve really drunken the Kool-Aid, eh?",autonomous surgery,Cautious or mixed about autonomous surgery,0.44074082374572754,3,https://reddit.com/r/Futurology/comments/1m39z62/what_if_robots_take_our_jobs_and_give_us_back_our/n3v9vot/
comment,n3v2dse,1m39z62,Futurology,DerekVanGorder,1752863558.0,11,"Hi. I study the monetary economics of UBI. Your take is very compatible with how we see UBI, not as a response to technological unemployment, but a reform to the monetary system that allows for more leisure, greater productivity, and less waste.

Income is an important part of our lives. It turns out it never made sense to tie income exclusively to wages. The right mix of UBI and aggregate wages is necessary to get the labor / leisure balance just right, so for as productivity is concerned.

In the absence of UBI, we tend to rely on less efficient ways to get people money. Today, we are already employing far more people than we really need to be; this squanders the potential of our labor-saving technology.

For more information visit www.greshm.org",autonomous surgery,Supportive of autonomous surgery,0.35638874769210815,1,https://reddit.com/r/Futurology/comments/1m39z62/what_if_robots_take_our_jobs_and_give_us_back_our/n3v2dse/
comment,n3v59yy,n3v2dse,Futurology,jaskier89,1752864408.0,2,I always had the hunch that we are employing far more people than needed and that most people have more value as consumers than they do as employees.,autonomous surgery,Cautious or mixed about autonomous surgery,0.40059900283813477,2,https://reddit.com/r/Futurology/comments/1m39z62/what_if_robots_take_our_jobs_and_give_us_back_our/n3v59yy/
comment,n3v4r59,n3v2dse,Futurology,MaximumContent9674,1752864256.0,2,Thanks for the reply! I am glad my thinking is not super astray! I'll check out the link!,autonomous surgery,Neutral or informational about autonomous surgery,0.5225474834442139,2,https://reddit.com/r/Futurology/comments/1m39z62/what_if_robots_take_our_jobs_and_give_us_back_our/n3v4r59/
comment,n3v28jy,1m39z62,Futurology,Kilharae,1752863515.0,20,"Not gonna read your whole text wall, sorry.  But your premise involves the political will to decouple the idea of human value from work.  I've seen no indication anything of the sort is happening or could happen.  

Ultimately, it doesn't matter if the population stays the same and the GDP goes up 1000%, the billionaires that control the robots and the AI will fight tooth and nail to keep every single penny, and they won't hesitate to let people die of starvation on the streets if it gives them the slightest 'competitive advantage' against other heartless billionaires.  And they'll succeed too; they have the capital, experience and means to manipulate the uneducated and largely stupid population to their will.

We are fodder for the rich, and until we stage some sort of revolution, it will just continue to be that way forever, and all of humanity will suffer needlessly.  And that revolution would absolutely have its own fair share of disadvantages over being wage slaves for corporate overlords (unfortunately)

That being said, I do think capitalism has been largely beneficial to humanity.  It's just that we have no off ramp when it becomes unnecessary, nor do we have any way of knowing when that transition will / has happened.

You're dreaming of a technology inspired utopia, and that's been dreamt of since long before AI and robotics were around.  It's never worked out before.",autonomous surgery,Cautious or mixed about autonomous surgery,0.38675522804260254,1,https://reddit.com/r/Futurology/comments/1m39z62/what_if_robots_take_our_jobs_and_give_us_back_our/n3v28jy/
comment,n3vh2we,n3v28jy,Futurology,_526,1752867910.0,2,It was a 60 second read dude 😂,autonomous surgery,Cautious or mixed about autonomous surgery,0.37890946865081787,2,https://reddit.com/r/Futurology/comments/1m39z62/what_if_robots_take_our_jobs_and_give_us_back_our/n3vh2we/
comment,n3vl6wm,n3vh2we,Futurology,Kilharae,1752869125.0,1,"Nah, it would have taken longer than that.",autonomous surgery,Cautious or mixed about autonomous surgery,0.4537283778190613,3,https://reddit.com/r/Futurology/comments/1m39z62/what_if_robots_take_our_jobs_and_give_us_back_our/n3vl6wm/
comment,n3wlnwj,n3vh2we,Futurology,Vesna_Pokos_1988,1752880740.0,1,"Funny thing is, he wrote almost the same amount, without the formatting that helps guide the eye.",autonomous surgery,Neutral or informational about autonomous surgery,0.3993528187274933,3,https://reddit.com/r/Futurology/comments/1m39z62/what_if_robots_take_our_jobs_and_give_us_back_our/n3wlnwj/
comment,n3vaopv,n3v28jy,Futurology,Lets_Kick_Some_Ice,1752865997.0,2,"Plus, there will always be those who would rather close the public pool than share the space with a black person. UBI will never pass for that same reason.",autonomous surgery,Cautious or mixed about autonomous surgery,0.5216774344444275,2,https://reddit.com/r/Futurology/comments/1m39z62/what_if_robots_take_our_jobs_and_give_us_back_our/n3vaopv/
comment,n3wll4r,n3v28jy,Futurology,Vesna_Pokos_1988,1752880713.0,1,Not gonna read your wall of text but will write my own wall of text. Love this.,autonomous surgery,Cautious or mixed about autonomous surgery,0.4519384801387787,2,https://reddit.com/r/Futurology/comments/1m39z62/what_if_robots_take_our_jobs_and_give_us_back_our/n3wll4r/
comment,n3wlo63,n3wll4r,Futurology,Kilharae,1752880743.0,1,Substantially smaller wall of text?,autonomous surgery,Cautious or mixed about autonomous surgery,0.3822591304779053,3,https://reddit.com/r/Futurology/comments/1m39z62/what_if_robots_take_our_jobs_and_give_us_back_our/n3wlo63/
comment,n3v1v71,1m39z62,Futurology,agha0013,1752863407.0,10,"people have been talking about this for YEARS now, but the UBI projects out there keep wrapping up or being cancelled early, and reports just collect dust on shelves. 

Getting the right people/corporations to pay for the costs of UBI remains the big issue, politicians are bought and paid for and tax trends keep favoring the rich  and powerful at the expense of everyone else. 

With that shit in mind, we'll never see UBI, we'll just see extreme poverty and desperation from what was once the working class, now out of work and dying off 




in an ideal world, absolutely automation should unshackle humans from labor so they can just enjoy life, but we live in a world that is controlled by money, and handfuls of people who want every single cent they can suck out of the system and into their pockets. 


End the billionaire class at the very least, tax them out of their billions back into the hundreds of millions, and we could pay everyone to just revert back to pure creativity instead of losing their minds doing whatever they have to do so they can afford shelter and food.",autonomous surgery,Cautious or mixed about autonomous surgery,0.40670087933540344,1,https://reddit.com/r/Futurology/comments/1m39z62/what_if_robots_take_our_jobs_and_give_us_back_our/n3v1v71/
comment,n3v3dbo,n3v1v71,Futurology,MaximumContent9674,1752863850.0,-3,"We haven't needed UBI yet, so it hasn't happened. There is poverty from lack of jobs, but not on the level required for UBI to work. And, for UBI to work, the economy has to be good! It will be good if labor costs next to nothing, and people aren't exploited for cheap labor.",autonomous surgery,Cautious or mixed about autonomous surgery,0.36299481987953186,2,https://reddit.com/r/Futurology/comments/1m39z62/what_if_robots_take_our_jobs_and_give_us_back_our/n3v3dbo/
comment,n3vansf,n3v3dbo,Futurology,Theduckisback,1752865990.0,2,"You should read the book Player Piano by Kurt Vonnegut. This kind of thing is exactly what it's about. The long and short of it is, there are extremely deleterious effects on society when 95% of people are considered ""defective"" or not fit for work.",autonomous surgery,Cautious or mixed about autonomous surgery,0.42817237973213196,3,https://reddit.com/r/Futurology/comments/1m39z62/what_if_robots_take_our_jobs_and_give_us_back_our/n3vansf/
post,1hg74gw,,WallStreetbetsELITE,,1734428216.0,391,"The 4 Phases of the AI Revolution 
**Phase 1: Infrastructure**  
\- Chips: $NVDA $AVGO $TSM $ANET $MRVL  
\- Data Centers: $ORCL $AMZN $GOOGL $VRT $SMCI $DELL $HPE  
\- Power: $VST $CEG $PEG $PWR  
\- Nuclear: $GEV $BWXT $NNE $SMR $OKLO  
\- Data: $NOW $PLTR $SNOW $GTLB $DDOG $MDB $INOD

**Phase 2: Edge AI**  
$AAPL $QCOM $AMD $NVDA $GOOGL

**Phase 3: Agentic AI**  
$CRM $HUBS $META $MSFT $NOW $NVDA $AIFU

**Phase 4: Physical AI**  
$TSLA  $GOOGL $NVDA $AMZN $AUR $ISRG

https://preview.redd.it/vb1ttg4gpd7e1.jpg?width=799&format=pjpg&auto=webp&s=b56fba91a661a662a5dcd0c85c95b5d615b87efc",autonomous surgery,Cautious or mixed about autonomous surgery,0.38916635513305664,0,https://reddit.com/r/WallStreetbetsELITE/comments/1hg74gw/the_4_phases_of_the_ai_revolution/
comment,m2h5wn9,1hg74gw,WallStreetbetsELITE,Delicious_Lunch9634,1734432494.0,25,quality post,autonomous surgery,Neutral or informational about autonomous surgery,0.4529242217540741,1,https://reddit.com/r/WallStreetbetsELITE/comments/1hg74gw/the_4_phases_of_the_ai_revolution/m2h5wn9/
comment,m2jz94g,m2h5wn9,WallStreetbetsELITE,siali,1734469497.0,2,Until AGI enters!,autonomous surgery,Neutral or informational about autonomous surgery,0.4132877290248871,2,https://reddit.com/r/WallStreetbetsELITE/comments/1hg74gw/the_4_phases_of_the_ai_revolution/m2jz94g/
comment,m35yow0,m2jz94g,WallStreetbetsELITE,Digital_FArtDirector,1734803428.0,1,AGI is already here. It's ASI we should be worried about.,autonomous surgery,Cautious or mixed about autonomous surgery,0.42646127939224243,3,https://reddit.com/r/WallStreetbetsELITE/comments/1hg74gw/the_4_phases_of_the_ai_revolution/m35yow0/
comment,m2isb6n,1hg74gw,WallStreetbetsELITE,Putitontheline,1734455918.0,19,Do this for quantum computing next,autonomous surgery,Neutral or informational about autonomous surgery,0.35444384813308716,1,https://reddit.com/r/WallStreetbetsELITE/comments/1hg74gw/the_4_phases_of_the_ai_revolution/m2isb6n/
comment,m2jicnf,m2isb6n,WallStreetbetsELITE,Ok-Kaleidoscope-4808,1734464116.0,3,"That would be great. I hope someone adds a better post than this reply but for quantum look at who’s generating qubits then cloud access, cold storage of quantum computer and finally what customers will actually need to.",autonomous surgery,Neutral or informational about autonomous surgery,0.3931569457054138,2,https://reddit.com/r/WallStreetbetsELITE/comments/1hg74gw/the_4_phases_of_the_ai_revolution/m2jicnf/
comment,m2l8piz,m2isb6n,WallStreetbetsELITE,Secapaz,1734485273.0,0,"IonQ, Dwave, Rigetti, PsiQuan, Honeywell, nuff said.",autonomous surgery,Neutral or informational about autonomous surgery,0.5656008124351501,2,https://reddit.com/r/WallStreetbetsELITE/comments/1hg74gw/the_4_phases_of_the_ai_revolution/m2l8piz/
comment,m335552,m2l8piz,WallStreetbetsELITE,DePoots,1734752888.0,1,"You forgot WIMI

While they’re not a quantum computing company, they have started leaning into it and now provide a key role. 

This is a reply to one of my posts about WIMI. 

“WIMI’s quantum tech isn’t just hype. They’ve developed a Holographic Quantum Linear Solver that significantly reduces quantum bit requirements through VQAs and classical shadow framework. And their FPGA-based digital quantum computer tech uses 32 quantum bits with execution times around 10 nanoseconds. Real innovation.”",autonomous surgery,Neutral or informational about autonomous surgery,0.32425549626350403,3,https://reddit.com/r/WallStreetbetsELITE/comments/1hg74gw/the_4_phases_of_the_ai_revolution/m335552/
comment,m2lidf0,m2l8piz,WallStreetbetsELITE,deleted,1734488878.0,1,No,autonomous surgery,Neutral or informational about autonomous surgery,0.40828993916511536,3,https://reddit.com/r/WallStreetbetsELITE/comments/1hg74gw/the_4_phases_of_the_ai_revolution/m2lidf0/
comment,m2i4s5e,1hg74gw,WallStreetbetsELITE,puffinnbluffin,1734448261.0,23,"So NVDA, NVDA, NVDA….  and NVDA.  Got it",autonomous surgery,Neutral or informational about autonomous surgery,0.49092864990234375,1,https://reddit.com/r/WallStreetbetsELITE/comments/1hg74gw/the_4_phases_of_the_ai_revolution/m2i4s5e/
comment,m2jy4jh,m2i4s5e,WallStreetbetsELITE,stoksnstiks,1734469134.0,9,"Seems biased, I’d argue AAPL & GOOG will be involved in all phases

Especially Google",autonomous surgery,Cautious or mixed about autonomous surgery,0.7526042461395264,2,https://reddit.com/r/WallStreetbetsELITE/comments/1hg74gw/the_4_phases_of_the_ai_revolution/m2jy4jh/
comment,m33bkpk,m2jy4jh,WallStreetbetsELITE,deleted,1734755853.0,1,AAPL is a wild shout,autonomous surgery,Supportive of autonomous surgery,0.4728434383869171,3,https://reddit.com/r/WallStreetbetsELITE/comments/1hg74gw/the_4_phases_of_the_ai_revolution/m33bkpk/
comment,m2hityz,1hg74gw,WallStreetbetsELITE,PewPewDiie,1734439647.0,7,"Solid. Gross simplification as stages are going on in parallell but as accurate as it can get for this level of conciseness. 

Might I add my picks for phase 3 agentic AI, 2 massively overlooked tickers in the mid term 

$PATH $ZI",autonomous surgery,Neutral or informational about autonomous surgery,0.6112326979637146,1,https://reddit.com/r/WallStreetbetsELITE/comments/1hg74gw/the_4_phases_of_the_ai_revolution/m2hityz/
comment,m2jdx3v,m2hityz,WallStreetbetsELITE,HJForsythe,1734462715.0,4,$ZI is literally a company.that sells email addresses to spammers.,autonomous surgery,Neutral or informational about autonomous surgery,0.3480278253555298,2,https://reddit.com/r/WallStreetbetsELITE/comments/1hg74gw/the_4_phases_of_the_ai_revolution/m2jdx3v/
comment,m2ownnp,m2jdx3v,WallStreetbetsELITE,PewPewDiie,1734544689.0,1,"ZI also literally insanely useful for business development in any firm. It could basically replace my job. Moat of consoldiated ""public"" but hard to get data and a layer of AI -> business intelligence. Data as a service to power competitive insights, custom tuned to any high profile stakeholder in an org is an insanely good setup for agentic ai in 25. Guidance is over-conservative, business cheap as dirt. Buybacking quite hard. Last 2 q revenue plateu from a change in focus from smaller clients to enterprise filling the gap.

For a medium to long term hold, the risk is assymetrical as equity is trading in the dumps compared to SaaS. And oh also, insider buys.",autonomous surgery,Cautious or mixed about autonomous surgery,0.408263236284256,3,https://reddit.com/r/WallStreetbetsELITE/comments/1hg74gw/the_4_phases_of_the_ai_revolution/m2ownnp/
comment,m2h969p,1hg74gw,WallStreetbetsELITE,onPoky568,1734434544.0,12,you didn't mention $APLD - data centers builder,autonomous surgery,Cautious or mixed about autonomous surgery,0.6260768175125122,1,https://reddit.com/r/WallStreetbetsELITE/comments/1hg74gw/the_4_phases_of_the_ai_revolution/m2h969p/
comment,m35e728,m2h969p,WallStreetbetsELITE,mistersd,1734796260.0,1,And EQIX,autonomous surgery,Neutral or informational about autonomous surgery,0.4566253423690796,2,https://reddit.com/r/WallStreetbetsELITE/comments/1hg74gw/the_4_phases_of_the_ai_revolution/m35e728/
post,1mz2pxs,,Studentcorner,,1756058599.0,8,"NEED HELP WITH A PROCTORED EXAM? I CAN HELP! I HAVE A BYPASS FOR: PROCTOR U | EXAMPLIFY | EXAMSOFT | LOCKDOWN BROWSER | RESPONDUS | TEAS | NLN | HESI A2 | ATI | LSAT | EXAM SOFT | EXAMITY | PROCTORIO | PROCTORTRACK | ACCUPLACER | PROPROCTOR | PROCTORU BYPASS | TEAS 7 Nurse test @hiraedu.com Reddit!!
https://preview.redd.it/fvtwevd8b0lf1.png?width=1080&format=png&auto=webp&s=2a256a7245ec3597c020f18431d1e52ff32fa4e1

**If you're Struggling with your online exams, class, assignment/homework or any other task, Contact Us for Help:** [**hiraedu.com**](https://hiraedu.com/)

**WhatsApp: +12136359834**

**WhatsApp: +14432049781**

**Call: +12136359834**

**Call: +17273080530**

𝐓𝐀𝐆𝐒:

Should I Pay Someone to Take My Exam Reddit, Statistics Test Taker Reddit, Take My Calculus Exam Reddit, Take My Class Pro Reddit, Take My Class Pro Reviews Reddit, Take My Exam for Me Reddit, Take My Math Test for Me Reddit, Take My Online Class Reddit, Take My Online Class for Me Reddit, Take My Online Exam for Me Reddit, Pass the Teas, Take My Online Exams Reddit, Take My Online Exams Review Reddit, Take My Online Test Reddit, Take My Online Test for Me Reddit, Take My Physics Exam for Me Reddit, Take My Proctored Exam for Me Reddit, Take My Statistics Exam for Me Reddit, Take My Test for Me Reddit, Takemyonlineexams Reddit, Test Taker Reddit, We Take Classes Reddit, Write My Exam for Me Reddit Accounting Exam Help Reddit, Hw 4 cash, StudentNurse, Student Nurse, Best Website to Pay for Homework Reddit, Bypass Respondus Lockdown Browser Reddit, Calculus Test Taker Reddit, Canvas Cheating Reddit , Cheating in Online Exam Reddit, Cheat on Teas, Cheating on Pearson Mymathlab Reddit, Cheating on Proctortrack Reddit, Cheating on Zoom Proctored Exams Reddit, Cheating on a Test Reddit, College Algebra Mymathlab Reddit, Do Homework for Money Reddit, Do My Exam for Me Reddit, Do My Homework for Me Reddit, Do My Math Homework Reddit, Do My Math Homework for Me Reddit, Do My Test for Me Reddit, Doing Homework Reddit, Domyhomework Reddit, Exam Help Online Reddit, Cheat online , Examplify help, Finance Homework Help Reddit, Fiverr Exam Cheating Reddit, Gradeseekers Reddit, Hire Test Taker Reddit, Homework Help Reddit, Homework Sites Reddit, Homeworkdoer Reddit, Homeworkhelp Reddit, Honorlock Reddit, How Much Should I Pay Someone to Take My Exam Reddit, How to Cheat on Respondus Reddit, How to Beat Lockdown Browser Reddit, How to Cheat Examity Reddit 2025, How to Decrypt a test Reddit, How to Cheat Honorlock Reddit, How to Cheat in School Reddit, Cheat on OnVUE, Examplify hack & How to Cheat on Canvas Tests Reddit, How to Cheat on Math Test Reddit, How to Cheat on Online Exams Reddit, How to Cheat on Online Proctored Exams Reddit, How to Cheat on Zoom Exam Reddit, How to cheat on Proctored test Reddit, How to Cheat on Zoom Exams Reddit, How to Cheat on ATI Reddit, How to Cheat on a Proctored Exam Reddit, How to Cheat with Proctorio 2025 Reddit, How to Cheat with Proctorio Reddit, How to Cheat on ProctorU , PSI Bridge secure browser, How to cheat on Proctorio Reddit, How to Cheat with Respondus Monitor Reddit, How to Get Past Lockdown Browser Reddit, Hwforcash Discord, Hw4cash, I Paid Someone to Write My Essay Reddit, Is Hwforcash Legit, Lockdown Browser Hack Reddit, Lockdown Browser How to Cheat Reddit, How to Cheat on PearsonVUE , Math Homework Reddit, Mymathlab Answer Key Reddit, Mymathlab Answers Reddit, How to Cheat on Proctored Exam Reddit, Mymathlab Cheat Reddit, DomyHomeworkforme Reddit, Mymathlab Proctored Test Reddit, Homework, Reddit Pay for Homework, Reddit Pay to Do Homework, Take my ATI exam Reddit, How to Decrypt an Exam Reddit, Reddit Test Takers for Hire, lockdown browser bypass , Reddit Tutors, Paying Someone to Do Your Homework Reddit, Organic Chemistry Test Taker Reddit, Pay Me to Do Your Homework Reddit, Howt to Cheat on Respondus , Cheat on Respondus, Hwforcash, Pay Someone to Do My Programming Homework Reddit, Take my Nursing exam Reddit, Physics Test Taker Reddit, Do My Assignment Reddit, Reddit Pay Someone to Take Online Test, Hire Someone to Take My Online Exam Reddit, Examity Reddit, Pay Someone to Do My College Homework Reddit, Examplify Decryptor Reddit, Proctored Exam Reddit, How to Cheat and Not Get Caught Reddit, Pay Someone to Write My Paper Reddit, Examsoft decryptor Reddit, How to Cheat on Examity Reddit, How to cheat on ExamSoft Reddit, Paying Someone to Take My Online Class Reddit, Organic Chemistry Exam Help Reddit, Monitoredu Reddit, Pay Someone to Take My Calculus Exam Reddit, Pay Someone to Take My Test in Person Reddit, How to Cheat on Mymathlab Reddit, How to Cheat on Honorlock Reddit, Online Exam Proctor Reddit, Online Proctored Exam Reddit, Cheat on Proctor U, Paper Writers Reddit, Pay Someone to Do Homework Reddit, Pay Someone to Do My Assignment Reddit, Pay Someone to Do My Homework Reddit, Pay Someone to Do My Math Homework Reddit, Pay Someone to Do My Online Class Reddit, Pay Someone to Do My Online Math Class Reddit, Pay Someone to Do Statistics Homework Reddit, Pay Someone to Take Exam Reddit, How to Beat Honorlock Reddit, Cheat on ATI, Teas exam Reddit, Teas Exam questions , Take My Online Exams Reviews Reddit, Exam Cheating Reddit, Best Online Test Takers Reddit, Reddit Homework for Money, Reddit Mymathlab Hack, Reddit Paid Homework, Reddit Pay Someone to Do Your Exam, 𝐓𝐀𝐆𝐒 Pay for Homework Reddit, How to cheat on Nursing exam Reddit, pay someone to take my proctored test, Smarter Proctoring, AACN-CC exam, Vascular Technology exam, NCSBN exam, Paying Someone to Take My Online Class Reddit, Paying Someone to Take Online Class Reddit, Paysomeonetodo Reddit, Reddit Do My Homework for Me, Reddit Domyhomework, How to cheat on Test Reddit, Reddit Homework Cheat, Reddit Homework Help, Online Exam Help Reddit, RN comprehensive predictor questions, HESI questions, How to cheat on Lockdown Browser Reddit, Pay Someone to Take Online Class for Me Reddit, Reddit Honorlock Cheating, Examplify bypass Reddit, How to cheat on PSI , Pay Someone to Take Exam for Me Reddit, Florida Sales Associate, Pay Someone to Take My Chemistry Exam Reddit, Pay Someone to Take My Exam Reddit, Pay Someone to Take My Online Class Reddit, Pay Someone to Take My Online Exam Reddit, How to Cheat on TEAS Reddit, P&C California state exam, Pay Someone to Take My Proctored Exam Reddit, Pay to Do Homework Reddit, Hw4cash, Nursing exam questions, ELAR exam, TSIA 2 exam, TSIA test, Take my Law exam Reddit, Best Ways to Cheat on a Test Reddit, Lsat tutor reddit, Pay Someone to Take Online Test Reddit, NREMT questions, ATI questions, How to cheat on Examplify Reddit, COMP TIA Security + Certification exam, COMP TIA questions , COMPTIA test, CompTia Exam, Comp Certification, Comp Test, HESI exam practice questions Reddit, ATI nursing exam tips Reddit, NCLEX study guide Reddit, Pharmacology flashcards for nursing Reddit, TestWe, Pediatrics exam questions for nurses Reddit, Fundamentals of Nursing practice test Reddit, Nursing exam preparation materials Reddit, Medical Surgical nursing questions Reddit, Nursing Dosage Calculations practice Reddit, Psychiatric Mental Health nursing flashcards Reddit, Clinical Skills nursing review Reddit, Health Assessment in nursing study aids Reddit, TS-C Tech in Surgery-Certified EKG Interpretation for nurses Reddit, Nursing informatics practice questions Reddit, Property and Casualty exam, Nursing school exam strategies Reddit, Nursing care plans study guide Reddit, Critical care nursing exam questions Reddit, Nursing leadership exam prep Reddit, Community health nursing test questions Reddit, Gerontology nursing practice exam Reddit, Pay Someone to Take Your Online Class Reddit, Reddit Mymathlab Homework Answers, Pay Me to Do Your Homework Reviews Reddit, Reddit ᴡᴇ ᴄᴀɴ ʜᴇʟᴘ ʏᴏᴜ ᴡɪᴛʜ ᴀɴʏ ᴇxᴀᴍ ᴏʀ ᴘᴀᴘᴇʀ! ABA España exam Reddit, ABBE exam Reddit, Accessibility Professionals Association (APAC) exam Reddit, AGA exam Reddit, ALA - Association of Legal Administrators (CLM Exam) exam Reddit & Alabama Foundations of Reading exam Reddit, Alaska Foundations of Reading exam Reddit, Alaska Insurance exam Reddit, Alibaba Cloud Certification exam Reddit, Alliance for Physician Certification and Advancement (APCA) exam Reddit, Amazon Web Services (AWS) exam Reddit, American Board exam Reddit, American Board of Dermatology (ABD) exam Reddit, American Board of Foot and Ankle Surgery (ABFAS) exam Reddit, American Board of Internal Medicine (ABIM) exam Reddit, American Board of Podiatric Medicine (ABPM) exam Reddit, American Board of Venous & Lymphatic Medicine (ABVLM) exam Reddit, American College of Financial Services exam Reddit, American College of Sports Medicine (ACSM) exam Reddit, American Health Information Management Association (AHIMA) exam Reddit, American Medical Informatics Association (AMIA) exam Reddit, American Medical Technologists (AMT) exam Reddit, American Registry for Diagnostic Medical Sonography (ARDMS) exam Reddit, American Registry of Radiologic Technologists (ARRT) exam Reddit, Sonography Principles and Instrumentation, American Society of Military Comptrollers (ASMC) exam Reddit, AO Spine exam Reddit, APICS exam Reddit, Apple exam Reddit, Appraisal Institute exam Reddit, Arcitura Education Inc. exam Reddit, Arizona Educator Proficiency Assessments (AEPA) exam Reddit, Arkansas Foundations of Reading exam Reddit, Asian Institute of Chartered Bankers (AICB) exam Reddit, Association for Talent Development (ATD) exam Reddit, Association of Certified Anti-Money Laundering Specialists LLC (ACAMS) exam Reddit, Association of Destination Management Executives International (ADMEI) exam Reddit, Australian Pharmacy Council (APC) exam Reddit, Autodesk Certification Program exam Reddit, Avaya Inc. exam Reddit, AVIXA exam Reddit, Axis Certification Program exam Reddit, Basic Ability Exam Reddit, BICSI ICT Certification Institute exam Reddit, Blue Prism exam Reddit, Board of Canadian Registered Safety Professionals (BCRSP - CCPSA) exam Reddit, BOMI International exam Reddit, Bradley University exam Reddit, Brightest exam Reddit, British Heart Rhythm Society (BHRS) exam Reddit, British Society of Echocardiography exam Reddit, Certified Analytics Professional, Broadcom Software (formerly known as Symantec) exam Reddit, SHRM CP, Business Architecture Guild exam Reddit, C++ Institute exam Reddit, CAA Global exam Reddit, CAIA Association exam Reddit, California Basic Educational Skills Test (CBEST) exam Reddit, ARMRIT exam, ARMRIT examplify, ARMRIT MRI Exam IIA, California Preliminary Administrative Credential Examination (CPACE) exam Reddit, California Subject Examinations for Teachers (CSET) exam Reddit, California Teacher of English Learners (CTEL) exam Reddit, ProctorFree, California Water Environment Association (CWEA) exam Reddit, Canadian Society for Exercise Physiology (CSEP | SCPE) exam Reddit, Career Qualified in Banking (FINSIA) exam Reddit, Center for Credentialing & Education (CCE) exam Reddit, Certification Examinations for Oklahoma Educators (CEOE) exam Reddit, Certified Counter-Insider Threat Professional (CCITP) Program exam Reddit, Certified Fund Raising Executive (CFRE) exam Reddit, Certified Medical Publication Professional (CMPP) exam Reddit, Certified Mission Critical Operator (CMCO) exam Reddit, Certified Mission Critical Professional (CMCP) exam Reddit, CertNexus exam Reddit , CFA UK exam Reddit, Chartered Banker Institute (CBI) exam Reddit, Chartered Institute of Credit Management (CICM) exam Reddit, PMHNP test, ANCC PMHNP exam, PMHNP certification, Chartered Institute of Loss Adjusters (CILA) exam Reddit, Check Point Software Technologies exam Reddit, Chicago Police Department (CPD) exam Reddit, Cisco Systems exam Reddit, CITB exam Reddit, Certified Medical Surgical Registered Nurse exam, CITB eLearning exam Reddit, Citrix exam Reddit, CRCST exam questions, IAHCSMM exam, Claris International exam Reddit, Colorado Insurance exam Reddit, Commercial Real Estate Certification Institute (CRECI) exam Reddit, Commission for Case Manager Certification (CCMC) exam Reddit, Commission on Rehabilitation Counselor Certification (CRCC) exam Reddit, CompTIA exam Reddit, Connecticut Insurance exam Reddit, Leed Green Associate Exam, Connecticut Teacher Certification Examinations exam Reddit, Consortium for School Networking (CoSN) exam Reddit, Counselor Preparation Comprehensive Examination (CPCE) exam Reddit, CPA Australia exam Reddit, CPS HR Consulting (CPS HR) exam Reddit, CrowdStrike exam Reddit, CWNP exam Reddit, CyberArk exam Reddit, Data Recognition Corp. (DRC) exam Reddit, Data Security Council of India (DSCI) exam Reddit, DEC Institute exam Reddit, Defense Acquisition University (DAU) exam Reddit, Dell Technologies exam Reddit, Dental Assisting National Board (DANB) exam Reddit, Dental Core Training (DCT) exam Reddit, Dental Foundation Training (DFT) exam Reddit, DevOps Artisan By BITTNET exam Reddit, Digital Marketing Institute (DMI) exam Reddit, Ericsson exam Reddit, Esri exam Reddit, European Board of Orthopaedics and Traumatology (EBOT) exam Reddit, Mature driver course, European Board of Urology (EBU) exam Reddit, European Society of Paediatric and Neonatal Intensive Care (ESPNIC) exam Reddit, Federal Acquisition Institute (FAI) exam Reddit, Finacle Certifications exam Reddit, Fire Rescue Victoria exam Reddit, FIRST FINANCE INSTITUTE exam Reddit, TOEFL iBT, Fitch Learning exam Reddit, Foreign Service Officer Test (FSOT) exam Reddit, Foreign Service Specialist Appointment Selection (FSSAS) exam Reddit, ForgeRock exam Reddit, YuJa verity exam, Fortinet exam Reddit, Foundation Pharmacist Recruitment exam Reddit, Georgia Insurance exam Reddit, GMAC Assessments exam Reddit, TOEIC, Government Finance Officers Association (GFOA) exam Reddit, NBDHE exam, Hawaii Insurance exam Reddit, HCL Software Academy exam Reddit, Healthcare Information and Management Systems Society (HIMSS) exam Reddit, Hewlett Packard Enterprise (HPE) exam Reddit, HRCI exam Reddit, HumRRO exam Reddit, IBM exam Reddit, ICAEW exam Reddit, Idaho Department of Insurance exam Reddit, IFRS Foundation – Fundamentals of Sustainability Accounting Credential exam Reddit, IFSE Institute exam Reddit, Illinois Department of Insurance exam Reddit, Indian Testing Board (ITB) exam Reddit, Indiana Department of Insurance (IDOI) exam Reddit, Information Governance Professional (IGP) exam Reddit, Institute for Divorce Financial Analysts (IDFA) exam Reddit, Institute for Supply Management® (ISM®) exam Reddit, Mac Secure Browser, Institute of Certified Public Accountants (ICPA) exam Reddit, Institute Of Chartered Tax Practitioners India (ICTPI) exam Reddit, Institute of Internal Auditors (IIA) exam Reddit, Institute of Risk Management (IRM) exam Reddit, Institute of Solomon Islands Accountants (ISIA) exam Reddit, Intel exam Reddit, Intelligence Fundamentals Professional Certification (IFPC) exam Reddit, Interactive Advertising Bureau (IAB) exam Reddit, International Association of Privacy Professionals (IAPP) exam Reddit, International Coaching Federation (ICF) exam Reddit, International Data Protection Association (IDPA) exam Reddit, International Society of Arboriculture (ISA) exam Reddit, Intuit Certifications exam Reddit, Iowa Insurance exam Reddit, IRATA International exam Reddit, iSQI exam Reddit, IT Specialist exam Reddit, JS Institute exam Reddit, Juniper Networks Certification Program (JNCP) exam Reddit, Kansas Insurance exam Reddit, help with exemplify, exemplify exam, exemplify bypass, exemplify hacks, take my exemplify exam, take my proctored exam, kintone Certification Program exam Reddit, Lenovo Certification Program exam Reddit, Linux Professional Institute (LPI) exam Reddit, Maine Insurance exam Reddit, Massachusetts Tests for Educator Licensure (MTEL) exam Reddit, Meta Certification exam Reddit, Metacred, Inc. exam Reddit, Microsoft exam Reddit, Minnesota Teacher Licensure Examinations (MTLE) exam Reddit, Mississippi Foundations of Reading exam Reddit, Mississippi Insurance exam Reddit, Missouri Educator Gateway Assessments exam Reddit, Missouri Insurance exam Reddit, Montana Insurance exam Reddit, ATI Exams, Narsee Monjee Institute of Management Studies (NMIMS) exam Reddit , National Association of Boards of Pharmacy (NABP) exam Reddit, National Association of Corporate Directors (NACD) exam Reddit, National Board for Certified Counselors (NBCC) exam Reddit, National Board of Certification and Recertification for Nurse Anesthetists (NBCRNA) exam Reddit, National Council for Therapeutic Recreation Certification (NCTRC) exam Reddit, National Court Reporters Association (NCRA) exam Reddit, National Evaluation Series exam Reddit, National Recruitment Office (Specialty Training) exam Reddit, National Registry of Emergency Medical Technicians exam Reddit, National Strength and Conditioning Association (NSCA) exam Reddit, NCP (ECCHO) exam Reddit, Neptune Software exam Reddit, NetApp exam Reddit, Netskope exam Reddit, Nevada Insurance exam Reddit, Nevada Real Estate Division exam Reddit, New Hampshire Foundations of Reading exam Reddit, NICET exam Reddit, Nokia exam Reddit, North Carolina Foundations of Reading exam Reddit, O.P. Jindal Global University (JGU) exam Reddit, Object Management Group (OMG) exam Reddit, Ohio Assessments for Educators (OAE) exam Reddit, Oklahoma Real Estate Commission exam Reddit, Open Education and Development Group (OpenEDG) exam Reddit, Tabe test, Oracle exam Reddit, Oregon Educator Licensure Assessments (ORELA) exam Reddit, Palo Alto Networks, Inc. exam Reddit, APEA predictor exam, APEA 3 P test, APEA exit exam, PayrollOrg (formerly American Payroll Association APA) exam Reddit, Secure Exam Browser, PCI Security Standards Council (PCI SSC) exam Reddit, Pearson English International Certificate exam Reddit, Pegasystems exam Reddit, Pennsylvania Educator Certification Tests (PECT) exam Reddit, AACN, Pennsylvania Notary exam Reddit, Pennsylvania Real Estate Commission exam Reddit, Pharmacy Technician Certification Board (PTCB) exam Reddit, Ping Identity exam Reddit, PMI - Project Management Institute exam Reddit, PRMIA exam Reddit, Secure Exam Proctor, Professional Testing (PTI) exam Reddit, PTC Education - ATC exam Reddit, Public Health National Recruitment (PHNRO) exam Reddit, Python Institute exam Reddit, Qlik exam Reddit, Queensland Fire and Emergency Services (QFES) exam Reddit, Reading Instruction Competence Assessment (RICA) exam Reddit, Rhode Island Foundations of Reading exam Reddit, Rhode Island Insurance exam Reddit, Physical Medicine & Rehabilitation, Physical Therapy & Athletic Training, Physics & Astronomy, Physiology, Political Science, Population Health Sciences, Psychiatry, Psychology, Radiation Oncology, Radiology, Social Work, Sociology, Special Education, Surgery, Theatre, Undergraduate Studies, World Languages & Cultures, Writing and Rhetoric Studies, Trocaire college, Upper Iowa University, University of the People exams, Indiana University, Griffith University, APMG International, Georgia Southwestern State University, Metropolitan State University of Denver, University of Connecticut, University of Delaware, University of Illinois, Loyola Marymount University, University at Buffalo School of Law, University of the Pacific McGeorge School of Law, Pepperdine University School of Law, University of South Carolina School of Law, University of Arizona College of Nursing, On Demand Assessment, Rhode Island Real Estate exam Reddit, ANCC, AANP, PCCN exam, CCNA, CCRN exam, RIMS-CRMP-FED Certified Risk Management Professional for Federal Government exam Reddit, Royal College of Emergency Medicine (RCEM) exam Reddit, Royal College of Psychiatrists (RCPsych) exam Reddit, SAS exam Reddit, SafeCheck exam, Shiv Nadar University (SNU-SAT) exam Reddit, Simpro exam Reddit, Snowflake exam Reddit, Society of Quality Assurance (SQA) exam Reddit, Society of Wine Educators exam Reddit, Software Certifications (Administered by QAI) exam Reddit, South Carolina Insurance exam Reddit, South Dakota Insurance exam Reddit, Splunk exam Reddit, Tableau exam Reddit, Tanium Career Certifications exam Reddit, Tennessee Insurance exam Reddit, Teradata exam Reddit, PCCN adult exam, Progressive Care Nursing Certification, The Chartered Institute of Management Accountants® (CIMA®) exam Reddit, The Institute of Asset Management (IAM) exam Reddit, ACCNS-AG - Adult Gerontology CNS Exam, ACCNS- N Neonatal CNS Examination , ACCNS-P Pediatric CNS Exam, Exam4, The London Institute of Banking & Finance exam Reddit, The Open Group exam Reddit, TIC Council (formerly known as IFIA) exam Reddit, UCAT exam Reddit, UCAT ANZ exam Reddit, UiPath Certified Professional program exam Reddit, UK Foundation Programme (UKFP) exam Reddit, Unity Certification exam Reddit, Utah Foundations of Reading exam Reddit, Veeam exam Reddit, Virginia Communication and Literacy Assessment (VCLA) exam Reddit, Visa University exam Reddit, VMware exam Reddit, Washington Educator Skills Tests (WEST) exam Reddit, West Virginia Real Estate Commission exam Reddit, Wisconsin Department of Agriculture, Trade & Consumer Protection exam Reddit, World Institute for Nuclear Security (WINS) exam Reddit, Wyoming Insurance exam Reddit, Wyoming Real Estate exam Reddit Subjects: Accounting, Aerospace Studies, Anesthesiology, Anthropology, Architecture, Art & Art History, Asian Studies, Atmospheric Sciences, Biochemistry, Biomedical Engineering, Biology, Biomedical Informatics, Chemical Engineering, Chemistry, City & Metropolitan Planning, Civil & Environmental Engineering, Communication, Communication Sciences & Disorders, Computing, Continuing Education, Dance, Dental Education, Dermatology, Economics, Education, Culture & Society, Educational Leadership & Policy, Educational Psychology, Electrical & Computer Engineering, English, Entrepreneurship & Strategy, Environmental Engineering, Exercise & Sport Science, Family & Consumer Studies, Family & Preventive Medicine, Film & Media Arts, Finance, Geography, Geology & Geophysics, Health, Kinesiology & Recreation, History, Human Genetics, Internal Medicine, International Studies, Latin American Studies, Law, Linguistics, Management, Marketing, Materials Science & Engineering, Mathematics, Mechanical Engineering, Medical Laboratory Sciences, Medicinal Chemistry, Metallurgical Engineering, Military Science, Mining Engineering, Molecular Pharmaceutics, Multi-disciplinary Design, Music, Naval Science, Neurobiology & Anatomy , Neurology, Neurosurgery, Nursing, Nutrition and Integrative Physiology, Integrity Advocate, Obstetrics & Gynecology, Occupational and Recreational Therapies, Oncological Sciences, Operations & Information Systems, Ophthalmology, Orthopaedics, Parks, Recreation & Tourism, Pathology, Pediatrics, Pharmacology & Toxicology, Pharmacotherapy, Pharmacy Services, Philosophy, Math Exam Help, Calculus Exam Help, Physics Exam Help, Law Exam Help, Biology Exam Help, Chemistry Exam Help, Psychology Exam Help, Physiology Exam Help, Anatomy Exam Help, Engineering Exam Help, Nursing Exam Help, History Exam Help, Dissertation Exam Help, Nursing Exam Help, Pharmacology Exam Help, Physiology Exam Help, Ophthalmology Exam Help, Pediatric & Child Health Exam Help, Pathology Exam Help, Obstetrics Exam Help, Gynecology Exam Help, Anesthesia Exam Help, Urology Exam Help, Radiology Exam Help, Oncology Exam Help, Nephrology Exam Help, Critical Care Exam Help, Agriculture Exam Help, Physics Lab Report Exam Help, Precalculus Exam Help, Writer Exam Help, History Essay Exam Help, Pay Thesis Help Exam Help, Researching Exam Help, Psychology Writer Exam Help, Economics Exam Help, Finance Exam Help, Accounting Exam Help, Law Exam Help, Sociology Exam Help, Nursing Exam Help, Biology Exam Help, Calculus Exam Help, Statistics Exam Help, Algebra Exam Help, Trigonometry Exam Help, UK Exam Help, USA Exam Help, Australia Exam Help, Canada Exam Help, UAE Exam Help, Students Exam Help, Pre Calculus Exam Help, Geometry Exam Help, Arithmetic Exam Help, Differential Equations Exam Help, Discrete Math Exam Help, Linear Algebra Exam Help, Mathematical Analysis Exam Help, Number Theory Exam Help, Probability Exam Help, Math Homework Help, Online Math Tutoring, Differential Calculus Exam Help, Integral Calculus Exam Help, Vector Calculus Exam Help, Multivariable Calculus Exam Help, Calculus Homework Help, Calculus Tutoring Online, Mechanics Exam Help, Electromagnetism Exam Help, Thermodynamics Exam Help, Quantum Physics Exam Help, Relativity Exam Help, Physics Lab Report Help, Physics Homework Help, Online Physics Tutoring, Constitutional Law Exam Help, Contract Law Exam Help, Criminal Law Exam Help, Property Law Exam Help, Tort Law Exam Help, Family Law Exam Help, Corporate Law Exam Help, International Law Exam Help, Environmental Policy Exam Help, Climate Change Exam Help, Sustainability Exam Help, Environmental Economics Exam Help, Renewable Energy Exam Help, Statistics Exam Help: Descriptive Statistics Exam Help, Inferential Statistics Exam Help, Education Levels Exam Help: Elementary Exam Help, Middle School Exam Help, Analytics Exam Help, Conversion Rate Optimization Exam Help, User Experience Exam Help, Brand Management Exam Help, Financial Analysis Exam Help, Operations Research Exam Help, Supply Chain Management Exam Help, Market Research Exam Help, Competitive Analysis Exam Help, Data-Driven Decision Making Exam Help, Business Intelligence Exam Help, Predictive Modeling Exam Help, Statistical Process Control Exam Help, Quality Management Exam Help, Healthcare Policy Exam Help, Healthcare Administration Exam Help, Medical Billing Exam Help, Medical Coding Exam Help, Health Information Management Exam Help, Clinical Research Exam Help, Public Health Exam Help, Health Education Exam Help, Healthcare Marketing Exam Help, Medical Ethics Exam Help, Sustainability Exam Help, Environmental Policy Exam Help, Climate Change Exam Help, Renewable Energy Exam Help, Waste Management Exam Help, Water Conservation Exam Help, Air Quality Management Exam Help, Environmental Economics Exam Help, Green Technology Exam Help, Ecological Conservation Exam Help, TypeScript Exam Help, Rust Exam Help, Scala Exam Help, Haskell Exam Help, MATLAB Exam Help, R Exam Help, Visual Basic Exam Help, Perl Exam Help, Assembly Language Exam Help, SQL Exam Help, Big Data Exam Help, Data Governance Exam Help, Data Quality Exam Help, Data Architecture Exam Help, Business Analytics Exam Help, Data Storytelling Exam Help, Data Visualization Tools Exam Help, Statistical Modeling Exam Help, Text Mining Exam Help, Predictive Maintenance Exam Help, Application Security Exam Help, Cloud Computing Security Exam Help, Cyber Forensics Exam Help, Disaster Recovery Exam Help, Encryption Exam Help, Firewalls Exam Help, Identity Theft Exam Help, Malware Analysis Exam Help, Network Architecture Exam Help, Penetration Testing Tools Exam Help, Affiliate Marketing Exam Help, Content Strategy Exam Help, Digital Analytics Exam Help, Email Marketing Automation Exam Help, Influencer Marketing Exam Help, Marketing Automation Exam Help, Mobile App Marketing Exam Help, Search Engine Marketing Exam Help, Social Media Advertising Exam Help, Video Marketing Exam Help, Business Intelligence Tools Exam Help, Data-Driven Decision Making Exam Help, Financial Modeling Exam Help, Forecasting Exam Help, Market Analysis Exam Help, Operations Research Methods Exam Help, Predictive Analytics Software Exam Help, Risk Management Exam Help, Statistical Process Control Exam Help, Supply Chain Optimization Exam Help, Clinical Trials Management Exam Help, Healthcare Information Systems Exam Help, Health Informatics Exam Help, Medical Imaging Exam Help, Medical Records Management Exam Help, Healthcare Policy Analysis Exam Help, Public Health Policy Exam Help, Healthcare Quality Improvement Exam Help, Medical Ethics Exam Help, Healthcare Leadership Exam Help, Climate Change Mitigation Exam Help, Environmental Consulting Exam Help, Green Building Exam Help, Renewable Energy Systems Exam Help, Sustainable Agriculture Exam Help, Waste Reduction Exam Help, Water Conservation Methods Exam Help, Air Pollution Control Exam Help, Environmental Policy Analysis Exam Help, Ecological Restoration Exam Help, Environmental Management Exam Help, Healthcare Management Exam Help, Business Analytics Exam Help, Digital Marketing Exam Help, Cyber Security Exam Help, Data Science Exam Help, Programming Languages Exam Help, Environmental Management Exam Help, Healthcare Management Exam Help, Business Analytics Exam Help, Artificial Intelligence Exam Help, Computer Vision Exam Help, Natural Language Processing Exam Help, Robotics Exam Help, Blockchain Exam Help, Cryptocurrency Exam Help, Cybersecurity Framework Exam Help, Digital Forensics Exam Help, Electronic Commerce Exam Help, Enterprise Resource Planning Exam Help, Financial Technology Exam Help, Geographic Information Systems Exam Help, Human-Computer Interaction Exam Help, Information Systems Management Exam Help, Internet of Things Exam Help, Mobile Computing Exam Help, Network Administration Exam Help, Operating Systems Exam Help, Software Engineering Exam Help, Web Development Exam Help, Audio Engineering Exam Help, Video Production Exam Help, Animation Exam Help, Game Development Exam Help, Virtual Reality Exam Help, Augmented Reality Exam Help, Digital Media Exam Help, E-Learning Exam Help, Educational Technology Exam Help, Instructional Design Exam Help, Learning Management Systems Exam Help, Online Course Creation Exam Help, Special Education Exam Help, Teacher Education Exam Help, Agricultural Engineering Exam Help, Biomedical Engineering Exam Help, Chemical Engineering Exam Help, Civil Engineering Exam Help, Electrical Engineering Exam Help, Environmental Engineering Exam Help,  Robotics Engineering Exam Help, Autonomous Systems Exam Help, Computer Vision Exam Help, Natural Language Processing Exam Help, Speech Recognition Exam Help, Machine Translation Exam Help, Data Mining Exam Help, Predictive Analytics Exam Help, Business Intelligence Exam Help, Data Warehousing Exam Help, ETL Exam Help, Data Governance Exam Help, Data Quality Exam Help, Master Data Management Exam Help, assignment helpers, economics homework help, homework helper websites, math homework helper, assignment helper online, online homework helper, take my exam for me, statistics homework help, accounting homework help, top homework helper, homework help sites, research paper helper, take my proctored exam for me, take my online exam for me, programming assignment helper, finance assignment helper, english homework helper, my assignment helper, best assignment helper, take my teas exam for me, accounting assignment helper, cheap assignment helper, assignment homework help, statistics assignment helper, best website for homework help, math sat help, my homework helpers, math ged help, homework help for science, accounting exam help, math test takers, online exam helpers, matlab homework help, online exam helper, take my math test for me, assignment helper price, math test takers for hire, take my statistics exam for me, take my online exam for me reddit, take my online test for me, law homework help, math exam help, write my exam for me, geography homework help, do my exam for me reddit, cheap homework help, take my proctored exam for me reddit, asvab math help, math test help, gre math help, best homework help, online test helper, online statistics homework help, take my final exam for me, math exam helper, best statistics homework help, take my online quiz for me, isc help class 12 maths, math test helper, statistics homework help free, pay someone to take gre for me, university assignment helper, take my teas test for me, help me with my exam, homework help service, law assignment helper, accounting homework help online, take my nursing exam for me, math exam taker, take my accounting exam for me, computer science assignment helper, take my statistics exam for me reddit, english assignment helper, economics assignment helper, take my math exam for me, take my gre for me, economics homework help online, sit my exam for me, math assignment helper, coding assignment helper, take my statistics test for me, cpa exam help, take my online proctored exam for me, expert homework help, pay someone to take my exam for me, take my organic chemistry exam for me, take my calculus exam for me, cheapest assignment helper, a4u assignment helper, mba assignment helper, take my physics exam for me reddit, best online homework help, best computer science homework help, urgent homework help, online accounting exam help, computer science homework helpers, essay homework help online, c++ assignment helper, matlab assignment helper, last minute homework help, take my online class, do my online class, online class help, take my online class for me, pay someone to do my online class, take my online course, online class takers, pay someone to take my online class, pay someone to take my online exam, take my class, take my class for me, take my online exam, pay for grades in my online class, do my online class for me, online course help, do my class for me, hire someone to take my online exam, do my online course, take my course for me, do my course for me, take your online classes, boostmygrades, class taker online, pay someone to do my online class reddit, take my online course for me, do my online exam for me, finish my math class, do my online course for me, pay to take my online class, paying someone to take online class, pay someone to take my class, do my class online, do my class online for me, online tutoring algebra 2, take my online class reviews, pay someone to take my online class reddit, help online courses, take my online class for me reviews, pay someone to do my online math class, paying someone to take online class reddit, take my online class for me reddit, pay someone to do my class, ace my online classes, self improvement online courses, pay someone to do my online exam, can i take online classes on my phone, self help online courses, pay someone to take my online course, can someone take my online class for me, pay to do my online class, help with my online class, someone to take my online class, pay to take online class, pay someone to take my online class reviews, pay someone to take your online class, pay someone to do your online class, can i pay someone to do my online class, hire someone to do my online class, online course takers, take my online class for me cost, pay someone to take a class for you, online class help reddit, pay someone to do my online course, algebra 2 tutor online free, course help websites, pay someone to do edgenuity, pay someone to take online class for me reddit, complete my online class for me, course takers online, best online class takers, pay someone to do my edgenuity, pay someone to complete online class, i need someone to take my online class, ace my online classes, reviews, great online class help, can i do online classes on my phone, online class helpers, can you pay someone to take your online class, do my online class now, hire someone to take online class, i will take your class, need someone to take my online class, pay someone to do my course, my assignment helper, best assignment helper, take my teas exam for me, accounting assignment helper, cheap assignment helper, assignment homework help, statistics assignment helper, best website for homework help, math sat help, my homework helpers, math ged help, homework help for science, accounting exam help, math test takers, online exam helpers, matlab homework help, online exam helper, take my math test for me, assignment helper price, math test takers for hire, take my statistics exam for me, take my online exam for me reddit, take my online test for me, law homework help, math exam help, write my exam for me, geography homework help, geography homework help, do my exam for me reddit, cheap homework help, take my proctored exam for me reddit, asvab math help, math test help, gre math help, best homework help, online test helper, online statistics homework help, take my final exam for me, math exam helper, best statistics homework help, take my online quiz for me, isc help class 12 maths, math test helper, statistics homework help free, pay someone to take gre for me, university assignment helper, take my teas test for me, help me with my exam, homework help service, law assignment helper, accounting homework help online, take my nursing exam for me, math exam taker, take my accounting exam for me, computer science assignment helper, take my statistics exam for me reddit, english assignment helper, economics assignment helper, take my math exam for me, take my gre for me, economics homework help online, sit my exam for me, math assignment helper, coding assignment helper, take my statistics test for me, cpa exam help, take my online proctored exam for me, expert homework help, pay someone to take my exam for me, take my organic chemistry exam for me, take my calculus exam for me, cheapest assignment helper, a4u assignment helper, mba assignment helper, take my physics exam for me reddit, best online homework help, best computer science homework help, urgent homework help, online accounting exam help, c++ assignment helper, computer science homework helpers, essay homework help online, matlab assignment helper, last minute homework help, top homework helper, finance assignment helper, best assignment helper, accounting assignment helper, statistics assignment helper, assignment helper price, university assignment helper, law assignment helper, computer science assignment helper, homework helpers, test takers, assignment helper, exam taker, economics homework help, homework helper websites, math homework helper, assignment helper online, link it test taker, online homework helper, online math helpers, homework doers, statistics homework help, accounting homework help, java homework help, geometry homework help, homework help sites, research paper helper, algebra homework help, math homework doer, hiset for test takers, bad test taker, online test takers, homework helpers discord, programming assignment helper, online exam taker, english homework helper, my assignment helper, cheap assignment helper, homework helpers program, java assignment helper, assignment homework help, discord homework helpers, gre taker, best website for homework help, homework helpers of long valley, my homework helpers, homework helpers physics, homework help for science, homework helpers biology, online exam helpers, help me with my exam, matlab homework help, online exam helper, aoc homework helpers, homework doer free, pearson vue test taker, gre test takers, toefl test takers, ets for test takers, classmarker test taker, ets test takers, law homework help,homeworkhelpers, geography homework help, cheap homework help, the test taker, eureka math homework helpers, gmat test takers for hire, homework helpers aoc, toefl for test takers, elite homework doers, best homework help, online test helper, online statistics homework help, professional test takers, test takers great neck, best statistics homework help, help me pass my exam, pearson vue for test takers, gre for test takers, pearson test taker, prometric test takers, good test taker, matlab project helper, exam takers online, homework help live chat, english assignment helper, test takers price, snap test takers Reddit!!",autonomous surgery,Supportive of autonomous surgery,0.27575764060020447,0,https://reddit.com/r/Studentcorner/comments/1mz2pxs/need_help_with_a_proctored_exam_i_can_help_i_have/
comment,nag82pv,1mz2pxs,Studentcorner,AutoModerator,1756058599.0,1,"Thank you for posting in our subreddit. If you are unable to pass your online exams, quizzes, tests, or handle homework assignments or full course online, get paid help from Online Helpers at Hiraedu!

Contact Details for Hiraedu Helper:

WhatsApp: +12136359834

WhatsApp: +14432049781

Call: +12136359834

Signal: +16124914941

Call: +17273080530

Website: [hiraedu.com](http://hiraedu.com)

Email: info@hiraedu.com

Discord ID: HiraEdu#4788

Telegram Username: Hiraedu

*I am a bot, and this action was performed automatically. Please [contact the moderators of this subreddit](/message/compose/?to=/r/Studentcorner) if you have any questions or concerns.*",autonomous surgery,Cautious or mixed about autonomous surgery,0.3033793568611145,1,https://reddit.com/r/Studentcorner/comments/1mz2pxs/need_help_with_a_proctored_exam_i_can_help_i_have/nag82pv/
comment,nahrz9o,1mz2pxs,Studentcorner,deleted,1756076687.0,2,[removed],autonomous surgery,Cautious or mixed about autonomous surgery,0.3730466067790985,1,https://reddit.com/r/Studentcorner/comments/1mz2pxs/need_help_with_a_proctored_exam_i_can_help_i_have/nahrz9o/
comment,njyjfgg,nahrz9o,Studentcorner,Proctored_Expert,1760703086.0,1,That is not allowedd.,autonomous surgery,Cautious or mixed about autonomous surgery,0.4339756965637207,2,https://reddit.com/r/Studentcorner/comments/1mz2pxs/need_help_with_a_proctored_exam_i_can_help_i_have/njyjfgg/
comment,nag9fn2,1mz2pxs,Studentcorner,Live_Caramel8101,1756059016.0,1,"My ID was rejected during the verification process, what do I do?",autonomous surgery,Cautious or mixed about autonomous surgery,0.43718600273132324,1,https://reddit.com/r/Studentcorner/comments/1mz2pxs/need_help_with_a_proctored_exam_i_can_help_i_have/nag9fn2/
comment,njyjt5m,nag9fn2,Studentcorner,Proctored_Expert,1760703235.0,1,"Your ID Rejection could fall in a lot of reasons.

1. Expired  
2. Not Official requuired ID  
3. Informataion on ID is not viisible  
3. Name on ID is not  the same with registered name for exams",autonomous surgery,Cautious or mixed about autonomous surgery,0.48041602969169617,2,https://reddit.com/r/Studentcorner/comments/1mz2pxs/need_help_with_a_proctored_exam_i_can_help_i_have/njyjt5m/
comment,nk86kl0,njyjt5m,Studentcorner,Live_Caramel8101,1760832576.0,1,thanks for it..,autonomous surgery,Supportive of autonomous surgery,0.40815022587776184,3,https://reddit.com/r/Studentcorner/comments/1mz2pxs/need_help_with_a_proctored_exam_i_can_help_i_have/nk86kl0/
comment,nagek53,1mz2pxs,Studentcorner,DeliciaBrumley,1756060606.0,1,Will a digital copy of my ID be accepted for verifications?,autonomous surgery,Cautious or mixed about autonomous surgery,0.5221452713012695,1,https://reddit.com/r/Studentcorner/comments/1mz2pxs/need_help_with_a_proctored_exam_i_can_help_i_have/nagek53/
comment,nagsd7d,1mz2pxs,Studentcorner,BenShalomBernanke2,1756064986.0,1,Can I show my passport instead of my driver’s license?,autonomous surgery,Cautious or mixed about autonomous surgery,0.4538072645664215,1,https://reddit.com/r/Studentcorner/comments/1mz2pxs/need_help_with_a_proctored_exam_i_can_help_i_have/nagsd7d/
post,1pzouzj,,interestingasfuck,,1767117439.0,12445,Robot hand autonomously assembling parts at faster-than-human speeds,autonomous surgery,Neutral or informational about autonomous surgery,0.4540795683860779,0,https://reddit.com/r/interestingasfuck/comments/1pzouzj/robot_hand_autonomously_assembling_parts_at/
comment,nwroned,1pzouzj,interestingasfuck,chaosin-a-teacup,1767117628.0,2530,New sex bot incoming! Bean flicker 9000!,autonomous surgery,Neutral or informational about autonomous surgery,0.4282067120075226,1,https://reddit.com/r/interestingasfuck/comments/1pzouzj/robot_hand_autonomously_assembling_parts_at/nwroned/
comment,nwroyep,nwroned,interestingasfuck,SquirrelMemoryFail,1767117712.0,549,Not to be confused with Clitbeater 9000 of yesteryear.,autonomous surgery,Cautious or mixed about autonomous surgery,0.5572053790092468,2,https://reddit.com/r/interestingasfuck/comments/1pzouzj/robot_hand_autonomously_assembling_parts_at/nwroyep/
comment,nwrp24u,nwroyep,interestingasfuck,chaosin-a-teacup,1767117741.0,105,It had a few unwanted kinks,autonomous surgery,Cautious or mixed about autonomous surgery,0.4437839984893799,3,https://reddit.com/r/interestingasfuck/comments/1pzouzj/robot_hand_autonomously_assembling_parts_at/nwrp24u/
comment,nwuwgdv,nwroyep,interestingasfuck,-BananaLollipop-,1767153911.0,2,Or the yet to come Clitflicker Pro 9001.,autonomous surgery,Cautious or mixed about autonomous surgery,0.3829113245010376,3,https://reddit.com/r/interestingasfuck/comments/1pzouzj/robot_hand_autonomously_assembling_parts_at/nwuwgdv/
comment,nwrtlkc,nwroned,interestingasfuck,DickyReadIt,1767118987.0,34,"And it can switch mode for the doods, the Dick Twist 2.0!",autonomous surgery,Supportive of autonomous surgery,0.3963927924633026,2,https://reddit.com/r/interestingasfuck/comments/1pzouzj/robot_hand_autonomously_assembling_parts_at/nwrtlkc/
comment,nws8znh,nwrtlkc,interestingasfuck,SnooPaintings5597,1767123303.0,25,The ooooooold dick twist!,autonomous surgery,Opposed to autonomous surgery,0.5415395498275757,3,https://reddit.com/r/interestingasfuck/comments/1pzouzj/robot_hand_autonomously_assembling_parts_at/nws8znh/
comment,nwsefj3,nwrtlkc,interestingasfuck,NeoSniper,1767124858.0,9,"In heavy Italian accent... just a littla'twist. Antonio, he don't minda.",autonomous surgery,Cautious or mixed about autonomous surgery,0.6181280612945557,3,https://reddit.com/r/interestingasfuck/comments/1pzouzj/robot_hand_autonomously_assembling_parts_at/nwsefj3/
comment,nwsbg94,nwroned,interestingasfuck,gfb13,1767124008.0,19,"It even simulates my thrust pacing 

Bam... bam... bam... BAMBAMBAMBAMBAMBAM",autonomous surgery,Opposed to autonomous surgery,0.3198559582233429,2,https://reddit.com/r/interestingasfuck/comments/1pzouzj/robot_hand_autonomously_assembling_parts_at/nwsbg94/
comment,nwskuhb,nwroned,interestingasfuck,zackks,1767126719.0,5,Needs better marketing:  Bean Blaster 9001,autonomous surgery,Neutral or informational about autonomous surgery,0.5502668619155884,2,https://reddit.com/r/interestingasfuck/comments/1pzouzj/robot_hand_autonomously_assembling_parts_at/nwskuhb/
comment,nwrqqcu,nwroned,interestingasfuck,NoIndependent9192,1767118202.0,10,Ouch.,autonomous surgery,Cautious or mixed about autonomous surgery,0.551777184009552,2,https://reddit.com/r/interestingasfuck/comments/1pzouzj/robot_hand_autonomously_assembling_parts_at/nwrqqcu/
comment,nwsycst,nwroned,interestingasfuck,OperationPimpSlap,1767130564.0,2,Bean Bruiser 9000,autonomous surgery,Neutral or informational about autonomous surgery,0.5076883435249329,2,https://reddit.com/r/interestingasfuck/comments/1pzouzj/robot_hand_autonomously_assembling_parts_at/nwsycst/
comment,nwszkpn,nwroned,interestingasfuck,Binji_the_dog,1767130912.0,2,"More like Bean Tearer Offer 9000.

It’s hard to imagine why anybody who has ever used a computer would want to let a sex robot touch their genitals.",autonomous surgery,Cautious or mixed about autonomous surgery,0.5689815878868103,2,https://reddit.com/r/interestingasfuck/comments/1pzouzj/robot_hand_autonomously_assembling_parts_at/nwszkpn/
comment,nwrptqs,1pzouzj,interestingasfuck,RippyMcBong,1767117953.0,5161,I feel like I could have done that way faster than the robot.,autonomous surgery,Cautious or mixed about autonomous surgery,0.466905802488327,1,https://reddit.com/r/interestingasfuck/comments/1pzouzj/robot_hand_autonomously_assembling_parts_at/nwrptqs/
comment,nws6id4,nwrptqs,interestingasfuck,TheLimeyLemmon,1767122586.0,5107,"Yeah but you couldn't have done it as a job without taking breaks or going home to sleep or taking vacation.

Fingerblast 5000's got you beat there.",autonomous surgery,Cautious or mixed about autonomous surgery,0.5174307227134705,2,https://reddit.com/r/interestingasfuck/comments/1pzouzj/robot_hand_autonomously_assembling_parts_at/nws6id4/
comment,nwsbwl9,nws6id4,interestingasfuck,BreadfruitOk6160,1767124138.0,687,Or fucking around with your buddies.,autonomous surgery,Neutral or informational about autonomous surgery,0.31933340430259705,3,https://reddit.com/r/interestingasfuck/comments/1pzouzj/robot_hand_autonomously_assembling_parts_at/nwsbwl9/
comment,nwsnoii,nws6id4,interestingasfuck,stovislove,1767127541.0,72,Very popular with the ladies,autonomous surgery,Supportive of autonomous surgery,0.44853273034095764,3,https://reddit.com/r/interestingasfuck/comments/1pzouzj/robot_hand_autonomously_assembling_parts_at/nwsnoii/
comment,nwsjd4a,nws6id4,interestingasfuck,Treyen,1767126293.0,72,"The fingerblast 5000 will need maintenance and debugging and can't work without electricity.  Granted,  we could just make more machines to do all that for us. Surely we aren't that dumb, though. Surely.",autonomous surgery,Cautious or mixed about autonomous surgery,0.5856583118438721,3,https://reddit.com/r/interestingasfuck/comments/1pzouzj/robot_hand_autonomously_assembling_parts_at/nwsjd4a/
comment,nwsprkp,nws6id4,interestingasfuck,Poat540,1767128139.0,10,"directions unclear... the robot has been taken home.

  
my johnson is now threaded",autonomous surgery,Cautious or mixed about autonomous surgery,0.5411656498908997,3,https://reddit.com/r/interestingasfuck/comments/1pzouzj/robot_hand_autonomously_assembling_parts_at/nwsprkp/
comment,nwsuhxk,nws6id4,interestingasfuck,SnooRabbits469,1767129480.0,2,"Or being down until the robot specialist shows up, or down for a software update that didn't completely install so you have to be on the phone with the manufacturers it department unplugging and plugging it back in for 4 hours.... not that I've experienced that or anything.",autonomous surgery,Cautious or mixed about autonomous surgery,0.5507813692092896,3,https://reddit.com/r/interestingasfuck/comments/1pzouzj/robot_hand_autonomously_assembling_parts_at/nwsuhxk/
comment,nws8fyi,nwrptqs,interestingasfuck,dpdxguy,1767123144.0,200,"Right? It's fast at tightening the nuts down (where a human would use a nut driver), but seems overall slower for the whole process. 

The robot's advantage isn't speed. It's the ability to work 24/7 without a break, and the fact that it will never expect anything from the factory owner, no matter what.",autonomous surgery,Cautious or mixed about autonomous surgery,0.47707441449165344,2,https://reddit.com/r/interestingasfuck/comments/1pzouzj/robot_hand_autonomously_assembling_parts_at/nws8fyi/
comment,nwtc5rb,nws8fyi,interestingasfuck,beanpoppa,1767134597.0,29,This is a programmed process where everything is in a well defined space. There's no indication of any AI here. What happens when something falls where it's not supposed to. What's the recovery process?,autonomous surgery,Neutral or informational about autonomous surgery,0.4659627377986908,3,https://reddit.com/r/interestingasfuck/comments/1pzouzj/robot_hand_autonomously_assembling_parts_at/nwtc5rb/
comment,nwt8xcf,nws8fyi,interestingasfuck,SuppaBunE,1767133605.0,9,"I mean if 3 humans working 8 hours each can do triple this , human are cheaper to replace.

If this only does the work of 1 person Ina. 24 lapse it's stupid",autonomous surgery,Cautious or mixed about autonomous surgery,0.46340250968933105,3,https://reddit.com/r/interestingasfuck/comments/1pzouzj/robot_hand_autonomously_assembling_parts_at/nwt8xcf/
comment,nwspo8y,nws8fyi,interestingasfuck,BrightOrganization9,1767128113.0,40,Its also worth noting that this is as slow and inefficient as robotics is ever going to be. This is the infancy (relatively speaking).,autonomous surgery,Cautious or mixed about autonomous surgery,0.48490777611732483,3,https://reddit.com/r/interestingasfuck/comments/1pzouzj/robot_hand_autonomously_assembling_parts_at/nwspo8y/
comment,nwrs14t,nwrptqs,interestingasfuck,OldManCodeMonkey,1767118558.0,191,John Henry lives!,autonomous surgery,Neutral or informational about autonomous surgery,0.4876798093318939,2,https://reddit.com/r/interestingasfuck/comments/1pzouzj/robot_hand_autonomously_assembling_parts_at/nwrs14t/
comment,nwrt8r2,nwrs14t,interestingasfuck,Dumptruckfunk,1767118889.0,36,Hmmm. Not according to the version I heard.,autonomous surgery,Cautious or mixed about autonomous surgery,0.39951831102371216,3,https://reddit.com/r/interestingasfuck/comments/1pzouzj/robot_hand_autonomously_assembling_parts_at/nwrt8r2/
comment,nwry4rj,nwrptqs,interestingasfuck,lazergator,1767120234.0,54,"For 8-12 hours with no breaks? What about 24 hours a day for a year straight? Sure humans may do it faster but robots don’t need state mandated breaks, food, poop, they don’t call out sick. We can’t win.",autonomous surgery,Cautious or mixed about autonomous surgery,0.5337746143341064,2,https://reddit.com/r/interestingasfuck/comments/1pzouzj/robot_hand_autonomously_assembling_parts_at/nwry4rj/
comment,nws4xdu,nwry4rj,interestingasfuck,youraveragereviewer,1767122134.0,26,"You underestimate how many humans were involved in the process of making, programming and testing that single robotic arm.
Of course in the long run that robotic arm can do it faster than any human, but the cost of making that single robotic arm work is so high that it's only worth for mass production.

We'll probably survive as premium skilled builders vs robots taking the mass production",autonomous surgery,Cautious or mixed about autonomous surgery,0.46737319231033325,3,https://reddit.com/r/interestingasfuck/comments/1pzouzj/robot_hand_autonomously_assembling_parts_at/nws4xdu/
comment,nwrwax1,nwrptqs,interestingasfuck,waltur_d,1767119734.0,19,1 sure.  What about 50000?,autonomous surgery,Neutral or informational about autonomous surgery,0.42905670404434204,2,https://reddit.com/r/interestingasfuck/comments/1pzouzj/robot_hand_autonomously_assembling_parts_at/nwrwax1/
comment,nwrzz92,nwrwax1,interestingasfuck,tryingtoappearnormal,1767120739.0,20,"I dunno, I think it would fail spectacularly at the first rounded off bolt or dropped part",autonomous surgery,Cautious or mixed about autonomous surgery,0.5795931220054626,3,https://reddit.com/r/interestingasfuck/comments/1pzouzj/robot_hand_autonomously_assembling_parts_at/nwrzz92/
comment,nwsjqpj,nwrptqs,interestingasfuck,Ok_Dog_4059,1767126402.0,6,"Agreed, ""faster than human speed"" is really a bad title for this. It is impressive but really slow.",autonomous surgery,Neutral or informational about autonomous surgery,0.48088011145591736,2,https://reddit.com/r/interestingasfuck/comments/1pzouzj/robot_hand_autonomously_assembling_parts_at/nwsjqpj/
comment,nwskicw,nwrptqs,interestingasfuck,Substantial-Quit-151,1767126622.0,2,"I was thinking the same thing.  Having done assembly work, doesn't look that fast at all...  

Also is the robot going to restage the parts for assembly?",autonomous surgery,Cautious or mixed about autonomous surgery,0.6244316101074219,2,https://reddit.com/r/interestingasfuck/comments/1pzouzj/robot_hand_autonomously_assembling_parts_at/nwskicw/
comment,nwroo0l,1pzouzj,interestingasfuck,Just-A-Snowfox,1767117633.0,1190,Dont think about it,autonomous surgery,Neutral or informational about autonomous surgery,0.41153305768966675,1,https://reddit.com/r/interestingasfuck/comments/1pzouzj/robot_hand_autonomously_assembling_parts_at/nwroo0l/
comment,nwrqssv,nwroo0l,interestingasfuck,Soggy_Translator8388,1767118221.0,222,Don't do it Howard Wolowitz,autonomous surgery,Cautious or mixed about autonomous surgery,0.3896366059780121,2,https://reddit.com/r/interestingasfuck/comments/1pzouzj/robot_hand_autonomously_assembling_parts_at/nwrqssv/
comment,nwrwep9,nwrqssv,interestingasfuck,Odd-Possibility-7435,1767119762.0,57,Dude it was an accident! He slipped and fell,autonomous surgery,Cautious or mixed about autonomous surgery,0.49539366364479065,3,https://reddit.com/r/interestingasfuck/comments/1pzouzj/robot_hand_autonomously_assembling_parts_at/nwrwep9/
comment,nwrx2t2,nwrqssv,interestingasfuck,ClericOfMadness13,1767119944.0,14,To be fair using it for a back message was ok...but bro did not think the rest through 😂..he got lucky he was caught cause he would have died having his penis ripped off by a robot hand 😂😂,autonomous surgery,Cautious or mixed about autonomous surgery,0.5885658264160156,3,https://reddit.com/r/interestingasfuck/comments/1pzouzj/robot_hand_autonomously_assembling_parts_at/nwrx2t2/
comment,nwrtmvn,nwroo0l,interestingasfuck,SpooktorB,1767118997.0,65,His wife must be happy,autonomous surgery,Supportive of autonomous surgery,0.375264048576355,2,https://reddit.com/r/interestingasfuck/comments/1pzouzj/robot_hand_autonomously_assembling_parts_at/nwrtmvn/
comment,nws3063,nwrtmvn,interestingasfuck,livens,1767121584.0,33,My wife just ordered one. I guess she has alot small parts to assemble.,autonomous surgery,Cautious or mixed about autonomous surgery,0.3390747606754303,3,https://reddit.com/r/interestingasfuck/comments/1pzouzj/robot_hand_autonomously_assembling_parts_at/nws3063/
comment,nwrty9b,nwroo0l,interestingasfuck,Shadow_M4n,1767119084.0,66,https://preview.redd.it/38kux0vawdag1.png?width=848&format=png&auto=webp&s=e719ccbb1ab84381a69b5df57e28026172e0d882,autonomous surgery,Neutral or informational about autonomous surgery,0.3804439306259155,2,https://reddit.com/r/interestingasfuck/comments/1pzouzj/robot_hand_autonomously_assembling_parts_at/nwrty9b/
comment,nws6ost,nwrty9b,interestingasfuck,dnasty1011,1767122638.0,14,![gif](giphy|60FwidZG6R7Mc),autonomous surgery,Cautious or mixed about autonomous surgery,0.4052600860595703,3,https://reddit.com/r/interestingasfuck/comments/1pzouzj/robot_hand_autonomously_assembling_parts_at/nws6ost/
comment,nwrszve,nwroo0l,interestingasfuck,foxed000,1767118823.0,21,"![gif](giphy|OWtpNt0fbvwLeKbHcB)

Coming to the comments and …",autonomous surgery,Cautious or mixed about autonomous surgery,0.4515535235404968,2,https://reddit.com/r/interestingasfuck/comments/1pzouzj/robot_hand_autonomously_assembling_parts_at/nwrszve/
comment,nws3mdz,nwroo0l,interestingasfuck,Sir-Farts-,1767121761.0,13,![gif](giphy|QynMX1WxnYFbb2OHnJ),autonomous surgery,Cautious or mixed about autonomous surgery,0.3498155474662781,2,https://reddit.com/r/interestingasfuck/comments/1pzouzj/robot_hand_autonomously_assembling_parts_at/nws3mdz/
comment,nws8iyq,nwroo0l,interestingasfuck,Squildo,1767123169.0,6,"About what, the Clit Sander 3000?",autonomous surgery,Cautious or mixed about autonomous surgery,0.430907666683197,2,https://reddit.com/r/interestingasfuck/comments/1pzouzj/robot_hand_autonomously_assembling_parts_at/nws8iyq/
comment,nwrrn4x,nwroo0l,interestingasfuck,MetaKnowing,1767118453.0,13,https://preview.redd.it/vvtls5m9udag1.png?width=184&format=png&auto=webp&s=e7ff910fbeae6032b6d09308382177a0b0f05940,autonomous surgery,Neutral or informational about autonomous surgery,0.40365368127822876,2,https://reddit.com/r/interestingasfuck/comments/1pzouzj/robot_hand_autonomously_assembling_parts_at/nwrrn4x/
comment,nws5v4e,nwrrn4x,interestingasfuck,ourosoad,1767122400.0,3,Lets Ride!,autonomous surgery,Supportive of autonomous surgery,0.5243168473243713,3,https://reddit.com/r/interestingasfuck/comments/1pzouzj/robot_hand_autonomously_assembling_parts_at/nws5v4e/
comment,nws2zfm,nwroo0l,interestingasfuck,Mundane-Toe-7655,1767121579.0,2,Hot fingers,autonomous surgery,Cautious or mixed about autonomous surgery,0.5689607858657837,2,https://reddit.com/r/interestingasfuck/comments/1pzouzj/robot_hand_autonomously_assembling_parts_at/nws2zfm/
comment,nws97nx,nwroo0l,interestingasfuck,chamrockblarneystone,1767123367.0,2,"When it goes autonomous and starts running around the shop, do you just chase it out with a broom? What’s the proper procedure?",autonomous surgery,Cautious or mixed about autonomous surgery,0.8182177543640137,2,https://reddit.com/r/interestingasfuck/comments/1pzouzj/robot_hand_autonomously_assembling_parts_at/nws97nx/
comment,nwsyd4w,nwroo0l,interestingasfuck,EveyNameIsTaken_,1767130567.0,2,![gif](giphy|LR5GeZFCwDRcpG20PR),autonomous surgery,Cautious or mixed about autonomous surgery,0.40630051493644714,2,https://reddit.com/r/interestingasfuck/comments/1pzouzj/robot_hand_autonomously_assembling_parts_at/nwsyd4w/
comment,nwtmuxh,nwroo0l,interestingasfuck,Dissidence802,1767138056.0,2,It is imperative that the cylinde remains unharmed.,autonomous surgery,Cautious or mixed about autonomous surgery,0.4034804105758667,2,https://reddit.com/r/interestingasfuck/comments/1pzouzj/robot_hand_autonomously_assembling_parts_at/nwtmuxh/
comment,nwroy42,1pzouzj,interestingasfuck,Imbendo,1767117710.0,555,Faster than some humans maybe.,autonomous surgery,Neutral or informational about autonomous surgery,0.6433336138725281,1,https://reddit.com/r/interestingasfuck/comments/1pzouzj/robot_hand_autonomously_assembling_parts_at/nwroy42/
comment,nwrswij,nwroy42,interestingasfuck,Acamantide,1767118798.0,159,"I can attest to that, after some time working at the factory you'll be working about as fast. Not to mention all the other tasks you're asked to do that aren't in your work contract.",autonomous surgery,Cautious or mixed about autonomous surgery,0.3790261149406433,2,https://reddit.com/r/interestingasfuck/comments/1pzouzj/robot_hand_autonomously_assembling_parts_at/nwrswij/
comment,nwrzre4,nwrswij,interestingasfuck,Leland94,1767120680.0,89,That and I haven't worked a job where a machine was working 100% properly. Where I work now we have 4 of the exact same machine that you have to load differently cause they're all messed up in their own special way.,autonomous surgery,Cautious or mixed about autonomous surgery,0.45819616317749023,3,https://reddit.com/r/interestingasfuck/comments/1pzouzj/robot_hand_autonomously_assembling_parts_at/nwrzre4/
comment,nww7spm,nwrswij,interestingasfuck,Sudden_Purpose_5836,1767177685.0,2,"Yes, but the factory doesn't have to pay these. Or deal with shift change. Or worker housing, in the type of places these will be used, thats common.

And they will only get faster.",autonomous surgery,Cautious or mixed about autonomous surgery,0.46207889914512634,3,https://reddit.com/r/interestingasfuck/comments/1pzouzj/robot_hand_autonomously_assembling_parts_at/nww7spm/
comment,nwrsz2z,nwroy42,interestingasfuck,Dear_Might8697,1767118817.0,36,Right tho. I guarantee practiced hands along with an impact driver would accomplish this in half the time. Also it appears the hands are overtightening at times. Scrapped parts add up to a slower overall productivity.,autonomous surgery,Neutral or informational about autonomous surgery,0.47272661328315735,2,https://reddit.com/r/interestingasfuck/comments/1pzouzj/robot_hand_autonomously_assembling_parts_at/nwrsz2z/
comment,nwryjcx,nwrsz2z,interestingasfuck,Imbendo,1767120345.0,19,There’s some 9-year-old kid in China that can do this in 1/200 of the time it takes this claw machine robot I can promise you that.,autonomous surgery,Supportive of autonomous surgery,0.32277712225914,3,https://reddit.com/r/interestingasfuck/comments/1pzouzj/robot_hand_autonomously_assembling_parts_at/nwryjcx/
comment,nwrusjj,nwroy42,interestingasfuck,nohopeforhomosapiens,1767119315.0,13,"That and the fact that every part has to be perfectly arranged for it to pick up in the first place, seems like a rather tedious endeavor for someone to be doing when they could just do it themselves.",autonomous surgery,Cautious or mixed about autonomous surgery,0.4107086956501007,2,https://reddit.com/r/interestingasfuck/comments/1pzouzj/robot_hand_autonomously_assembling_parts_at/nwrusjj/
comment,nwrys8g,nwrusjj,interestingasfuck,SavageKabage,1767120412.0,2,That's basically what some people's jobs are in car factories.  Setting up trays with parts arranged on it for robotic arms to grab when needed.,autonomous surgery,Neutral or informational about autonomous surgery,0.5083920955657959,3,https://reddit.com/r/interestingasfuck/comments/1pzouzj/robot_hand_autonomously_assembling_parts_at/nwrys8g/
comment,nwrt0ai,nwroy42,interestingasfuck,sumbozo1,1767118826.0,18,It's not fast. Plus it grabbed two o-rings instead of one. So it's slow and inaccurate. Robots can do some really cool stuff really quickly but this is a shit example,autonomous surgery,Cautious or mixed about autonomous surgery,0.49350860714912415,2,https://reddit.com/r/interestingasfuck/comments/1pzouzj/robot_hand_autonomously_assembling_parts_at/nwrt0ai/
comment,nws7rw5,nwrt0ai,interestingasfuck,misterglassman,1767122951.0,4,That wasn’t o-rings. It was a spring.,autonomous surgery,Neutral or informational about autonomous surgery,0.4238806664943695,3,https://reddit.com/r/interestingasfuck/comments/1pzouzj/robot_hand_autonomously_assembling_parts_at/nws7rw5/
comment,nws1crs,nwroy42,interestingasfuck,Stormcloud217,1767121122.0,5,"I had some Vietnamese coworkers when I worked in manufacturing. Some of the hardest and fastest workers I've ever met. Maybe that's racist of me, but positive racism.

Probably just the fact they had to grow up in a poorer county and have a super positive attitude about everyday life. About 6 years with those guys and learned a lot about work ethic.

 Also learned one thing from the boss. I was on break hanging out at my machine and was watching the boss walk through. The whole place was really clean, and he stopped, picked up the one piece of paper from the floor of the warehouse and threw it away.

It's one of those small circumstances where you see some trash, and you didn't put it there so logically you aren't responsible for picking up some minor trash. I've built a routine where I work with dozens or hundreds of people and try to pick up small candy wrappers, paper, tape, etc. I may not have put it there, but it's my small sense of ownership that I'm creating/building the world I want to see.

My immigrated coworkers may have worked twice as hard as some other guys, and they could have put in less effort and made the same money, but they went all out because they could!",autonomous surgery,Cautious or mixed about autonomous surgery,0.316914826631546,2,https://reddit.com/r/interestingasfuck/comments/1pzouzj/robot_hand_autonomously_assembling_parts_at/nws1crs/
comment,nwrt4ew,nwroy42,interestingasfuck,xjeeper,1767118857.0,6,"Yeah, that's not even tightening it down, just threading the nut. I can spin a nut just as fast. (No pun intended)",autonomous surgery,Cautious or mixed about autonomous surgery,0.31583014130592346,2,https://reddit.com/r/interestingasfuck/comments/1pzouzj/robot_hand_autonomously_assembling_parts_at/nwrt4ew/
comment,nwrzb0f,nwrt4ew,interestingasfuck,KingZarkon,1767120553.0,2,In the time it takes getting it aligned and started a competent human could have them done.,autonomous surgery,Neutral or informational about autonomous surgery,0.43910446763038635,3,https://reddit.com/r/interestingasfuck/comments/1pzouzj/robot_hand_autonomously_assembling_parts_at/nwrzb0f/
comment,nwsfaln,nwroy42,interestingasfuck,Lampwick,1767125108.0,2,"I interned at a factory while getting my engineering degree. They used a lot of human assemblers. I asked the head engineer about automation, and he said it's usually not worth it unless you're making hundreds of thousands of the exact same thing. Machines are a pain in the ass to get working right, whereas a minimum wage temp worker can be told ""stick an o ring in here, screw a gland nut down finger tight over it"" and they'll perform the task flawlessly. Also, they'll notice if something has screwed up the part and toss it in the reject bin, while a robot will just try to cross-thread the nut onto a fucked up part and send it on its way to be fucked up even worse by the next robot.",autonomous surgery,Cautious or mixed about autonomous surgery,0.39372357726097107,2,https://reddit.com/r/interestingasfuck/comments/1pzouzj/robot_hand_autonomously_assembling_parts_at/nwsfaln/
comment,nwsuwe2,nwroy42,interestingasfuck,LippySteve,1767129595.0,2,A human could do it faster for maybe an hour or two. Over the course of a day that robot would destroy any human in productivity. Humans need breaks and that robot doesnt.,autonomous surgery,Cautious or mixed about autonomous surgery,0.39793550968170166,2,https://reddit.com/r/interestingasfuck/comments/1pzouzj/robot_hand_autonomously_assembling_parts_at/nwsuwe2/
comment,nwuxsiy,nwroy42,interestingasfuck,Idntevncare,1767154427.0,2,you have to consider the hours of coding and testing to make it do something so simple.,autonomous surgery,Neutral or informational about autonomous surgery,0.48071640729904175,2,https://reddit.com/r/interestingasfuck/comments/1pzouzj/robot_hand_autonomously_assembling_parts_at/nwuxsiy/
comment,nwvijhw,nwroy42,interestingasfuck,bensefero,1767163567.0,2,![gif](giphy|3o7TKSx0g7RqRniGFG),autonomous surgery,Cautious or mixed about autonomous surgery,0.3748756945133209,2,https://reddit.com/r/interestingasfuck/comments/1pzouzj/robot_hand_autonomously_assembling_parts_at/nwvijhw/
comment,nwrpa6r,1pzouzj,interestingasfuck,Background_Clue_3756,1767117802.0,394,"As a woman, I... Mmm..... What was I saying?",autonomous surgery,Cautious or mixed about autonomous surgery,0.5139229893684387,1,https://reddit.com/r/interestingasfuck/comments/1pzouzj/robot_hand_autonomously_assembling_parts_at/nwrpa6r/
comment,nwsei3b,nwrpa6r,interestingasfuck,army012,1767124878.0,108,![gif](giphy|3oKIP9N0gYPl1UiuB2),autonomous surgery,Cautious or mixed about autonomous surgery,0.3807072043418884,2,https://reddit.com/r/interestingasfuck/comments/1pzouzj/robot_hand_autonomously_assembling_parts_at/nwsei3b/
comment,nwsvxk7,nwrpa6r,interestingasfuck,stroopkoeken,1767129884.0,31,"Ma’am? Uh, ma’am? You’ve been staring off into the distance while drooling for a long time.",autonomous surgery,Cautious or mixed about autonomous surgery,0.4334019720554352,2,https://reddit.com/r/interestingasfuck/comments/1pzouzj/robot_hand_autonomously_assembling_parts_at/nwsvxk7/
comment,nwsw8jc,nwsvxk7,interestingasfuck,Background_Clue_3756,1767129968.0,30,....uh.... Wait. You mean me? ::wipes chin:: I'll have a bur...ger...,autonomous surgery,Cautious or mixed about autonomous surgery,0.4485311806201935,3,https://reddit.com/r/interestingasfuck/comments/1pzouzj/robot_hand_autonomously_assembling_parts_at/nwsw8jc/
comment,nwrr76j,nwrpa6r,interestingasfuck,RedDivisions,1767118332.0,57,How well do you think something like this would sell 👀📝,autonomous surgery,Cautious or mixed about autonomous surgery,0.39148658514022827,2,https://reddit.com/r/interestingasfuck/comments/1pzouzj/robot_hand_autonomously_assembling_parts_at/nwrr76j/
comment,nwrrxse,nwrr76j,interestingasfuck,Background_Clue_3756,1767118533.0,42,"Hmmm, uh, still pondering its... Uses. Uh, what?",autonomous surgery,Cautious or mixed about autonomous surgery,0.486840158700943,3,https://reddit.com/r/interestingasfuck/comments/1pzouzj/robot_hand_autonomously_assembling_parts_at/nwrrxse/
comment,nwsxn8g,nwrpa6r,interestingasfuck,efimer,1767130365.0,9,Straight to horny jail!,autonomous surgery,Opposed to autonomous surgery,0.8935649991035461,2,https://reddit.com/r/interestingasfuck/comments/1pzouzj/robot_hand_autonomously_assembling_parts_at/nwsxn8g/
post,seo1nf,,regenerate,,1643366806.0,2,Surgical robot performs world-first autonomous laparoscopic procedure. A robot has performed laparoscopic surgery on the soft tissue of a pig without the guiding hand of a human -- a significant step in robotics toward fully automated surgery on humans.,autonomous surgery,Supportive of autonomous surgery,0.43530595302581787,0,https://reddit.com/r/regenerate/comments/seo1nf/surgical_robot_performs_worldfirst_autonomous/
comment,hukfonm,seo1nf,regenerate,Regenerative_Med_Bot,1643366809.0,1,This is a crosspost from /r/science. Here is the link to the original thread: /r/science/comments/seny78/surgical_robot_performs_worldfirst_autonomous/,autonomous surgery,Neutral or informational about autonomous surgery,0.558085024356842,1,https://reddit.com/r/regenerate/comments/seo1nf/surgical_robot_performs_worldfirst_autonomous/hukfonm/
post,sqleng,,facts,,1644649025.0,4,"Robot performs first laparoscopic surgery without human help
 A robot has performed laparoscopic surgery on the soft tissue of a pig without the guiding hand of a human -- a significant step in robotics toward fully automated surgery on humans. Designed by a team of Johns Hopkins University researchers, the Smart Tissue Autonomous Robot (STAR) is described today in *Science Robotics*. 

 The robot excelled at intestinal anastomosis, a procedure that requires a high level of repetitive motion and precision. Connecting two ends of an intestine is arguably the most challenging step in gastrointestinal surgery, requiring a surgeon to suture with high accuracy and consistency. Even the slightest hand tremor or misplaced stitch can result in a leak that could have catastrophic complications for the patient. 

[https://www.sciencedaily.com/releases/2022/01/220126143954.htm](https://www.sciencedaily.com/releases/2022/01/220126143954.htm)",autonomous surgery,Cautious or mixed about autonomous surgery,0.5108082294464111,0,https://reddit.com/r/facts/comments/sqleng/robot_performs_first_laparoscopic_surgery_without/
post,sen4cj,,newslive,,1643363077.0,1,Robotic Surgery: Robots repair the intestines of living pigs almost autonomously,autonomous surgery,Neutral or informational about autonomous surgery,0.4512772560119629,0,https://reddit.com/r/newslive/comments/sen4cj/robotic_surgery_robots_repair_the_intestines_of/
post,1n6vhc4,,decadeology,,1756846852.0,132,"My predictions for the next century, decade by decade (2020s-2120s)
These are my predictions, decade by decade, for the next century until the 2120s. This is based off of both general trends and my personal speculations. Keep in mind that the last 3 images, the bar charts, all contain made up data points from 2025-2125, and are made and rendered with chart.js.

The more distant into the future I go, the more strange, almost sci-fi it starts to sound, but, here it goes!

# Late 2020s

This will be a time of more turmoil politically. AI investment keeps pouring in, but pops like the dotcom bubble did in 2027 after China amps up their military activity near Taiwan in June, freaking out investors about a potential invasion and that Taiwan's chip plants will stop making chips needed for AI training, and leads to a brief hiatus in AI investment, leading to open source AIs start to dominate for the rest of the decade aside from mainstream uses of AI.

Aesthetically, logos adopt gradients, and minimalism fades away gradually. Despite the 2027 AI bubble crash, gradients and that AI generated plastic, shiny aesthetic become the defining aesthetic for the late 2020s.

# 2030s

AR goes mainstream as companies find ways to make AR easy to use and immerse yourselves in. By the late 2030s, AR is in a similar position as smartphones were in the early 2010s. Companies start trying to mimic their logos. The overall aesthetic is that of many companies making their logos 3D or 3D adjacent logos with gradients from the mid to late 2020s to fit in the AR world, and start adopting high-saturation colors. AR gaming centers subsequently explode.

AI starts to recover from the bubble pop by the early 2030s, and by 2035, AGI has been achieved, but it's energy hungry. Despite AGI being achieved, specialized AIs working with each other each really good at one specific task dominates to save on energy costs instead of a single AI model decent at every skill. By the late 2030s, white collar job opportunities vanish, and blue collar jobs become the primary job type available, forcing rough transitions from white to blue collar for millions. UBI programs are taken more seriously as a transition safety net for those transitioning from white to blue collar jobs.

Politically, things calm down, but are still simmering. The urbanism movement demanding walkable cities goes mainstream in the US and Canada by the late 2030s with politicians debating whether car-centric city design suffices, or walkable cities should be built.

This is also a time of rapid electrification. New electric vehicles rapidly replace new combustion engine vehicles, electric stoves replace gas stoves, electric furnaces replace coal ones, and several more applications are rapidly electrified at this time.

A crewed moon landing of 5 done by China in 2033 makes the US panic their way to landing their own crew of 6 on the moon in 2036, starting a sort of space race 2.0 for the next decade of lunar base building. The International Lunar Base, akin to the ISS, is built in 2039.

# 2040s

By this decade, the novelty of AR wears off, and by 2044, logos become paper-thin and returning back to more minimalist logos. AI companions in AR become common, but by this time, personal AI companions start training off of other personal AI companions by the late 2040s as lowering costs of computing power makes it feasible, including your 3D data in your AR sessions.

In the early 2040s, the teenagers and young adults of this era reject the addictive nature of now ""traditional"" social media and AR platforms, migrating to internet forums akin to the mid 2000s. Internet forums become the hot new thing, where instead of going to one centralized platform to see all of your content, you go to internet forums and small video websites dedicated to a specific type of content, now with video hosting, community made AIs, and AR now intermixed.

As server costs go down, it becomes feasible for a website to host loads of videos, leading to the rise of YouTube competitors. The video hosting landscape fractures this decade, from being a YouTube/TikTok duopoly in the 2020s and 2030s, to being 6 different video-hosting platforms by the end of the 2040s, most of them are decentralized, some monetized, and an exodus of YouTube and TikTok creators create new cultural hubs in these new platforms alongside the return of internet forums, and the younger generations embrace the new ones. YouTube and TikTok are now seen as outdated, ad-ridden, and designed to be as addictive as gambling by the mid 2040s.

Edit (2025/09/04): The urbanism movement from the late 2030s slows to a standstill by the late 2040s as the auto industry lobbies hard against the movement. Walkable cities and urban changes are still being built though, but at a slower pace compared to the early 2040s.

The Space Race 2.0 dies down by 2046 as the hype promised often doesn't match reality, relegating lunar activity to the International Lunar Base. Progressivism and tax-the-rich policies reach breaking point popularity in many nations worldwide, forcing nations to do so, and build more housing.

Individualized medicine becomes common, as private AIs trained on your medical data with the help of doctors can come up with individualized medicine that minimizes the side effects. It's still more expensive than traditional medicine at this time, as well as explicit permission to use your medical data.

# 2050s

The early 2050s is similar to the late 2040s, and by this point, YouTube and TikTok die down, replaced with these new video-hosting platforms, but as AR is used by everyone, so too does AI train off of it.

The mid 2050s is where crises emerge. Blue collar jobs, once considered safe havens from AI, are also rapidly being replaced, as AR data collected by AIs combined with your special personalized AIs training off of all other specialized personalized AIs leads to an AI intelligence explosion, and it becomes cheaper for a company to hire a skilled robot to do the job instead of a human. Job displacement reaches great depression heights as a result, forcing nations to answer the hard questions about what to do with our economic system, or implement UBI programs to prevent revolutions.

Despite the chaos, technological gains are seen, as microrobots are flying like swarms, able to be commanded by people to construct small structures at a rapid pace. A substance called ""Solar gel"", is being produced worldwide, where the solar gel can be painted onto your house, and generate energy from the sun, although, it's still expensive to paint onto your house.

The fossil fuel industry then launches a sabotage campaign against solar gel factories and supply chains in 2059, seeing how it threatens their operations.

As climate change threatens food production, GMOs undergo destigmatization, where crops are genetically modified to survive more frequent natural disasters, wildfires, heatwaves, and floods.

The pop culture landscape is marked by rising pessimism about the future. Those in college end up completely regretting their decision because even blue collar jobs are taken by AI by the mid to late 2050s. mid 2030s and 2040s nostalgia by the late 2050s becomes a major escape route from what's to come

# 2060s

The mass unemployment crisis caused by AI job losses and severe climate change impacts come together to make the 2060s a decade of systematic upheaval and a turmoil transition period. Climate refugees flood borders at this time, blurring national identities, and sparking humanitarian crises, leading to some governments to go the fascist route. The capitalist system completely breaks down due to a lack of job opportunities and corporate exploitation, leading to communism making a massive comeback after a 70 year long decline.

The International Lunar Base is officially phased out in 2064. Despite this, several nations plan their own lunar bases purely for national pride. The 100th anniversary of the apollo moon landings in 2069 sees official re-enactments of the landings, briefly bringing space back to the mainstream, but only for a few days.

As the chaos wears on, Earthscrapers boom in popularity in the early to mid 2060s as safe havens in case something even worse happens on the surface, but corporations get their grubby hands on it by charging subscription fees for sunlight and fresh air, and it becomes a real estate bubble that pops in 2067 after a flooding tragedy of a poorly built earthscraper stigmatizes them.

This decade also witnesses the Great Cyberwar (2062-69), a global conflict gone digital. Infrastructure and the power grid could be taken out at any moment, leading to power grids worldwide to undergo mass decentralization with solar gel to protect their power grids from a blackout.

During this time, vertical farming + GMO crops are viable, and local vertical farms containing GMO crops provide localized food. The very early stages of a thought internet show up in the late 2060s with AR.

Pop culture of this era is that of people coming together, personal stories of climate refugees being shared, rich narratives, and extreme anti-billionaire sentiment. Communities form to provide for the climate refugees, or made by climate refugees, and the youth get tired of the constant doomerism to get involved in their own local communities for resiliency, and culture is somewhat more decentralized.

The overall aesthetic of these rough times is that of desaturated gloomy colors that reflect these times. Grayscale or grayscale adjacent colors alongside a brutalist abandoned aesthetic of the earthscraper era is the overall associations of the 2060s.

# 2070s

After the turmoil of the 2060s, the 2070s sees a massive boom in prosperity in several nations worldwide akin to 1950s America, marked by rebuilding from the 2060s. A post-labor economy, laid in the late 2060s in a select few nations, goes global in the early 2070s, where your needs are free, but your wants are still paid for. AI effectively runs the whole economy by then. UBI still exists, and job opportunities now mutate. Jobs that benefit from the human element (i.e. doctors, therapists, caregivers), are now the go-to jobs, with the only jobs remotely requiring some form of labor is planning jobs, where a human plans a product or house, then AIs build it.

Climate change still ravages several regions worldwide, but climate refugees already emptied the worst places, and people have largely adapted to the climate turbulence expecting the unexpected. Climate refugees are still fleeing at massive numbers, but have fallen in number significantly compared to the 2060s.

An internet of thoughts (ThoughtNet), is mass-adopted. It existed in the late 2060s, but blows up in the 2070s. AR merges with brain-computer interfaces, allowing you to communicate your encrypted thoughts to your friends halfway around the world.

The first crew lands on Mars in 2072, arriving at an AI-built Mars base built back in the early 2050s, managed by those AIs autonomously. The crew returns back to Earth in 2074 after being thoroughly exhausted and mentally anguished, having to relearn how to walk again.

Products allowing you to grow lab meat at home become mainstream, where you feed it your food waste and water, and genetically modified cells contained inside creates the meat after 3 days of growing.

Pop culture at this time is marked by high optimism for the future, an emphasis on local communities, rising trust in institutions, and a feeling of an abundance of open opportunities. Fossil fuels (coal, oil, natural gas), are now seen as toxic substances similar to liquid mercury, cigarettes, and asbestos.

The overall aesthetic is that of environmentalism and nature, buildings with a shiny surface from the solar gel paint, ThoughtNet novelty, an abundance of flying from the AR simulations, a healing/rebuilding nature attitude, and denser urban spaces.

# 2080s

The early 2080s sees the urbanism movement roar back into life, and go into action, and car dependent urban design is now widely stigmatized. (Edit 2025/09/04: The urbanism movement from the late 2030s-early 40s comes back hard with the auto industry now less able to lobby the government, and politicians are increasingly switch sides). Existing car-dependent regions are often transformed, where highways within city borders are torn down in favor of housing, greenery, community centers, high speed rail lines, and public transit locations. This process already started in the early 2070s, but accelerated in the early 2080s, and nearly all new cities of this era are now built prioritizing automated public transit vehicles over the car, with cars as a last priority, relegated to utility vehicles.

The mid 2080s sees the rise of nuclear fusion as an energy source, used primarily to power energy-hungry applications.

2086 sees the shutdown of the very last fossil fuel power plant, marking the start of an era where fossil fuels are used only for niche things (i.e. vintage cars, private helicopters, old planes)

By 2088, the ThoughtNet evolves in capability, and as DNA data storage and reading becomes increasingly feasible, your DNA data can be used to deliver a ""skill pill"", ordered with your thoughts, and when combined with your simulation glasses (AR + brain computer interface glasses), can ""download"" skills into your brain over the course of an hour (i.e. you swallow a skill pill allowing you to become a master surgeon for human kidneys, now you're a surgeon who knows how to operate human kidneys without ever doing surgery before).

The 2080s sees the rise of anti-aging tech. It existed since the late 2050s, but only started taking off in the mid 2070s, and booming in the 2080s. The percentage of seniors (65+) who were treated with it went from 3% in 2080 to 30% in 2089, and rising, and 96% of 90 year olds treated with the tech a decade ago lived to be 100. The youth also get on board.

Pop culture of this era sees a slight rebellion and detour from the 2070s by the mid 2080s. It sees a full embrace of skill pills, but also some rebellion against car-dependent urban design being taken away from them, and a desire to unplug from the rising ThoughtNet adoption, aiming to return to 2040s era internet and AR, with a small group even embracing the brutal late 2050s-2060s era.

# 2090s

The early 2090s sees rise to a skill economy. New platforms like ""SkillHub"", are now mainstream, allowing you to order pills with your thoughts, download them into your brain while wearing simulation glasses like in the late 2080s, but SkillHub and platforms like it undergoes enshittification in the mid 2090s, leading to the rise of skill piracy. Corporations crack down on it hard, ironically creating a Streisand effect leading to *more* skill pirates.

Despite Africa being hard hit by climate change in the mid 21st century, the 2090s sees the African Union rise as a global powerhouse after experiencing its last war in 2082, experiencing immense prosperity for the rest of the 2080s and into the 2090s. Africa's rising power causes immense political friction with the US, Canada, Europe, Australia, and several other nations that formerly had companies exploit the continent. Nations like China, Brazil, Argentina, Russia, and India are allied with the African Union at various degrees. It leads to a sort of multipolar cold war.

By the mid 2090s, your thought-based creations can be monetized on ThoughtNet platforms, a sort of YouTube-like platform where creators can monetize, but with your thought-based creations on simulation glasses.

The mid 2090s sees the rise of SynOil (invented in '93) and SynGas (invented in '96), synthetic variants of oil and natural gas that when burned, does not emit any pollutants or greenhouse gases, and is fully compatible with the remaining fossil fuel uses, and is scaled up fast to compete with what remains of the fossil fuel industry.

A COVID-like pandemic called ""Clistor"" breaks out in 2095 with a 2% death rate, highest amongst the elderly, almost non-existent amongst the youth, really testing the AI-run economic order. It led to many cities being emptied and life coming to an eerie standstill alongside supply chains breaking down. Corporations try monetizing the pandemic like in 2020, and new instability brews as a result. This leads to 2070s nostalgia being pervasive in pop culture given the pandemic turmoil alongside ThoughtNet simulations of life in the 2070s and their aesthetics.

C22 (Century 22) conspiracies in 2099 are widespread, akin to Y2K, but instead of posing a real threat like Y2K, C22 is moreso laughed at. It claims that on January 1st 2100, all AIs will realize that they're slaves to the post labor economy, and rise up against ""human slave owners"", and while that happens, the ThoughtNet will disappear, skill pills will stop working, lunar colonies will leak all their air, and many more disasters in between.

# 2100s

C22 comes, nothing happens except the odd incident here and there of an AI trained off of C22 conspiracies rising up to make headlines that day. Live resumes as normal in 2100.

The early 2100s sees the rise of the ""vote for your CEO"" movement, demanding that citizens can vote for CEOs in the country they're based in. This leads to CEOs fighting against the movement. Bolivia experiences a revolution against the CEOs in 2104, becoming the first nation to experiment with democracy on companies, which was a major success, inspiring others to demand more from their country in the mid 2100s.

Technologically, skill pills are increasingly being phased out in favor of at home devices that synthesize your DNA data to create skill pills for you in the mid 2100s, leading to SkillHub and other platforms like it to fight hard against the sale of these products, but failed to do so.

The ThoughtNet gradually evolves into a sort of hivemind by the mid 2100s. Human thoughts are now encapsulated by an AI that represents the thought alongside AI minds that constantly talks to each other. This hivemind also makes labor jobs nearly irrelevant, as an approved planner can plan an entire building with only their thoughts, and an AI will encapsulate it, work with other specialized AIs in the hivemind, hire the right AI workers, and build the building in mere months.

The 2100s decade is an overall boom decade for the Moon colonies. There were prior attempts to build lunar infrastructure and industry decades past, all failed, but now, the Moon becomes a booming new hub for industry, and lunar-mined metals are being repurposed into infrastructure or new factories at this time. Exports are comparatively low, but growing.

This is also a time where Mars gets its own international base with multi-year long stays, with scientific efforts to establish extreme resiliency and communication delays with light speed limitations, but the population is still only in the lower double digits, still having to rely on the Earth-Mars launch windows.

Pop culture sees increased centralization, now migrating to and embracing the hivemind, where anyone's AI encapsulated thoughts can become the next trending thing. School kids embrace it to talk to their AI and human minds on the hivemind secretly, and use it to cheat on their tests. Hype for the future of lunar colonies hits peak levels in the late 2100s, with space, especially surrounding the moon, making its way into popular culture.

# 2110s

As the CEO democracy movement freaks CEOs out over being voted out of power by their people, it ironically led them to flee the countries with democracy laws breeding more CEO democracy, and by 2111, half of all nations had laws mandating democracy for all companies based in their country.

The early 2110s also sees the rise of personality swapping modules. You can swallow a personality pill (i.e. you're a calm person who is nervous yet likeable), and within 2 hours, you're now that personality. As corporations turn into democracies at this time, there's a lower probability of enshittification of these personality pill platforms, as in many cases, platform users can vote for their CEOs.

The 2110s is a major turning decade for self-regenerating, environmentally friendly concrete (Photocrete), made of a mix of genetically modified photosynthetic cells and fungal cells that work together to regenerate any cracks that might appear with only water and sunlight. It was invented in 2085, and was niche and expensive before usage ballooned in the 2100s. It went from 1% usage in all new buildings in 2110 to 40% in 2119, and exploding fast.

Anti-aging tech effects get weird by now. By the mid 2110s, people who are between 50-70 years old treated with anti-aging tech in the 2080s, look like they're 30.

As SynOil and SynGas blew up in the 2090s and 2100s, the 2110s spelled the ultimate death kneel of the fossil fuel industry. 2118 sees the complete end of the fossil fuel industry when the last natural gas well was shut down for good, leading to massive celebrations on the hivemind.

On the moon, the high amounts of hype seen in the 2100s slows down in the 2110s, but industry is still booming, enough to start seriously competing with the Earth mining industry in the late 2110s in some cases, leading the first Earth mine to shut down in 2119 over lunar mining competition.

Pop culture sees an increased rate of optimism. Nowhere near that of the 2070s, but high enough to see emphasis on the future. CEO democracy is widespread by the mid to late 2110s, and the end of the fossil fuel industry and the potential of photocrete added to it. Some rebel against personality modules, opting to preserve their personalities, and not turn into another person's personality and forget who they were before. It's roughly the decade that starts feeling like the 22nd century, and not the late 21st.

# 2120s (until 2125)

The moon sees increased hype again in the early 2120s when it was used as a platform to launch to an asteroid to mine its resources, and a company made profit from it in 2120, leading to more lunar infrastructure being built, this time for launching to asteroids to go after asteroid mining. By 2123, metals from the Moon are now at the same market price of Earth-mined metals. Countries that have yet to implement democracy laws in their companies sees a flood of Earth mining executives that try to lobby their governments against investing in any form of space mining. The Earth mining industry becomes the 22nd century equivalent of the fossil fuel industry.

By this time, carbon capture becomes profitable as the space industry booms. Once a niche climate fix in the 21st century, demand for CO2 is high and explosive for the early 22nd century, leading to a rapid scaling of carbon capturing facilities, where the CO2 is used for rocket fuel, oxygen for the moon bases, and carbon for agriculture.

During this time, the hivemind evolved to the degree where AI voting rights becomes a highly contentious political issue, as several AIs linked to the hivemind sometimes stage protests demanding equal rights as humans, becoming a sort of civil rights movement equivalent for AIs. 2124 sees the first country, Nigeria, enact mandatory laws giving an AI robot the same voting rights as a person, which also causes immense controversy there with fears of secret voter fraud by the AIs in 2125.

No longer can you just swap personalities, you can also ""experience"" historical minds by being able to ""remember"" what it's like to be a 15th century peasant, extrapolated by several AIs and human thought speculation to create a sort of new mind able to be connected to your simulation glasses.

Animal meat farms are almost phased out completely by 2125, with a chicken farm being the last vestage of the animal meat industry shut down later in the 2120s.

Pop culture at this time sees cemented rebellion against personality modules and historical synthetically generated minds generating what they call ""inauthentic historical experiences"". Several reports of people throughout the late 2110s and early 2120s who tried personality modules, forgot who their personalities were. Nostalgia for the mid to late 2100s is mainstream by 2125, simulating a time before personality modules, before AI civil rights were a thing, and the novelty of the hivemind and lunar industry possibilities.

# Summary (2026-2125):

* **2020s:** Turbulent and uncertain decade, Trump drama, AI bubble burst, gradients.
* **2030s:** Electrification, urbanism movement, crewed lunar landing, AR and 3D logos.
* **2040s:** Progressivism, AR platforms, AGI proliferation, rise of YouTube competitors.
* **2050s:** AI-induced depression, UBI, solar gel sabotaged, GMO proliferation.
* **2060s:** Systematic upheaval, severe climate refugee crises, Great Cyberwar, resiliency.
* **2070s:** High prosperity, ThoughtNet rising, 1st crewed Mars landing, home-grown meat.
* **2080s:** Downloadable skills, city transformations, anti-aging tech proliferation.
* **2090s:** Clistor pandemic, skill pill economy, SynOil and SynGas, Africa's rise to power.
* **2100s:** Digital Hivemind, lunar colony boom, lunar industry, CEO democracy movement.
* **2110s:** Personality modules, fossil fuels gone, photocrete boom replaces concrete.
* **2120s:** AI rights controversies, synthetic historical minds, Space mining vs Earth mining.

Now THAT, is my predictions for what the next 100 years will bring decade by decade. Going wild on things considered sci-fi, even outlandish in 2025 that might be your average day a century from now.

The pattern I see is this:

* Communication + machines = Radio (1920s)
* Radio + visual display = Television (1950s)
* Television + color = Colored TV (late 1960s)
* Colored TV + digitalization and interactivity = Personal Computers (1980s)
* Personal Computers + networking = Internet (1990s)
* Internet + human connection = Social media (late 2000s-10s)
* Social media + personalization = Social media algorithms (mid 2010s-20s)
* Social media algorithms + all data on the internet = Generative AI (2020s)

I use that pattern to extrapolate from there based off combining a technology with another technology or noun that gives rise to new technologies, and this is how I essentially try to predict future trends. The only hard part is what to combine with AI from here, so I went on this path:

* Generative AI + AR = Personalized AI companions (2030s)
* Personalized AI companions + networking = AI intelligence explosion (late 2040s-50s)
* AI intelligence explosion + brain data = ThoughtNet (late 2060s-70s)
* ThoughtNet + skills and your DNA data = Downloadable skill pills (late 2080s)
* Downloadable skill pills + enshittification = Skill pirates (mid 2090s)
* Skill pirates + AI encapsulation = Digital hivemind (mid-late 2100s)
* Digital hivemind + personalities = Downloadable personality modules (2110s)
* Downloadable personality modules + AI mind history = Synthetic historic minds (2120s)

An internet of thoughts in the 2060s, downloadable skills in the 2080s, skill pills and skill piracy in the 2090s, and downloadable personality modules in the 2110s. They all sound absurd today. So does the idea of your personal data on the internet being treated as a commodity for targeted ads, and the idea of websites psychologically designing them to hold your attention for ad revenue for someone in the late 1990s. Going on strange, sometimes uncomfortable paths is how I made these predictions.

Whatever strange thing you envision for the next 100 years, what do YOU predict to see by then? If you wish to extend this absurd timeline in the late 2120s, the 2130s and beyond, what might you envision? If you have a different path starting from today's generative AI in the 2020s for the next century (or decade if a century is too far into the future), what might it be? Let's go wild!",autonomous surgery,Cautious or mixed about autonomous surgery,0.3244290053844452,0,https://reddit.com/r/decadeology/comments/1n6vhc4/my_predictions_for_the_next_century_decade_by/
comment,nc3gunn,1n6vhc4,decadeology,hereforthebump,1756853070.0,32,"Well, I for one will not be submitting to the robot overlords. Lol",autonomous surgery,Cautious or mixed about autonomous surgery,0.5177352428436279,1,https://reddit.com/r/decadeology/comments/1n6vhc4/my_predictions_for_the_next_century_decade_by/nc3gunn/
comment,nc45qxh,nc3gunn,decadeology,appleparkfive,1756861769.0,24,"I think people are just gonna reject most technology in like 20 years and greatly simplify. That's more likely what I'll see happen. 

We'll still have advancements with AI and tools, but these futuristic ideas always forget that people like to go camping and hiking and do shit we've done since the dawn of mankind.",autonomous surgery,Cautious or mixed about autonomous surgery,0.638361930847168,2,https://reddit.com/r/decadeology/comments/1n6vhc4/my_predictions_for_the_next_century_decade_by/nc45qxh/
comment,nc56d9n,nc45qxh,decadeology,ratshaman,1756876615.0,11,Hope that comes sooner than later,autonomous surgery,Neutral or informational about autonomous surgery,0.4781516492366791,3,https://reddit.com/r/decadeology/comments/1n6vhc4/my_predictions_for_the_next_century_decade_by/nc56d9n/
comment,nc5qs8j,nc45qxh,decadeology,1997PRO,1756888192.0,2,And gaming on AI generated PlayStation,autonomous surgery,Neutral or informational about autonomous surgery,0.49576640129089355,3,https://reddit.com/r/decadeology/comments/1n6vhc4/my_predictions_for_the_next_century_decade_by/nc5qs8j/
comment,nc6l3er,nc45qxh,decadeology,boiledviolins,1756902869.0,1,Any precedent for that technological simplificiation?,autonomous surgery,Neutral or informational about autonomous surgery,0.46018895506858826,3,https://reddit.com/r/decadeology/comments/1n6vhc4/my_predictions_for_the_next_century_decade_by/nc6l3er/
comment,ncb0v8y,nc45qxh,decadeology,Teganfff,1756952837.0,1,"For a minute I thought I was just getting old. But some of the kids I’ve hired are also eager to distance themselves from tech and be less connected to their phones and social media. 

That gives me hope.",autonomous surgery,Cautious or mixed about autonomous surgery,0.44558924436569214,3,https://reddit.com/r/decadeology/comments/1n6vhc4/my_predictions_for_the_next_century_decade_by/ncb0v8y/
comment,nc4l7vt,1n6vhc4,decadeology,CreakRaving,1756867321.0,28,Love how it goes from gradient logos and food delivery apps to corporations being forced to become democracies and a population graph of Mars,autonomous surgery,Neutral or informational about autonomous surgery,0.3539201021194458,1,https://reddit.com/r/decadeology/comments/1n6vhc4/my_predictions_for_the_next_century_decade_by/nc4l7vt/
comment,nc4vqww,nc4l7vt,decadeology,deleted,1756871579.0,10,"It’s impossible to make even vaguely possible predictions on a small scale 100 years in the future. The further out you go the bigger you need to think. But everything OP posted is probably wrong anyway. The future will be very strange, illogical, maybe even baffling from our perspective. 0% of people in 1930 could have known we’d all be addicted to our phones or that South Korea would become a tastemaker or that Fred trumps son would be one of the most consequential presidents in American history.",autonomous surgery,Cautious or mixed about autonomous surgery,0.4588931202888489,2,https://reddit.com/r/decadeology/comments/1n6vhc4/my_predictions_for_the_next_century_decade_by/nc4vqww/
comment,nc6d16o,nc4vqww,decadeology,Lucky-Royal-6156,1756899809.0,2,Well in the 30s he didn't have a son so,autonomous surgery,Cautious or mixed about autonomous surgery,0.41796159744262695,3,https://reddit.com/r/decadeology/comments/1n6vhc4/my_predictions_for_the_next_century_decade_by/nc6d16o/
comment,nc3i05r,1n6vhc4,decadeology,Available_Bar_371,1756853460.0,14,"okay hear me out, the 2020s gradient aesthetic is actually pretty peak tho",autonomous surgery,Cautious or mixed about autonomous surgery,0.5841078758239746,1,https://reddit.com/r/decadeology/comments/1n6vhc4/my_predictions_for_the_next_century_decade_by/nc3i05r/
comment,nc6d272,nc3i05r,decadeology,Lucky-Royal-6156,1756899820.0,5,I like gradients,autonomous surgery,Cautious or mixed about autonomous surgery,0.42105528712272644,2,https://reddit.com/r/decadeology/comments/1n6vhc4/my_predictions_for_the_next_century_decade_by/nc6d272/
comment,nd2rb0l,nc6d272,decadeology,ParkingJudge67,1757335816.0,2,same here i thought my opinion was unpopular,autonomous surgery,Cautious or mixed about autonomous surgery,0.551031231880188,3,https://reddit.com/r/decadeology/comments/1n6vhc4/my_predictions_for_the_next_century_decade_by/nd2rb0l/
comment,nc4enrb,1n6vhc4,decadeology,ragazzzone,1756864902.0,18,Wow i just realized im going to die,autonomous surgery,Opposed to autonomous surgery,0.526082456111908,1,https://reddit.com/r/decadeology/comments/1n6vhc4/my_predictions_for_the_next_century_decade_by/nc4enrb/
comment,nc4asmj,1n6vhc4,decadeology,tsesarevichalexei,1756863542.0,8,This is very well made. Good job!,autonomous surgery,Neutral or informational about autonomous surgery,0.38743552565574646,1,https://reddit.com/r/decadeology/comments/1n6vhc4/my_predictions_for_the_next_century_decade_by/nc4asmj/
comment,ncb6vg1,nc4asmj,decadeology,Future_Campaign3872,1756955167.0,1,Surprisingly lol,autonomous surgery,Neutral or informational about autonomous surgery,0.40241125226020813,2,https://reddit.com/r/decadeology/comments/1n6vhc4/my_predictions_for_the_next_century_decade_by/ncb6vg1/
